strategy_id,frequency,complexity_level,pre_tax_cagr,after_tax_cagr,terminal_after_tax_cagr,pre_tax_ending_value,after_tax_ending_value,max_drawdown,after_tax_max_drawdown,sharpe,after_tax_sharpe,calmar,after_tax_calmar,turnover,after_tax_turnover,trades,after_tax_trades,Goal_A,Goal_B,Goal_C,qqq_dominance,nominal_pairwise_evidence,holm_adjusted_evidence,bh_adjusted_evidence,white_rc_scope,dsr_status,slippage_survival,execution_survival,start_date_survival,tax_robustness_summary,incremental_complexity_evidence,notes
QQQ_BUY_HOLD,none,benchmark,0.1995587275361434,0.1995587275361434,0.1815544866523757,1200509.8917711389,1200509.8917711389,-0.351187300463749,-0.351187300463749,0.978979692673286,0.978979692673286,0.5682401592330436,0.5682401592330436,0.0,0.0,1,1,False,False,False,False,benchmark reference; no pairwise strategy claim,benchmark reference; no pairwise strategy claim,benchmark reference; no pairwise strategy claim,FINAL_OOS_PATH_FAMILY_WHITE_REALITY_CHECK; 16 final OOS paths; global block-20 p=0.010299; no individual superiority,DSR_NOT_IDENTIFIABLE_FROM_FROZEN_ARTIFACTS,benchmark reference,benchmark reference,benchmark reference,benchmark tax-neutral reference,not applicable,No composite scoring; no live frequency or production designation.
FIXED_MA200_QQQ_TO_QLD,weekly,fixed_rule,0.2887055380603327,0.2433653866709211,0.2386344414877867,3195983.088569843,1959465.65990486,-0.4915442013074271,-0.4915442013074271,0.9334520392252198,0.8147642512203888,0.5873440013989042,0.4951037689461273,1.6102409558900648,1.6102409558900646,23,23,False,False,True,False,A_FIXED_MA200_VS_QQQ; nominal primary block-20 p=0.015398; P(difference>0)=0.9780,Holm p=0.253775; survives alpha=.05=False,"BH q=0.043996; FDR control, not FWER",FINAL_OOS_PATH_FAMILY_WHITE_REALITY_CHECK; 16 final OOS paths; global block-20 p=0.010299; no individual superiority,DSR_NOT_IDENTIFIABLE_FROM_FROZEN_ARTIFACTS,slippage CAGR>QQQ survival 4 / 4; QQQ dominance 0 / 14; descriptive,execution CAGR>QQQ survival 3 / 3; QQQ dominance 0 / 14; descriptive,start CAGR>QQQ survival 6 / 6; QQQ dominance 0 / 14; descriptive,realized tax=350266.46; terminal tax=98441.58; terminal cost=979.73; descriptive,simpler fixed baseline,No composite scoring; no live frequency or production designation.
FIXED_MA200_QQQ_TO_QLD,monthly,fixed_rule,0.2793823195597005,0.2341356381230044,0.232285368855226,2894225.921302085,1769857.633320696,-0.517154219036865,-0.5277782114525625,0.8901940311565006,0.7785336829239019,0.5402301852627541,0.4436250550749552,1.1710843315564108,1.1710843315564108,17,17,False,False,False,False,A_FIXED_MA200_VS_QQQ; nominal primary block-20 p=0.014099; P(difference>0)=0.9833,Holm p=0.253775; survives alpha=.05=False,"BH q=0.043996; FDR control, not FWER",FINAL_OOS_PATH_FAMILY_WHITE_REALITY_CHECK; 16 final OOS paths; global block-20 p=0.010299; no individual superiority,DSR_NOT_IDENTIFIABLE_FROM_FROZEN_ARTIFACTS,slippage CAGR>QQQ survival 4 / 4; QQQ dominance 0 / 14; descriptive,execution CAGR>QQQ survival 3 / 3; QQQ dominance 0 / 14; descriptive,start CAGR>QQQ survival 6 / 6; QQQ dominance 0 / 14; descriptive,realized tax=381545.94; terminal tax=35016.92; terminal cost=884.93; descriptive,simpler fixed baseline,No composite scoring; no live frequency or production designation.
FIXED_MA200_QQQ_TO_QLD,bimonthly,fixed_rule,0.3240425847073214,0.2774853532920951,0.2705006220600232,4624614.666887557,2836157.035227638,-0.517154219036865,-0.517154219036865,0.9571542490899978,0.8511128880871827,0.6265879166775631,0.5365620990366797,0.7319277072227567,0.7319277072227567,11,11,False,False,False,False,A_FIXED_MA200_VS_QQQ; nominal primary block-20 p=0.001000; P(difference>0)=0.9988,Holm p=0.019998; survives alpha=.05=True,"BH q=0.012999; FDR control, not FWER",FINAL_OOS_PATH_FAMILY_WHITE_REALITY_CHECK; 16 final OOS paths; global block-20 p=0.010299; no individual superiority,DSR_NOT_IDENTIFIABLE_FROM_FROZEN_ARTIFACTS,slippage CAGR>QQQ survival 4 / 4; QQQ dominance 0 / 14; descriptive,execution CAGR>QQQ survival 3 / 3; QQQ dominance 0 / 14; descriptive,start CAGR>QQQ survival 6 / 6; QQQ dominance 0 / 14; descriptive,realized tax=442174.25; terminal tax=203215.67; terminal cost=1418.08; descriptive,simpler fixed baseline,No composite scoring; no live frequency or production designation.
FIXED_MA200_QQQ_TO_QLD,quarterly,fixed_rule,0.2056553819502566,0.1698806725755826,0.1698378385455725,1286585.6849092103,852619.0391875535,-0.517154219036865,-0.540984034685682,0.713081924083211,0.6234478883509681,0.3976674159852434,0.3140216007932382,0.8783132486673081,0.8783132486673081,13,13,False,False,False,False,A_FIXED_MA200_VS_QQQ; nominal primary block-20 p=0.194481; P(difference>0)=0.8024,Holm p=1.000000; survives alpha=.05=False,"BH q=0.316276; FDR control, not FWER",FINAL_OOS_PATH_FAMILY_WHITE_REALITY_CHECK; 16 final OOS paths; global block-20 p=0.010299; no individual superiority,DSR_NOT_IDENTIFIABLE_FROM_FROZEN_ARTIFACTS,slippage CAGR>QQQ survival 4 / 4; QQQ dominance 0 / 14; descriptive,execution CAGR>QQQ survival 2 / 3; QQQ dominance 0 / 14; descriptive,start CAGR>QQQ survival 1 / 6; QQQ dominance 0 / 14; descriptive,realized tax=203285.19; terminal tax=0.00; terminal cost=426.31; descriptive,simpler fixed baseline,No composite scoring; no live frequency or production designation.
PHASE7A_FIXED_FOUR_STATE,weekly,state_machine,0.2937149320071264,0.2463491449606094,0.2416068467214387,3369913.069968776,2024678.608711297,-0.491544201307427,-0.4915442013074271,0.9330037812350775,0.821616870833453,0.5975351376862809,0.5011739418456388,4.23282511433443,4.238145732662698,715,715,False,False,True,False,B_PHASE7A_VS_QQQ; nominal primary block-20 p=0.014199; P(difference>0)=0.9796,Holm p=0.253775; survives alpha=.05=False,"BH q=0.043996; FDR control, not FWER",FINAL_OOS_PATH_FAMILY_WHITE_REALITY_CHECK; 16 final OOS paths; global block-20 p=0.010299; no individual superiority,DSR_NOT_IDENTIFIABLE_FROM_FROZEN_ARTIFACTS,slippage CAGR>QQQ survival 4 / 4; QQQ dominance 0 / 14; descriptive,execution CAGR>QQQ survival 3 / 3; QQQ dominance 0 / 14; descriptive,start CAGR>QQQ survival 6 / 6; QQQ dominance 0 / 14; descriptive,realized tax=362772.15; terminal tax=101717.82; terminal cost=1012.34; descriptive,NOT_JUSTIFIED,No composite scoring; no live frequency or production designation.
PHASE7A_FIXED_FOUR_STATE,monthly,state_machine,0.2805995188237353,0.2328077998677233,0.2309595213522093,2932064.4400988813,1744023.815884655,-0.517154219036865,-0.5171542190368649,0.8795691845862122,0.7694509569865967,0.5425838337862096,0.4501709379869293,2.6882107735684126,2.68827503817139,211,211,False,False,False,False,B_PHASE7A_VS_QQQ; nominal primary block-20 p=0.014699; P(difference>0)=0.9835,Holm p=0.253775; survives alpha=.05=False,"BH q=0.043996; FDR control, not FWER",FINAL_OOS_PATH_FAMILY_WHITE_REALITY_CHECK; 16 final OOS paths; global block-20 p=0.010299; no individual superiority,DSR_NOT_IDENTIFIABLE_FROM_FROZEN_ARTIFACTS,slippage CAGR>QQQ survival 4 / 4; QQQ dominance 0 / 14; descriptive,execution CAGR>QQQ survival 3 / 3; QQQ dominance 0 / 14; descriptive,start CAGR>QQQ survival 6 / 6; QQQ dominance 0 / 14; descriptive,realized tax=375604.56; terminal tax=34505.80; terminal cost=872.01; descriptive,NOT_JUSTIFIED,No composite scoring; no live frequency or production designation.
PHASE7A_FIXED_FOUR_STATE,bimonthly,state_machine,0.3277392547493842,0.2763807300483929,0.2707990459643554,4804128.440633415,2802842.30092145,-0.5306679735877728,-0.532755752914756,0.9498271662767692,0.8412572480370397,0.617597577132052,0.5187756838594204,1.6592188537094277,1.6591224022625333,107,107,False,False,False,False,B_PHASE7A_VS_QQQ; nominal primary block-20 p=0.001300; P(difference>0)=0.9990,Holm p=0.024698; survives alpha=.05=True,"BH q=0.012999; FDR control, not FWER",FINAL_OOS_PATH_FAMILY_WHITE_REALITY_CHECK; 16 final OOS paths; global block-20 p=0.010299; no individual superiority,DSR_NOT_IDENTIFIABLE_FROM_FROZEN_ARTIFACTS,slippage CAGR>QQQ survival 4 / 4; QQQ dominance 0 / 14; descriptive,execution CAGR>QQQ survival 3 / 3; QQQ dominance 0 / 14; descriptive,start CAGR>QQQ survival 6 / 6; QQQ dominance 0 / 14; descriptive,realized tax=486083.38; terminal tax=161462.17; terminal cost=1401.42; descriptive,NOT_JUSTIFIED,No composite scoring; no live frequency or production designation.
PHASE7A_FIXED_FOUR_STATE,quarterly,state_machine,0.1994251677938192,0.1649368520070784,0.1648941989901953,1198685.4204534946,804698.860108072,-0.556323987243875,-0.556323987243875,0.6824833525704452,0.6017785127848664,0.3584694752814918,0.2964762544649639,1.5752772776706632,1.5716818591352535,87,87,False,False,False,False,B_PHASE7A_VS_QQQ; nominal primary block-20 p=0.205579; P(difference>0)=0.7950,Holm p=1.000000; survives alpha=.05=False,"BH q=0.316276; FDR control, not FWER",FINAL_OOS_PATH_FAMILY_WHITE_REALITY_CHECK; 16 final OOS paths; global block-20 p=0.010299; no individual superiority,DSR_NOT_IDENTIFIABLE_FROM_FROZEN_ARTIFACTS,slippage CAGR>QQQ survival 1 / 4; QQQ dominance 0 / 14; descriptive,execution CAGR>QQQ survival 1 / 3; QQQ dominance 0 / 14; descriptive,start CAGR>QQQ survival 0 / 6; QQQ dominance 0 / 14; descriptive,realized tax=190426.99; terminal tax=0.00; terminal cost=402.35; descriptive,NOT_JUSTIFIED,No composite scoring; no live frequency or production designation.
PHASE7B_MODEL_A_SELECTED,weekly,walk_forward_context_model_a,0.0424375513845263,0.035431257699483,0.035431257699483,176420.1070078797,160895.36226922896,-0.491544201307427,-0.491544201307427,0.2986707890254941,0.2692436485633181,0.0863351683768202,0.072081529199697,1.0979098544534107,1.0979098544534107,16,16,False,False,False,False,D_PHASE7B_MODEL_A_VS_FIXED; nominal primary block-20 p=1.000000; P(difference>0)=0.0000,Holm p=1.000000; survives alpha=.05=False,"BH q=1.000000; FDR control, not FWER",FINAL_OOS_PATH_FAMILY_WHITE_REALITY_CHECK; 16 final OOS paths; global block-20 p=0.010299; no individual superiority,DSR_NOT_IDENTIFIABLE_FROM_FROZEN_ARTIFACTS,context-only,context-only,context-only,accepted after-tax path shown as context only,context-only failed-complexity comparison,No composite scoring; no live frequency or production designation.
PHASE7B_MODEL_A_SELECTED,monthly,walk_forward_context_model_a,0.0,0.0,0.0,100000.0,100000.0,0.0,0.0,0.0,0.0,0.0,0.0,0.0,0.0,0,0,False,False,False,False,D_PHASE7B_MODEL_A_VS_FIXED; nominal primary block-20 p=1.000000; P(difference>0)=0.0000,Holm p=1.000000; survives alpha=.05=False,"BH q=1.000000; FDR control, not FWER",FINAL_OOS_PATH_FAMILY_WHITE_REALITY_CHECK; 16 final OOS paths; global block-20 p=0.010299; no individual superiority,DSR_NOT_IDENTIFIABLE_FROM_FROZEN_ARTIFACTS,context-only,context-only,context-only,accepted after-tax path shown as context only,context-only failed-complexity comparison,No composite scoring; no live frequency or production designation.
PHASE7B_MODEL_A_SELECTED,bimonthly,walk_forward_context_model_a,0.0,0.0,0.0,100000.0,100000.0,0.0,0.0,0.0,0.0,0.0,0.0,0.0,0.0,0,0,False,False,False,False,D_PHASE7B_MODEL_A_VS_FIXED; nominal primary block-20 p=1.000000; P(difference>0)=0.0000,Holm p=1.000000; survives alpha=.05=False,"BH q=1.000000; FDR control, not FWER",FINAL_OOS_PATH_FAMILY_WHITE_REALITY_CHECK; 16 final OOS paths; global block-20 p=0.010299; no individual superiority,DSR_NOT_IDENTIFIABLE_FROM_FROZEN_ARTIFACTS,context-only,context-only,context-only,accepted after-tax path shown as context only,context-only failed-complexity comparison,No composite scoring; no live frequency or production designation.
PHASE7B_MODEL_A_SELECTED,quarterly,walk_forward_context_model_a,0.0,0.0,0.0,100000.0,100000.0,0.0,0.0,0.0,0.0,0.0,0.0,0.0,0.0,0,0,False,False,False,False,D_PHASE7B_MODEL_A_VS_FIXED; nominal primary block-20 p=0.999600; P(difference>0)=0.0011,Holm p=1.000000; survives alpha=.05=False,"BH q=1.000000; FDR control, not FWER",FINAL_OOS_PATH_FAMILY_WHITE_REALITY_CHECK; 16 final OOS paths; global block-20 p=0.010299; no individual superiority,DSR_NOT_IDENTIFIABLE_FROM_FROZEN_ARTIFACTS,context-only,context-only,context-only,accepted after-tax path shown as context only,context-only failed-complexity comparison,No composite scoring; no live frequency or production designation.
PHASE7B_MODEL_B_SELECTED,weekly,walk_forward_context_model_b,0.0665677293821049,0.0552638926100588,0.0552638926100588,241155.92858642736,208493.33847567852,-0.491544201307427,-0.4915442013074271,0.3845153740230598,0.3419925496336853,0.1354257240855364,0.1124291415971664,3.642803200870556,3.643812624465536,294,294,False,False,False,False,E_PHASE7B_MODEL_B_VS_MODEL_A; nominal primary block-20 p=0.127087; P(difference>0)=0.8764,Holm p=1.000000; survives alpha=.05=False,"BH q=0.282416; FDR control, not FWER",FINAL_OOS_PATH_FAMILY_WHITE_REALITY_CHECK; 16 final OOS paths; global block-20 p=0.010299; no individual superiority,DSR_NOT_IDENTIFIABLE_FROM_FROZEN_ARTIFACTS,context-only,context-only,context-only,accepted after-tax path shown as context only,context-only failed-complexity comparison,No composite scoring; no live frequency or production designation.
PHASE7B_MODEL_B_SELECTED,monthly,walk_forward_context_model_b,0.0542049865105511,0.0443467066481286,0.0443467066481286,205653.7497078549,180884.92359253223,-0.517154219036865,-0.517154219036865,0.337035332697107,0.300114057909899,0.1048139694412648,0.0857514161456883,1.370358923334479,1.36956895473911,84,84,False,False,False,False,E_PHASE7B_MODEL_B_VS_MODEL_A; nominal primary block-20 p=0.058494; P(difference>0)=0.9359,Holm p=0.760424; survives alpha=.05=False,"BH q=0.146235; FDR control, not FWER",FINAL_OOS_PATH_FAMILY_WHITE_REALITY_CHECK; 16 final OOS paths; global block-20 p=0.010299; no individual superiority,DSR_NOT_IDENTIFIABLE_FROM_FROZEN_ARTIFACTS,context-only,context-only,context-only,accepted after-tax path shown as context only,context-only failed-complexity comparison,No composite scoring; no live frequency or production designation.
PHASE7B_MODEL_B_SELECTED,bimonthly,walk_forward_context_model_b,0.1002619116384073,0.0841731570480686,0.0841731570480686,368808.2710305418,301590.2482893787,-0.5306679735877728,-0.5306679735877728,0.4943673668406599,0.4378990070401982,0.1889352978295457,0.1586173676149806,0.7799493190308153,0.7800689549898169,45,45,False,False,False,False,E_PHASE7B_MODEL_B_VS_MODEL_A; nominal primary block-20 p=0.015298; P(difference>0)=0.9880,Holm p=0.253775; survives alpha=.05=False,"BH q=0.043996; FDR control, not FWER",FINAL_OOS_PATH_FAMILY_WHITE_REALITY_CHECK; 16 final OOS paths; global block-20 p=0.010299; no individual superiority,DSR_NOT_IDENTIFIABLE_FROM_FROZEN_ARTIFACTS,context-only,context-only,context-only,accepted after-tax path shown as context only,context-only failed-complexity comparison,No composite scoring; no live frequency or production designation.
PHASE7B_MODEL_B_SELECTED,quarterly,walk_forward_context_model_b,0.0,0.0,0.0,100000.0,100000.0,0.0,0.0,0.0,0.0,0.0,0.0,0.0,0.0,0,0,False,False,False,False,E_PHASE7B_MODEL_B_VS_MODEL_A; nominal primary block-20 p=1.000000; P(difference>0)=0.0000,Holm p=1.000000; survives alpha=.05=False,"BH q=1.000000; FDR control, not FWER",FINAL_OOS_PATH_FAMILY_WHITE_REALITY_CHECK; 16 final OOS paths; global block-20 p=0.010299; no individual superiority,DSR_NOT_IDENTIFIABLE_FROM_FROZEN_ARTIFACTS,context-only,context-only,context-only,accepted after-tax path shown as context only,context-only failed-complexity comparison,No composite scoring; no live frequency or production designation.
