claim_id,claim,evidence_type,source_phase,source_run,source_artifact,source_row/filter,interpretation_limit
FIXED_VS_QQQ,"Fixed MA200 has positive nominal OOS return evidence versus QQQ in weekly, monthly, and bimonthly frequencies; quarterly is not nominally positive-significant.",economic OOS + pairwise,8A/8B-1,20260914_phase8a_oos_evidence_consolidation_final; 20260914_phase8b1_null_test_remediation_candidate,oos_champion_table.csv; stationary_bootstrap_results.csv,Fixed rows; A_FIXED_MA200_VS_QQQ primary block-20 rows,Positive return evidence does not establish drawdown dominance or individual superiority.
FIXED_MULTIPLICITY,Only Fixed bimonthly versus QQQ survives both Bonferroni and Holm in the frozen 20-test family.,multiplicity-adjusted,8B-2,20260915_phase8b2_dsr_remediation_candidate,multiple_testing_adjustments.csv,adjustment_scope=confirmatory_20; comparison_family=A,The family is fixed at 20 tests; this is not a frequency-selection rule.
PHASE7A_VS_QQQ,"Phase7A has positive nominal OOS return evidence versus QQQ in weekly, monthly, and bimonthly frequencies.",economic OOS + pairwise,8A/8B-1,20260914_phase8a_oos_evidence_consolidation_final; 20260914_phase8b1_null_test_remediation_candidate,oos_champion_table.csv; stationary_bootstrap_results.csv,Phase7A rows; B_PHASE7A_VS_QQQ primary block-20 rows,This is not evidence of incremental value over Fixed MA200.
PHASE7A_INCREMENT,Phase7A does not demonstrate credible incremental return evidence over Fixed MA200.,pairwise + complexity robustness,8B-1/8B-2/8C,20260914_phase8b1_null_test_remediation_candidate; 20260915_phase8b2_dsr_remediation_candidate; 20260915_phase8c_final_robustness_audit,stationary_bootstrap_results.csv; multiple_testing_adjustments.csv; phase7a_vs_fixed_ma200_robustness.csv,C_PHASE7A_INCREMENTAL_VS_FIXED; Phase8C baseline and 14-scenario matched rows,Descriptive positive counts are not a combined score or selection device.
PHASE7B_CONTEXT,Phase7B remains failed-complexity context: NO_ELIGIBLE_PARAMETER folds use CASH_FALLBACK and do not demonstrate value over Fixed.,walk-forward context,7B/8A/8B-1,20260914_phase7b_turnover_audit_final; 20260914_phase8a_oos_evidence_consolidation_final; 20260914_phase8b1_null_test_remediation_candidate,phase7b_report.md; oos_champion_table.csv; stationary_bootstrap_results.csv,NO_ELIGIBLE_PARAMETER/CASH_FALLBACK report rows; D/E primary rows,Model A/B rows are context only; a conditional comparison does not resurrect the model.
BONFERRONI_SURVIVORS,Bonferroni survivors are A bimonthly and B bimonthly only.,FWER adjustment,8B-2,20260915_phase8b2_dsr_remediation_candidate,multiple_testing_adjustments.csv,confirmatory_20; bonferroni_p_value < .05,Bonferroni controls family-wise error under the frozen family.
HOLM_SURVIVORS,Holm survivors are A bimonthly and B bimonthly only.,FWER adjustment,8B-2,20260915_phase8b2_dsr_remediation_candidate,multiple_testing_adjustments.csv,confirmatory_20; holm_p_value < .05,Holm is a step-down FWER procedure; it does not prove an individual path is superior.
BH_SURVIVORS,"BH q<.05 survivors are A weekly/monthly/bimonthly, B weekly/monthly/bimonthly, and E Model-B-versus-Model-A bimonthly.",FDR adjustment,8B-2,20260915_phase8b2_dsr_remediation_candidate,multiple_testing_adjustments.csv,confirmatory_20; benjamini_hochberg_q_value < .05,"BH controls FDR, not FWER."
WHITE_RC,The accepted White Reality Check is a global 16-path final OOS family test with primary block-20 p=0.010299.,global data-snooping test,8B-2,20260915_phase8b2_dsr_remediation_candidate,data_snooping_test_results.csv,white_reality_check; expected_block_length=20; block_role=PRIMARY,"It does not identify an individually superior path and does not include all 4,164 historical trials."
DSR_BOUNDARY,Numerical DSR/SR* is not identifiable from the frozen artifacts.,methodological limitation,8B-2,20260915_phase8b2_dsr_remediation_candidate,deflated_sharpe_results.csv; dsr_trial_universe_audit.csv,status=DSR_NOT_IDENTIFIABLE_FROM_FROZEN_ARTIFACTS; sr_star/dsr columns null,No numerical DSR probability is generated in Phase8D.
SLIPPAGE_ROBUSTNESS,Accepted Phase8C slippage survival remains descriptive and shows positive CAGR-versus-QQQ counts for the primary strategies.,robustness,8C,20260915_phase8c_final_robustness_audit,robustness_survival_summary.csv; slippage_sensitivity.csv,primary strategy/frequency rows,Survival counts do not establish a live guarantee.
EXECUTION_ROBUSTNESS,Accepted execution-case and start-date sensitivities are reported without changing the frozen baseline path.,robustness,8C,20260915_phase8c_final_robustness_audit,robustness_survival_summary.csv; execution_sensitivity.csv; start_date_sensitivity.csv,primary strategy/frequency rows,"These are descriptive implementation sensitivities, not new inferential tests."
TAX_ROBUSTNESS,Taxes reduce after-tax CAGR and terminal liquidation diagnostics are non-mutating; tax effects are material and frequency-dependent.,tax/economic,8A/8C,20260914_phase8a_oos_evidence_consolidation_final; 20260915_phase8c_final_robustness_audit,oos_champion_table.csv; tax_robustness.csv,after-tax and terminal columns; baseline rows,Terminal liquidation is a diagnostic and is excluded from turnover and ledger state.
FREQUENCY_DISPERSION,"CAGR, drawdown, Calmar, Sharpe, and turnover vary across all four frequencies.",robustness dispersion,8C,20260915_phase8c_final_robustness_audit,frequency_robustness.csv,strategy_id × tax_mode rows,Dispersion is descriptive; no historical frequency is selected.
GOAL_SCORECARD,"The frozen Goal A/B/C results are evaluated exactly for every primary/context strategy and frequency, separately pre-tax and after-tax.",frozen objective scorecard,8D,20260915_phase8d_final_research_verdict,original_goal_scorecard.csv,all 16 strategy-frequency-tax rows,Goals are not weakened or merged after observing results.
QQQ_DOMINANCE,The frozen three-condition QQQ dominance rule remains separate from Goal A and is not satisfied by the primary paths because their drawdowns are materially deeper.,frozen dominance rule,8A/8C/8D,20260914_phase8a_oos_evidence_consolidation_final; 20260915_phase8c_final_robustness_audit; 20260915_phase8d_final_research_verdict,oos_champion_table.csv; qqq_relative_robustness.csv; final_evidence_matrix.csv,three-condition formula; qqq_dominance column,Positive CAGR alone is not risk dominance.
FIXED_CLASSIFICATION,"Fixed MA200 evidence is classified MODERATE: OOS and adjusted return evidence exists, but risk dominance and universal frequency robustness do not.",research classification,8A/8B-1/8B-2/8C/8D,20260914_phase8a_oos_evidence_consolidation_final; 20260914_phase8b1_null_test_remediation_candidate; 20260915_phase8b2_dsr_remediation_candidate; 20260915_phase8c_final_robustness_audit; 20260915_phase8d_final_research_verdict,final_evidence_matrix.csv; complexity_incremental_evidence.csv,Fixed rows and accepted evidence hierarchy,"MODERATE is a rule-based research label, not a live recommendation."
COMPLEXITY_CLASSIFICATION,Phase7A incremental-complexity evidence is classified NOT_JUSTIFIED against Fixed MA200.,complexity governance,8B-1/8B-2/8C/8D,20260914_phase8b1_null_test_remediation_candidate; 20260915_phase8b2_dsr_remediation_candidate; 20260915_phase8c_final_robustness_audit; 20260915_phase8d_final_research_verdict,complexity_incremental_evidence.csv,matched frequency and 14-scenario rows,This prefers the simpler model family for future validation; it does not select a frequency.
PAPER_DECISION,"The evidence supports proceeding to prospective PAPER_TRADING_VALIDATION, not real-money deployment.",deployment-evidence governance,8D,20260915_phase8d_final_research_verdict,phase8d_final_research_verdict.md; phase8d_configuration.json,paper_decision and conditions sections,Any thresholds require REQUIRES_PROSPECTIVE_FREEZE_BEFORE_PAPER_TRADING.
FINAL_CLASSIFICATION,The overall research classification is PROMISING_BUT_INSUFFICIENT.,final synthesis,8D,20260915_phase8d_final_research_verdict,phase8d_final_research_verdict.md; final_evidence_matrix.csv,executive verdict and final classification,No live deployment recommendation is made.
NO_NEW_ANALYSIS,"Phase8D performs no new backtest, path regeneration, strategy/parameter addition, hypothesis test, p-value family, or numerical DSR.",governance boundary,8D,20260915_phase8d_final_research_verdict,phase8d_configuration.json; phase8d_audit_diff.md,frozen-input and no-engine assertions,A future numerical DSR requires a prospectively designed comparable trial universe.
