strategy_id,frequency,tax_mode,start_date,end_date,cagr,max_drawdown,calmar,qqq_cagr,qqq_max_drawdown,qqq_calmar,Goal_A,Goal_B,Goal_C,qqq_dominance,goal_A_definition,goal_B_definition,goal_C_definition
FIXED_MA200_QQQ_TO_QLD,weekly,pre_tax,2013-01-02,2026-08-31,0.2887055380603327,-0.4915442013074271,0.5873440013989042,0.1995587275361434,-0.351187300463749,0.5682401592330436,False,False,True,False,cagr > qqq_cagr AND max_drawdown >= qqq_max_drawdown,cagr >= qqq_cagr + 0.03 AND max_drawdown >= -0.45,cagr >= 0.25 AND max_drawdown >= -0.50
FIXED_MA200_QQQ_TO_QLD,weekly,after_tax,2013-01-02,2026-08-31,0.2433653866709211,-0.4915442013074271,0.4951037689461273,0.1995587275361434,-0.351187300463749,0.5682401592330436,False,False,False,False,cagr > qqq_cagr AND max_drawdown >= qqq_max_drawdown,cagr >= qqq_cagr + 0.03 AND max_drawdown >= -0.45,cagr >= 0.25 AND max_drawdown >= -0.50
FIXED_MA200_QQQ_TO_QLD,monthly,pre_tax,2013-01-02,2026-08-31,0.2793823195597005,-0.517154219036865,0.5402301852627541,0.1995587275361434,-0.351187300463749,0.5682401592330436,False,False,False,False,cagr > qqq_cagr AND max_drawdown >= qqq_max_drawdown,cagr >= qqq_cagr + 0.03 AND max_drawdown >= -0.45,cagr >= 0.25 AND max_drawdown >= -0.50
FIXED_MA200_QQQ_TO_QLD,monthly,after_tax,2013-01-02,2026-08-31,0.2341356381230044,-0.5277782114525625,0.4436250550749552,0.1995587275361434,-0.351187300463749,0.5682401592330436,False,False,False,False,cagr > qqq_cagr AND max_drawdown >= qqq_max_drawdown,cagr >= qqq_cagr + 0.03 AND max_drawdown >= -0.45,cagr >= 0.25 AND max_drawdown >= -0.50
FIXED_MA200_QQQ_TO_QLD,bimonthly,pre_tax,2013-01-02,2026-08-31,0.3240425847073214,-0.517154219036865,0.6265879166775631,0.1995587275361434,-0.351187300463749,0.5682401592330436,False,False,False,False,cagr > qqq_cagr AND max_drawdown >= qqq_max_drawdown,cagr >= qqq_cagr + 0.03 AND max_drawdown >= -0.45,cagr >= 0.25 AND max_drawdown >= -0.50
FIXED_MA200_QQQ_TO_QLD,bimonthly,after_tax,2013-01-02,2026-08-31,0.2774853532920951,-0.517154219036865,0.5365620990366797,0.1995587275361434,-0.351187300463749,0.5682401592330436,False,False,False,False,cagr > qqq_cagr AND max_drawdown >= qqq_max_drawdown,cagr >= qqq_cagr + 0.03 AND max_drawdown >= -0.45,cagr >= 0.25 AND max_drawdown >= -0.50
FIXED_MA200_QQQ_TO_QLD,quarterly,pre_tax,2013-01-02,2026-08-31,0.2056553819502566,-0.517154219036865,0.3976674159852434,0.1995587275361434,-0.351187300463749,0.5682401592330436,False,False,False,False,cagr > qqq_cagr AND max_drawdown >= qqq_max_drawdown,cagr >= qqq_cagr + 0.03 AND max_drawdown >= -0.45,cagr >= 0.25 AND max_drawdown >= -0.50
FIXED_MA200_QQQ_TO_QLD,quarterly,after_tax,2013-01-02,2026-08-31,0.1698806725755826,-0.540984034685682,0.3140216007932382,0.1995587275361434,-0.351187300463749,0.5682401592330436,False,False,False,False,cagr > qqq_cagr AND max_drawdown >= qqq_max_drawdown,cagr >= qqq_cagr + 0.03 AND max_drawdown >= -0.45,cagr >= 0.25 AND max_drawdown >= -0.50
PHASE7A_FIXED_FOUR_STATE,weekly,pre_tax,2013-01-02,2026-08-31,0.2937149320071264,-0.491544201307427,0.5975351376862809,0.1995587275361434,-0.351187300463749,0.5682401592330436,False,False,True,False,cagr > qqq_cagr AND max_drawdown >= qqq_max_drawdown,cagr >= qqq_cagr + 0.03 AND max_drawdown >= -0.45,cagr >= 0.25 AND max_drawdown >= -0.50
PHASE7A_FIXED_FOUR_STATE,weekly,after_tax,2013-01-02,2026-08-31,0.2463491449606094,-0.4915442013074271,0.5011739418456388,0.1995587275361434,-0.351187300463749,0.5682401592330436,False,False,False,False,cagr > qqq_cagr AND max_drawdown >= qqq_max_drawdown,cagr >= qqq_cagr + 0.03 AND max_drawdown >= -0.45,cagr >= 0.25 AND max_drawdown >= -0.50
PHASE7A_FIXED_FOUR_STATE,monthly,pre_tax,2013-01-02,2026-08-31,0.2805995188237353,-0.517154219036865,0.5425838337862096,0.1995587275361434,-0.351187300463749,0.5682401592330436,False,False,False,False,cagr > qqq_cagr AND max_drawdown >= qqq_max_drawdown,cagr >= qqq_cagr + 0.03 AND max_drawdown >= -0.45,cagr >= 0.25 AND max_drawdown >= -0.50
PHASE7A_FIXED_FOUR_STATE,monthly,after_tax,2013-01-02,2026-08-31,0.2328077998677233,-0.5171542190368649,0.4501709379869293,0.1995587275361434,-0.351187300463749,0.5682401592330436,False,False,False,False,cagr > qqq_cagr AND max_drawdown >= qqq_max_drawdown,cagr >= qqq_cagr + 0.03 AND max_drawdown >= -0.45,cagr >= 0.25 AND max_drawdown >= -0.50
PHASE7A_FIXED_FOUR_STATE,bimonthly,pre_tax,2013-01-02,2026-08-31,0.3277392547493842,-0.5306679735877728,0.617597577132052,0.1995587275361434,-0.351187300463749,0.5682401592330436,False,False,False,False,cagr > qqq_cagr AND max_drawdown >= qqq_max_drawdown,cagr >= qqq_cagr + 0.03 AND max_drawdown >= -0.45,cagr >= 0.25 AND max_drawdown >= -0.50
PHASE7A_FIXED_FOUR_STATE,bimonthly,after_tax,2013-01-02,2026-08-31,0.2763807300483929,-0.532755752914756,0.5187756838594204,0.1995587275361434,-0.351187300463749,0.5682401592330436,False,False,False,False,cagr > qqq_cagr AND max_drawdown >= qqq_max_drawdown,cagr >= qqq_cagr + 0.03 AND max_drawdown >= -0.45,cagr >= 0.25 AND max_drawdown >= -0.50
PHASE7A_FIXED_FOUR_STATE,quarterly,pre_tax,2013-01-02,2026-08-31,0.1994251677938192,-0.556323987243875,0.3584694752814918,0.1995587275361434,-0.351187300463749,0.5682401592330436,False,False,False,False,cagr > qqq_cagr AND max_drawdown >= qqq_max_drawdown,cagr >= qqq_cagr + 0.03 AND max_drawdown >= -0.45,cagr >= 0.25 AND max_drawdown >= -0.50
PHASE7A_FIXED_FOUR_STATE,quarterly,after_tax,2013-01-02,2026-08-31,0.1649368520070784,-0.556323987243875,0.2964762544649639,0.1995587275361434,-0.351187300463749,0.5682401592330436,False,False,False,False,cagr > qqq_cagr AND max_drawdown >= qqq_max_drawdown,cagr >= qqq_cagr + 0.03 AND max_drawdown >= -0.45,cagr >= 0.25 AND max_drawdown >= -0.50
