rule,rule_family,legacy_rule,mapping,signal_assets,held_assets,frequency,momentum_window,searched_for_selection,selection_performed
RELATIVE_MOMENTUM_1X,RELATIVE_MOMENTUM_1X,RELATIVE_MOMENTUM_1X,1X,"SPY,QQQ","SPY,QQQ",weekly,126,False,False
RELATIVE_MOMENTUM_1X,RELATIVE_MOMENTUM_1X,RELATIVE_MOMENTUM_1X,1X,"SPY,QQQ","SPY,QQQ",weekly,189,False,False
RELATIVE_MOMENTUM_1X,RELATIVE_MOMENTUM_1X,RELATIVE_MOMENTUM_1X,1X,"SPY,QQQ","SPY,QQQ",weekly,252,False,False
RELATIVE_MOMENTUM_1X,RELATIVE_MOMENTUM_1X,RELATIVE_MOMENTUM_1X,1X,"SPY,QQQ","SPY,QQQ",monthly,126,False,False
RELATIVE_MOMENTUM_1X,RELATIVE_MOMENTUM_1X,RELATIVE_MOMENTUM_1X,1X,"SPY,QQQ","SPY,QQQ",monthly,189,False,False
RELATIVE_MOMENTUM_1X,RELATIVE_MOMENTUM_1X,RELATIVE_MOMENTUM_1X,1X,"SPY,QQQ","SPY,QQQ",monthly,252,False,False
RELATIVE_MOMENTUM_1X,RELATIVE_MOMENTUM_1X,RELATIVE_MOMENTUM_1X,1X,"SPY,QQQ","SPY,QQQ",bimonthly,126,False,False
RELATIVE_MOMENTUM_1X,RELATIVE_MOMENTUM_1X,RELATIVE_MOMENTUM_1X,1X,"SPY,QQQ","SPY,QQQ",bimonthly,189,False,False
RELATIVE_MOMENTUM_1X,RELATIVE_MOMENTUM_1X,RELATIVE_MOMENTUM_1X,1X,"SPY,QQQ","SPY,QQQ",bimonthly,252,False,False
RELATIVE_MOMENTUM_1X,RELATIVE_MOMENTUM_1X,RELATIVE_MOMENTUM_1X,1X,"SPY,QQQ","SPY,QQQ",quarterly,126,False,False
RELATIVE_MOMENTUM_1X,RELATIVE_MOMENTUM_1X,RELATIVE_MOMENTUM_1X,1X,"SPY,QQQ","SPY,QQQ",quarterly,189,False,False
RELATIVE_MOMENTUM_1X,RELATIVE_MOMENTUM_1X,RELATIVE_MOMENTUM_1X,1X,"SPY,QQQ","SPY,QQQ",quarterly,252,False,False
RELATIVE_MOMENTUM_2X,RELATIVE_MOMENTUM_2X,RELATIVE_MOMENTUM_2X,2X,"SPY,QQQ","SSO,QLD",weekly,126,False,False
RELATIVE_MOMENTUM_2X,RELATIVE_MOMENTUM_2X,RELATIVE_MOMENTUM_2X,2X,"SPY,QQQ","SSO,QLD",weekly,189,False,False
RELATIVE_MOMENTUM_2X,RELATIVE_MOMENTUM_2X,RELATIVE_MOMENTUM_2X,2X,"SPY,QQQ","SSO,QLD",weekly,252,False,False
RELATIVE_MOMENTUM_2X,RELATIVE_MOMENTUM_2X,RELATIVE_MOMENTUM_2X,2X,"SPY,QQQ","SSO,QLD",monthly,126,False,False
RELATIVE_MOMENTUM_2X,RELATIVE_MOMENTUM_2X,RELATIVE_MOMENTUM_2X,2X,"SPY,QQQ","SSO,QLD",monthly,189,False,False
RELATIVE_MOMENTUM_2X,RELATIVE_MOMENTUM_2X,RELATIVE_MOMENTUM_2X,2X,"SPY,QQQ","SSO,QLD",monthly,252,False,False
RELATIVE_MOMENTUM_2X,RELATIVE_MOMENTUM_2X,RELATIVE_MOMENTUM_2X,2X,"SPY,QQQ","SSO,QLD",bimonthly,126,False,False
RELATIVE_MOMENTUM_2X,RELATIVE_MOMENTUM_2X,RELATIVE_MOMENTUM_2X,2X,"SPY,QQQ","SSO,QLD",bimonthly,189,False,False
RELATIVE_MOMENTUM_2X,RELATIVE_MOMENTUM_2X,RELATIVE_MOMENTUM_2X,2X,"SPY,QQQ","SSO,QLD",bimonthly,252,False,False
RELATIVE_MOMENTUM_2X,RELATIVE_MOMENTUM_2X,RELATIVE_MOMENTUM_2X,2X,"SPY,QQQ","SSO,QLD",quarterly,126,False,False
RELATIVE_MOMENTUM_2X,RELATIVE_MOMENTUM_2X,RELATIVE_MOMENTUM_2X,2X,"SPY,QQQ","SSO,QLD",quarterly,189,False,False
RELATIVE_MOMENTUM_2X,RELATIVE_MOMENTUM_2X,RELATIVE_MOMENTUM_2X,2X,"SPY,QQQ","SSO,QLD",quarterly,252,False,False
