strategy_id,frequency,tax_mode,start_date,end_date,canonical_ending_value,recomputed_ending_value,canonical_cagr,recomputed_cagr,canonical_max_drawdown,recomputed_max_drawdown,canonical_calmar,recomputed_calmar,canonical_sharpe,recomputed_sharpe,canonical_sortino,recomputed_sortino,canonical_annual_turnover,recomputed_annual_turnover,canonical_number_of_trades,recomputed_number_of_trades,canonical_transaction_costs,recomputed_transaction_costs,canonical_realized_tax_paid,recomputed_realized_tax_paid,equity_path_hash,recomputed_equity_path_hash,path_hash_match,metric_match,baseline_reproduction_pass,hash_method,path_table_hashes_json
FIXED_MA200_QQQ_TO_QLD,weekly,pre_tax,2013-01-02,2026-08-31,3195983.088569843,3195983.088569843,0.2887055380603327,0.2887055380603327,-0.4915442013074271,-0.49154420130742715,0.5873440013989042,0.5873440013989042,0.9334520392252198,0.9334520392252198,1.0409826980715282,1.0409826980715282,1.6102409558900648,1.6102409558900648,23,23,8150.938509827835,8150.938509827835,0.0,0.0,3ffd928526bf4c845a46626172e35d18b3785238d7fa4795e637b22704f9bf6a,3ffd928526bf4c845a46626172e35d18b3785238d7fa4795e637b22704f9bf6a,True,True,True,normalized core rows; numeric values rounded to 4 decimals; separate allclose path check,"{""equity_curve.csv"": {""canonical"": ""3ffd928526bf4c845a46626172e35d18b3785238d7fa4795e637b22704f9bf6a"", ""match"": true, ""recomputed"": ""3ffd928526bf4c845a46626172e35d18b3785238d7fa4795e637b22704f9bf6a""}, ""positions.csv"": {""canonical"": ""a845537b8425a1d69c5c20fe1199d242ae64f5b4f7da964695fbc9ef5d1f166a"", ""recomputed"": ""a845537b8425a1d69c5c20fe1199d242ae64f5b4f7da964695fbc9ef5d1f166a""}, ""tax_ledger.csv"": {""canonical"": ""e3b0c44298fc1c149afbf4c8996fb92427ae41e4649b934ca495991b7852b855"", ""recomputed"": ""e3b0c44298fc1c149afbf4c8996fb92427ae41e4649b934ca495991b7852b855""}, ""trades.csv"": {""canonical"": ""68cdab17faa28a956b361172df3203ae8db86e3a5afe2ae51150932dc5463a74"", ""recomputed"": ""68cdab17faa28a956b361172df3203ae8db86e3a5afe2ae51150932dc5463a74""}}"
FIXED_MA200_QQQ_TO_QLD,weekly,after_tax,2013-01-02,2026-08-31,1959465.65990486,1959465.6599048597,0.2433653866709211,0.2433653866709211,-0.4915442013074271,-0.49154420130742715,0.4951037689461273,0.49510376894612734,0.8147642512203888,0.8147642512203888,0.8704369459031285,0.8704369459031285,1.6102409558900646,1.6102409558900646,23,23,5861.177501005109,5861.177501005109,350266.4642793222,350266.4642793222,2345e13476b645e7a72b54065af7358a1dce0d046183d4aac30b992cacb5ff13,2345e13476b645e7a72b54065af7358a1dce0d046183d4aac30b992cacb5ff13,True,True,True,normalized core rows; numeric values rounded to 4 decimals; separate allclose path check,"{""equity_curve.csv"": {""canonical"": ""2345e13476b645e7a72b54065af7358a1dce0d046183d4aac30b992cacb5ff13"", ""match"": true, ""recomputed"": ""2345e13476b645e7a72b54065af7358a1dce0d046183d4aac30b992cacb5ff13""}, ""positions.csv"": {""canonical"": ""232b60fd711e0a7124468c33a24ad0aec39c03823ee12936a90fe03fb011febf"", ""recomputed"": ""232b60fd711e0a7124468c33a24ad0aec39c03823ee12936a90fe03fb011febf""}, ""tax_ledger.csv"": {""canonical"": ""240e2525dac655b33ff743396defa065882f61153241e46d729f5d91f7d6b71b"", ""recomputed"": ""240e2525dac655b33ff743396defa065882f61153241e46d729f5d91f7d6b71b""}, ""trades.csv"": {""canonical"": ""8382356ce5699387b2a33410e6c48897cd2e168bc13655c29e0bb845333b6871"", ""recomputed"": ""8382356ce5699387b2a33410e6c48897cd2e168bc13655c29e0bb845333b6871""}}"
FIXED_MA200_QQQ_TO_QLD,monthly,pre_tax,2013-01-02,2026-08-31,2894225.921302085,2894225.921302085,0.2793823195597005,0.2793823195597005,-0.517154219036865,-0.517154219036865,0.5402301852627541,0.5402301852627541,0.8901940311565006,0.8901940311565006,1.0107627452187384,1.0107627452187384,1.1710843315564108,1.1710843315564108,17,17,7281.567258123298,7281.567258123298,0.0,0.0,94cba3e488cfc4f52f02c0bce5bf8caa91da7e2e5606789098c7fb7f338b7744,94cba3e488cfc4f52f02c0bce5bf8caa91da7e2e5606789098c7fb7f338b7744,True,True,True,normalized core rows; numeric values rounded to 4 decimals; separate allclose path check,"{""equity_curve.csv"": {""canonical"": ""94cba3e488cfc4f52f02c0bce5bf8caa91da7e2e5606789098c7fb7f338b7744"", ""match"": true, ""recomputed"": ""94cba3e488cfc4f52f02c0bce5bf8caa91da7e2e5606789098c7fb7f338b7744""}, ""positions.csv"": {""canonical"": ""3e1d043517a7b3ec05e9eaf93b67abf0876dc48dd0ca79efaf429de225cec7d9"", ""recomputed"": ""3e1d043517a7b3ec05e9eaf93b67abf0876dc48dd0ca79efaf429de225cec7d9""}, ""tax_ledger.csv"": {""canonical"": ""e3b0c44298fc1c149afbf4c8996fb92427ae41e4649b934ca495991b7852b855"", ""recomputed"": ""e3b0c44298fc1c149afbf4c8996fb92427ae41e4649b934ca495991b7852b855""}, ""trades.csv"": {""canonical"": ""822dc1f5d97bf99bacd905cc69fc96e1f29b2b820b84399b3bc67902a6c822fa"", ""recomputed"": ""822dc1f5d97bf99bacd905cc69fc96e1f29b2b820b84399b3bc67902a6c822fa""}}"
FIXED_MA200_QQQ_TO_QLD,monthly,after_tax,2013-01-02,2026-08-31,1769857.633320696,1769857.633320696,0.2341356381230044,0.23413563812300442,-0.5277782114525625,-0.5277782114525625,0.4436250550749552,0.4436250550749552,0.7785336829239019,0.7785336829239019,0.861672992899224,0.861672992899224,1.1710843315564108,1.1710843315564108,17,17,5127.799112943163,5127.799112943163,381545.9388345738,381545.9388345738,abdd5753c4ffb11d1b09124a6535c1044cc2c43f227f419354c6e0084882d46e,abdd5753c4ffb11d1b09124a6535c1044cc2c43f227f419354c6e0084882d46e,True,True,True,normalized core rows; numeric values rounded to 4 decimals; separate allclose path check,"{""equity_curve.csv"": {""canonical"": ""abdd5753c4ffb11d1b09124a6535c1044cc2c43f227f419354c6e0084882d46e"", ""match"": true, ""recomputed"": ""abdd5753c4ffb11d1b09124a6535c1044cc2c43f227f419354c6e0084882d46e""}, ""positions.csv"": {""canonical"": ""895acf672f0129a4cc8427d9299fd43f8822745d4e74f66d2fb3aab9fc1bde73"", ""recomputed"": ""895acf672f0129a4cc8427d9299fd43f8822745d4e74f66d2fb3aab9fc1bde73""}, ""tax_ledger.csv"": {""canonical"": ""6d47adbca820b63b8e4934ac1b014100d194304327ae4faf4f2cd35c90fd8c53"", ""recomputed"": ""6d47adbca820b63b8e4934ac1b014100d194304327ae4faf4f2cd35c90fd8c53""}, ""trades.csv"": {""canonical"": ""a3315d6a1fef5363f9cfb3ceef956c7c15961778c018c53a0d5b6823d525ea3a"", ""recomputed"": ""a3315d6a1fef5363f9cfb3ceef956c7c15961778c018c53a0d5b6823d525ea3a""}}"
FIXED_MA200_QQQ_TO_QLD,bimonthly,pre_tax,2013-01-02,2026-08-31,4624614.666887557,4624614.666887557,0.3240425847073214,0.3240425847073214,-0.517154219036865,-0.517154219036865,0.6265879166775631,0.6265879166775631,0.9571542490899978,0.9571542490899978,1.0969903844182736,1.0969903844182736,0.7319277072227567,0.7319277072227567,11,11,5240.387007301004,5240.387007301004,0.0,0.0,fa1142fe032503dcfaf7f22779fd9568b3abf88f1bee810e7b4d3b024abc7aeb,fa1142fe032503dcfaf7f22779fd9568b3abf88f1bee810e7b4d3b024abc7aeb,True,True,True,normalized core rows; numeric values rounded to 4 decimals; separate allclose path check,"{""equity_curve.csv"": {""canonical"": ""fa1142fe032503dcfaf7f22779fd9568b3abf88f1bee810e7b4d3b024abc7aeb"", ""match"": true, ""recomputed"": ""fa1142fe032503dcfaf7f22779fd9568b3abf88f1bee810e7b4d3b024abc7aeb""}, ""positions.csv"": {""canonical"": ""4939c94d311942bb2aab142b44f862c4ea6fafd9303c69e139b45be2d0f2b726"", ""recomputed"": ""4939c94d311942bb2aab142b44f862c4ea6fafd9303c69e139b45be2d0f2b726""}, ""tax_ledger.csv"": {""canonical"": ""e3b0c44298fc1c149afbf4c8996fb92427ae41e4649b934ca495991b7852b855"", ""recomputed"": ""e3b0c44298fc1c149afbf4c8996fb92427ae41e4649b934ca495991b7852b855""}, ""trades.csv"": {""canonical"": ""e7511f6953c64b5d7bc6cfb700f906dbd9d71e41794ef3822896ba0afea0cfe4"", ""recomputed"": ""e7511f6953c64b5d7bc6cfb700f906dbd9d71e41794ef3822896ba0afea0cfe4""}}"
FIXED_MA200_QQQ_TO_QLD,bimonthly,after_tax,2013-01-02,2026-08-31,2836157.035227638,2836157.035227638,0.2774853532920951,0.2774853532920951,-0.517154219036865,-0.517154219036865,0.5365620990366797,0.5365620990366797,0.8511128880871827,0.8511128880871827,0.9509531373357164,0.9509531373357164,0.7319277072227567,0.7319277072227567,11,11,3752.050575793168,3752.050575793168,442174.2521968832,442174.2521968832,15e19f490cb1593d36b56e8a419e0f854cc7562f256b210d655c0a370e3b4533,15e19f490cb1593d36b56e8a419e0f854cc7562f256b210d655c0a370e3b4533,True,True,True,normalized core rows; numeric values rounded to 4 decimals; separate allclose path check,"{""equity_curve.csv"": {""canonical"": ""15e19f490cb1593d36b56e8a419e0f854cc7562f256b210d655c0a370e3b4533"", ""match"": true, ""recomputed"": ""15e19f490cb1593d36b56e8a419e0f854cc7562f256b210d655c0a370e3b4533""}, ""positions.csv"": {""canonical"": ""dae43d51dcd23e0f2a20b70333a4842ea4ab0c4512e62ed4bf42b633e54e1c2c"", ""recomputed"": ""dae43d51dcd23e0f2a20b70333a4842ea4ab0c4512e62ed4bf42b633e54e1c2c""}, ""tax_ledger.csv"": {""canonical"": ""2b6f5053b1f07a7a796eb7a4a435dc0eb6dfb2261196efe31cbf0d23971bdddf"", ""recomputed"": ""2b6f5053b1f07a7a796eb7a4a435dc0eb6dfb2261196efe31cbf0d23971bdddf""}, ""trades.csv"": {""canonical"": ""a9bbdbc546b565835d26a6b00fcb3b74bb29ce45954221952bdae0e167a7d2ce"", ""recomputed"": ""a9bbdbc546b565835d26a6b00fcb3b74bb29ce45954221952bdae0e167a7d2ce""}}"
FIXED_MA200_QQQ_TO_QLD,quarterly,pre_tax,2013-01-02,2026-08-31,1286585.6849092103,1286585.6849092103,0.2056553819502566,0.20565538195025668,-0.517154219036865,-0.517154219036865,0.3976674159852434,0.3976674159852434,0.713081924083211,0.713081924083211,0.8075560339442042,0.8075560339442042,0.8783132486673081,0.8783132486673081,13,13,4367.591201681437,4367.591201681437,0.0,0.0,6d3f51a267b85e7a19696074fb33e105aa5fa145c0c99351903480623a7e4163,6d3f51a267b85e7a19696074fb33e105aa5fa145c0c99351903480623a7e4163,True,True,True,normalized core rows; numeric values rounded to 4 decimals; separate allclose path check,"{""equity_curve.csv"": {""canonical"": ""6d3f51a267b85e7a19696074fb33e105aa5fa145c0c99351903480623a7e4163"", ""match"": true, ""recomputed"": ""6d3f51a267b85e7a19696074fb33e105aa5fa145c0c99351903480623a7e4163""}, ""positions.csv"": {""canonical"": ""e4d7e4fdfbafa93d47ad567bda8286c72545ed7efad5a5f765b64969a19313cd"", ""recomputed"": ""e4d7e4fdfbafa93d47ad567bda8286c72545ed7efad5a5f765b64969a19313cd""}, ""tax_ledger.csv"": {""canonical"": ""e3b0c44298fc1c149afbf4c8996fb92427ae41e4649b934ca495991b7852b855"", ""recomputed"": ""e3b0c44298fc1c149afbf4c8996fb92427ae41e4649b934ca495991b7852b855""}, ""trades.csv"": {""canonical"": ""c67f545cd0d1c1a6e76b1d47a44c6274fd1a62d130c2ce65f27a51661fe4aa08"", ""recomputed"": ""c67f545cd0d1c1a6e76b1d47a44c6274fd1a62d130c2ce65f27a51661fe4aa08""}}"
FIXED_MA200_QQQ_TO_QLD,quarterly,after_tax,2013-01-02,2026-08-31,852619.0391875535,852619.0391875535,0.1698806725755826,0.1698806725755826,-0.540984034685682,-0.540984034685682,0.3140216007932382,0.31402160079323826,0.6234478883509681,0.6234478883509681,0.693784783914769,0.693784783914769,0.8783132486673081,0.8783132486673081,13,13,3237.750904003773,3237.7509040037735,203285.19216208084,203285.19216208084,d6396fd9eb585970fffc71d8acddf261f478ee1b8eb6ec70fd07638c98287af1,d6396fd9eb585970fffc71d8acddf261f478ee1b8eb6ec70fd07638c98287af1,True,True,True,normalized core rows; numeric values rounded to 4 decimals; separate allclose path check,"{""equity_curve.csv"": {""canonical"": ""d6396fd9eb585970fffc71d8acddf261f478ee1b8eb6ec70fd07638c98287af1"", ""match"": true, ""recomputed"": ""d6396fd9eb585970fffc71d8acddf261f478ee1b8eb6ec70fd07638c98287af1""}, ""positions.csv"": {""canonical"": ""5e804c7b0cddf37023e97efb1ba05425e3e2ba8da7e118b3efd28feed52b13af"", ""recomputed"": ""5e804c7b0cddf37023e97efb1ba05425e3e2ba8da7e118b3efd28feed52b13af""}, ""tax_ledger.csv"": {""canonical"": ""73e95e660e65fe80f1fd00c6dfd07cb8b3b2c01c3c6329622ca984230e954de6"", ""recomputed"": ""73e95e660e65fe80f1fd00c6dfd07cb8b3b2c01c3c6329622ca984230e954de6""}, ""trades.csv"": {""canonical"": ""fd1f163226ad7756bc45e8ce4560ef6e35e521993659583f761183fcae27dd16"", ""recomputed"": ""fd1f163226ad7756bc45e8ce4560ef6e35e521993659583f761183fcae27dd16""}}"
PHASE7A_FIXED_FOUR_STATE,weekly,pre_tax,2013-01-02,2026-08-31,3369913.069968776,3369913.069968776,0.2937149320071264,0.2937149320071264,-0.491544201307427,-0.49154420130742704,0.5975351376862809,0.5975351376862809,0.9330037812350775,0.9330037812350777,1.0392548838347484,1.0392548838347484,4.23282511433443,4.23282511433443,715,715,24679.176395236445,24679.176395236445,0.0,0.0,879a865e738835e9b27ec507d120d0cddd6a0fbef2b08e0ca89e33822024c4b1,879a865e738835e9b27ec507d120d0cddd6a0fbef2b08e0ca89e33822024c4b1,True,True,True,normalized core rows; numeric values rounded to 4 decimals; separate allclose path check,"{""equity_curve.csv"": {""canonical"": ""879a865e738835e9b27ec507d120d0cddd6a0fbef2b08e0ca89e33822024c4b1"", ""match"": true, ""recomputed"": ""879a865e738835e9b27ec507d120d0cddd6a0fbef2b08e0ca89e33822024c4b1""}, ""positions.csv"": {""canonical"": ""aaccf9a0ec766911e7f324604ca4b1bc75a4f7c722f4b60e49b465aeb375ca38"", ""recomputed"": ""aaccf9a0ec766911e7f324604ca4b1bc75a4f7c722f4b60e49b465aeb375ca38""}, ""tax_ledger.csv"": {""canonical"": ""e3b0c44298fc1c149afbf4c8996fb92427ae41e4649b934ca495991b7852b855"", ""recomputed"": ""e3b0c44298fc1c149afbf4c8996fb92427ae41e4649b934ca495991b7852b855""}, ""trades.csv"": {""canonical"": ""85dd4eba1a8ab89fe0e37c4367b6a7cbe1007764b8ca599d8898fe214d66e42f"", ""recomputed"": ""85dd4eba1a8ab89fe0e37c4367b6a7cbe1007764b8ca599d8898fe214d66e42f""}}"
PHASE7A_FIXED_FOUR_STATE,weekly,after_tax,2013-01-02,2026-08-31,2024678.608711297,2024678.608711297,0.2463491449606094,0.24634914496060945,-0.4915442013074271,-0.49154420130742715,0.5011739418456388,0.5011739418456388,0.821616870833453,0.821616870833453,0.9146321246441655,0.9146321246441657,4.238145732662698,4.238145732662698,715,715,17335.97913272432,17335.97913272432,362772.1473872192,362772.1473872192,32de32454cdbb862a3320680105f0cf03d5a02410a44a65d7fd56aa47200b88c,32de32454cdbb862a3320680105f0cf03d5a02410a44a65d7fd56aa47200b88c,True,True,True,normalized core rows; numeric values rounded to 4 decimals; separate allclose path check,"{""equity_curve.csv"": {""canonical"": ""32de32454cdbb862a3320680105f0cf03d5a02410a44a65d7fd56aa47200b88c"", ""match"": true, ""recomputed"": ""32de32454cdbb862a3320680105f0cf03d5a02410a44a65d7fd56aa47200b88c""}, ""positions.csv"": {""canonical"": ""4486cbc415d611a1575ef8c2f1872bb1e24847534711fb5dd6780ca4c0885c1f"", ""recomputed"": ""4486cbc415d611a1575ef8c2f1872bb1e24847534711fb5dd6780ca4c0885c1f""}, ""tax_ledger.csv"": {""canonical"": ""aa49236f1e4bad5433d5e2c1943eea1a5490c776b60430d2ada24031917e1880"", ""recomputed"": ""aa49236f1e4bad5433d5e2c1943eea1a5490c776b60430d2ada24031917e1880""}, ""trades.csv"": {""canonical"": ""17b5e07e037e914948ca27ba829dede8481e4c8dd3ca7c5d2720a45759bc6e54"", ""recomputed"": ""17b5e07e037e914948ca27ba829dede8481e4c8dd3ca7c5d2720a45759bc6e54""}}"
PHASE7A_FIXED_FOUR_STATE,monthly,pre_tax,2013-01-02,2026-08-31,2932064.4400988813,2932064.4400988813,0.2805995188237353,0.28059951882373535,-0.517154219036865,-0.517154219036865,0.5425838337862096,0.5425838337862096,0.8795691845862122,0.8795691845862122,0.9965800259780676,0.9965800259780676,2.6882107735684126,2.6882107735684126,211,211,16684.81289451728,16684.81289451728,0.0,0.0,41782c93e30c9576aafb35d7627d255b72d778c05d738b58a9aa6b5ba44c41b7,41782c93e30c9576aafb35d7627d255b72d778c05d738b58a9aa6b5ba44c41b7,True,True,True,normalized core rows; numeric values rounded to 4 decimals; separate allclose path check,"{""equity_curve.csv"": {""canonical"": ""41782c93e30c9576aafb35d7627d255b72d778c05d738b58a9aa6b5ba44c41b7"", ""match"": true, ""recomputed"": ""41782c93e30c9576aafb35d7627d255b72d778c05d738b58a9aa6b5ba44c41b7""}, ""positions.csv"": {""canonical"": ""9f79ff05fdb4dec68a3a44fe7732ca0b97c90a343374aea62d67c75708a24b25"", ""recomputed"": ""9f79ff05fdb4dec68a3a44fe7732ca0b97c90a343374aea62d67c75708a24b25""}, ""tax_ledger.csv"": {""canonical"": ""e3b0c44298fc1c149afbf4c8996fb92427ae41e4649b934ca495991b7852b855"", ""recomputed"": ""e3b0c44298fc1c149afbf4c8996fb92427ae41e4649b934ca495991b7852b855""}, ""trades.csv"": {""canonical"": ""b3dc5c7125fcc32b7c8d5b587ebe9bbfbd716ebae51cf73734fcb828fcf7ef2f"", ""recomputed"": ""b3dc5c7125fcc32b7c8d5b587ebe9bbfbd716ebae51cf73734fcb828fcf7ef2f""}}"
PHASE7A_FIXED_FOUR_STATE,monthly,after_tax,2013-01-02,2026-08-31,1744023.815884655,1744023.8158846553,0.2328077998677233,0.23280779986772338,-0.5171542190368649,-0.5171542190368649,0.4501709379869293,0.45017093798692936,0.7694509569865967,0.7694509569865967,0.8703144858849509,0.8703144858849509,2.68827503817139,2.68827503817139,211,211,11510.838727089047,11510.838727089049,375604.55761225655,375604.55761225655,5e4d0c5d509611226ae65e4821aaa5ed84a5c52fab95b7824c29e5eb7e518107,5e4d0c5d509611226ae65e4821aaa5ed84a5c52fab95b7824c29e5eb7e518107,True,True,True,normalized core rows; numeric values rounded to 4 decimals; separate allclose path check,"{""equity_curve.csv"": {""canonical"": ""5e4d0c5d509611226ae65e4821aaa5ed84a5c52fab95b7824c29e5eb7e518107"", ""match"": true, ""recomputed"": ""5e4d0c5d509611226ae65e4821aaa5ed84a5c52fab95b7824c29e5eb7e518107""}, ""positions.csv"": {""canonical"": ""007315918b04dc0cd515626c9f488075a94e3f104b4657f9a4ddbcd9c06167fe"", ""recomputed"": ""007315918b04dc0cd515626c9f488075a94e3f104b4657f9a4ddbcd9c06167fe""}, ""tax_ledger.csv"": {""canonical"": ""cff6f84a8f74bf9e877324ba4a92718ddb9a36078a0b9f323083b283717ed9a0"", ""recomputed"": ""cff6f84a8f74bf9e877324ba4a92718ddb9a36078a0b9f323083b283717ed9a0""}, ""trades.csv"": {""canonical"": ""f4c5f7ce400ec00eed32880082f5611ce795e3ba6ece5bbf9ec18e97cc64bf83"", ""recomputed"": ""f4c5f7ce400ec00eed32880082f5611ce795e3ba6ece5bbf9ec18e97cc64bf83""}}"
PHASE7A_FIXED_FOUR_STATE,bimonthly,pre_tax,2013-01-02,2026-08-31,4804128.440633415,4804128.440633415,0.3277392547493842,0.32773925474938426,-0.5306679735877728,-0.5306679735877728,0.617597577132052,0.617597577132052,0.9498271662767692,0.9498271662767692,1.0878161691742836,1.0878161691742836,1.6592188537094277,1.6592188537094275,107,107,14186.742264064547,14186.742264064547,0.0,0.0,7dda6abc869d9ab1561446184aecda469141dfbe768524b98b25b1c184bf1a04,7dda6abc869d9ab1561446184aecda469141dfbe768524b98b25b1c184bf1a04,True,True,True,normalized core rows; numeric values rounded to 4 decimals; separate allclose path check,"{""equity_curve.csv"": {""canonical"": ""7dda6abc869d9ab1561446184aecda469141dfbe768524b98b25b1c184bf1a04"", ""match"": true, ""recomputed"": ""7dda6abc869d9ab1561446184aecda469141dfbe768524b98b25b1c184bf1a04""}, ""positions.csv"": {""canonical"": ""55fe84e3ec4394e1960caa30dbd9dab5cdeb5eaf19e031321da221aa24a6cdb0"", ""recomputed"": ""55fe84e3ec4394e1960caa30dbd9dab5cdeb5eaf19e031321da221aa24a6cdb0""}, ""tax_ledger.csv"": {""canonical"": ""e3b0c44298fc1c149afbf4c8996fb92427ae41e4649b934ca495991b7852b855"", ""recomputed"": ""e3b0c44298fc1c149afbf4c8996fb92427ae41e4649b934ca495991b7852b855""}, ""trades.csv"": {""canonical"": ""e21f0c54d5201a357a33902c9fb72d5f8e21f3e0a6621c694b61d2994b199628"", ""recomputed"": ""e21f0c54d5201a357a33902c9fb72d5f8e21f3e0a6621c694b61d2994b199628""}}"
PHASE7A_FIXED_FOUR_STATE,bimonthly,after_tax,2013-01-02,2026-08-31,2802842.30092145,2802842.30092145,0.2763807300483929,0.2763807300483929,-0.532755752914756,-0.532755752914756,0.5187756838594204,0.5187756838594204,0.8412572480370397,0.8412572480370397,0.959146302767386,0.959146302767386,1.6591224022625333,1.6591224022625333,107,107,9590.352130968244,9590.352130968244,486083.3809603089,486083.3809603089,993ec10587d59c10b921cea2d6170c3be79ac1eb22ce0b2260be78831a5fc6b6,993ec10587d59c10b921cea2d6170c3be79ac1eb22ce0b2260be78831a5fc6b6,True,True,True,normalized core rows; numeric values rounded to 4 decimals; separate allclose path check,"{""equity_curve.csv"": {""canonical"": ""993ec10587d59c10b921cea2d6170c3be79ac1eb22ce0b2260be78831a5fc6b6"", ""match"": true, ""recomputed"": ""993ec10587d59c10b921cea2d6170c3be79ac1eb22ce0b2260be78831a5fc6b6""}, ""positions.csv"": {""canonical"": ""bf86e2e91a2ecc456ffbee41b60b4f3692cd99c30f5d94147dbe1433de543231"", ""recomputed"": ""bf86e2e91a2ecc456ffbee41b60b4f3692cd99c30f5d94147dbe1433de543231""}, ""tax_ledger.csv"": {""canonical"": ""dd186953b2c8e4a1a4804ce255184a6094e6c24b4d2ba4a0b2238f633fbfc955"", ""recomputed"": ""dd186953b2c8e4a1a4804ce255184a6094e6c24b4d2ba4a0b2238f633fbfc955""}, ""trades.csv"": {""canonical"": ""2d7275ff36008580f79505637025bfec4f8254e396e0c9ce7bb503bc2d56a6a7"", ""recomputed"": ""2d7275ff36008580f79505637025bfec4f8254e396e0c9ce7bb503bc2d56a6a7""}}"
PHASE7A_FIXED_FOUR_STATE,quarterly,pre_tax,2013-01-02,2026-08-31,1198685.4204534946,1198685.4204534946,0.1994251677938192,0.19942516779381925,-0.556323987243875,-0.556323987243875,0.3584694752814918,0.35846947528149187,0.6824833525704452,0.6824833525704452,0.7643967757280549,0.7643967757280549,1.5752772776706632,1.5752772776706632,87,87,7389.522915566721,7389.522915566721,0.0,0.0,02dece45159cc74312a97cd2847bd30e33302ad37cecfdcbc9b1f1f5ba818d75,02dece45159cc74312a97cd2847bd30e33302ad37cecfdcbc9b1f1f5ba818d75,True,True,True,normalized core rows; numeric values rounded to 4 decimals; separate allclose path check,"{""equity_curve.csv"": {""canonical"": ""02dece45159cc74312a97cd2847bd30e33302ad37cecfdcbc9b1f1f5ba818d75"", ""match"": true, ""recomputed"": ""02dece45159cc74312a97cd2847bd30e33302ad37cecfdcbc9b1f1f5ba818d75""}, ""positions.csv"": {""canonical"": ""99ffdc590f4460c31be13ad2393cccc6437fcf82f7993f9df4b9253d7fd0e5e3"", ""recomputed"": ""99ffdc590f4460c31be13ad2393cccc6437fcf82f7993f9df4b9253d7fd0e5e3""}, ""tax_ledger.csv"": {""canonical"": ""e3b0c44298fc1c149afbf4c8996fb92427ae41e4649b934ca495991b7852b855"", ""recomputed"": ""e3b0c44298fc1c149afbf4c8996fb92427ae41e4649b934ca495991b7852b855""}, ""trades.csv"": {""canonical"": ""af3b8d542511688d8be7eeb1c55157c37af11e8da30dd195de6bbb78e3f14e5d"", ""recomputed"": ""af3b8d542511688d8be7eeb1c55157c37af11e8da30dd195de6bbb78e3f14e5d""}}"
PHASE7A_FIXED_FOUR_STATE,quarterly,after_tax,2013-01-02,2026-08-31,804698.860108072,804698.860108072,0.1649368520070784,0.16493685200707842,-0.556323987243875,-0.556323987243875,0.2964762544649639,0.2964762544649639,0.6017785127848664,0.6017785127848664,0.6744839462377773,0.6744839462377773,1.5716818591352535,1.5716818591352535,87,87,5560.313880515897,5560.313880515897,190426.9920343307,190426.9920343307,0fcc0d3b810d3e8e75f3d20fb0542c865ee0b8d82eb609530e20de439e10c667,0fcc0d3b810d3e8e75f3d20fb0542c865ee0b8d82eb609530e20de439e10c667,True,True,True,normalized core rows; numeric values rounded to 4 decimals; separate allclose path check,"{""equity_curve.csv"": {""canonical"": ""0fcc0d3b810d3e8e75f3d20fb0542c865ee0b8d82eb609530e20de439e10c667"", ""match"": true, ""recomputed"": ""0fcc0d3b810d3e8e75f3d20fb0542c865ee0b8d82eb609530e20de439e10c667""}, ""positions.csv"": {""canonical"": ""0fbb6eb619167f1335445a208445d0c7aac2c85debe9b8d7a65f1541df48b9c5"", ""recomputed"": ""0fbb6eb619167f1335445a208445d0c7aac2c85debe9b8d7a65f1541df48b9c5""}, ""tax_ledger.csv"": {""canonical"": ""812285b9dcaad9e66287b99e306f78c1fdc008271f74aea51fd913b5c3422c2e"", ""recomputed"": ""812285b9dcaad9e66287b99e306f78c1fdc008271f74aea51fd913b5c3422c2e""}, ""trades.csv"": {""canonical"": ""9bb3c7a87cc92348bee8b530fd07a83444577fe8d51153af4a53693b694976c6"", ""recomputed"": ""9bb3c7a87cc92348bee8b530fd07a83444577fe8d51153af4a53693b694976c6""}}"
