scenario_id,frequency,start_date,end_date,slippage_bps,execution_case,pre_tax_cagr_difference,pre_tax_max_drawdown_difference,pre_tax_calmar_difference,pre_tax_sharpe_difference,pre_tax_turnover_difference,transaction_cost_difference,realized_tax_difference,after_tax_cagr_difference,after_tax_cagr_tax_paid_to_date_difference,terminal_after_tax_cagr_difference,phase7a_incremental_cagr_positive,phase7a_incremental_sharpe_positive,phase7a_incremental_calmar_positive,phase7a_incremental_terminal_after_tax_cagr_positive,descriptive_only,selection_performed
baseline,weekly,2013-01-02,2026-08-31,5.0,next_open,0.005009393946793672,1.1102230246251565e-16,0.010191136287376668,-0.0004482579901421424,2.622584158444365,11474.801631719209,12505.683107896999,0.002983758289688332,0.002983758289688332,0.0029724052336519424,True,False,True,True,True,False
baseline,monthly,2013-01-02,2026-08-31,5.0,next_open,0.0012171992640348517,0.0,0.0023536485234554316,-0.010624846570288393,1.5171264420120019,6383.039614145886,-5941.381222317228,-0.0013278382552810442,-0.0013278382552810442,-0.001325847503016675,True,False,True,False,True,False
baseline,bimonthly,2013-01-02,2026-08-31,5.0,next_open,0.003696670042062866,-0.013513754550907864,-0.008990339545511095,-0.00732708281322858,0.9272911464866708,5838.301555175076,43909.12876342569,-0.0011046232437021963,-0.0011046232437021963,0.00029842390433221233,True,False,False,True,True,False
baseline,quarterly,2013-01-02,2026-08-31,5.0,next_open,-0.00623021415643743,-0.039169768207010014,-0.039197940703751544,-0.030598571512765793,0.6969640290033551,2322.5629765121234,-12858.20012775014,-0.004943820568504176,-0.004943820568504176,-0.004943639555377244,False,False,False,False,True,False
slippage_00bps,weekly,2013-01-02,2026-08-31,0.0,next_open,0.00671287207140181,2.220446049250313e-16,0.01366377123994511,0.003353272462075396,2.6229933901119757,0.0,18394.244543526846,0.0043202447492498575,0.0043202447492498575,0.004303913310250929,True,True,True,True,True,False
slippage_00bps,monthly,2013-01-02,2026-08-31,0.0,next_open,0.002190478725406786,0.0,0.004235639282777703,-0.008510501569369056,1.5173611773750189,0.0,-2526.1635366234113,-0.0005587053829556599,-0.0005587053829556599,-0.0005578805373711582,True,False,True,False,True,False
slippage_00bps,bimonthly,2013-01-02,2026-08-31,0.0,next_open,0.0043142494637098405,-0.013423343712730018,-0.007747210862441678,-0.006115555582582366,0.9274696844779687,0.0,46762.158989493095,-0.0006080266608270435,-0.0006080266608270435,0.0007898752059485314,True,False,False,True,True,False
slippage_00bps,quarterly,2013-01-02,2026-08-31,0.0,next_open,-0.005814853785602203,-0.0391697682070099,-0.03852945358808452,-0.029711865443722174,0.6970738291355884,0.0,-12076.359260748286,-0.004612768263452249,-0.004612768263452249,-0.004612768263452249,False,False,False,False,True,False
slippage_05bps,weekly,2013-01-02,2026-08-31,5.0,next_open,0.005009393946793672,1.1102230246251565e-16,0.010191136287376668,-0.0004482579901421424,2.622584158444365,11474.801631719209,12505.683107896999,0.002983758289688332,0.002983758289688332,0.0029724052336519424,True,False,True,True,True,False
slippage_05bps,monthly,2013-01-02,2026-08-31,5.0,next_open,0.0012171992640348517,0.0,0.0023536485234554316,-0.010624846570288393,1.5171264420120019,6383.039614145886,-5941.381222317228,-0.0013278382552810442,-0.0013278382552810442,-0.001325847503016675,True,False,True,False,True,False
slippage_05bps,bimonthly,2013-01-02,2026-08-31,5.0,next_open,0.003696670042062866,-0.013513754550907864,-0.008990339545511095,-0.00732708281322858,0.9272911464866708,5838.301555175076,43909.12876342569,-0.0011046232437021963,-0.0011046232437021963,0.00029842390433221233,True,False,False,True,True,False
slippage_05bps,quarterly,2013-01-02,2026-08-31,5.0,next_open,-0.00623021415643743,-0.039169768207010014,-0.039197940703751544,-0.030598571512765793,0.6969640290033551,2322.5629765121234,-12858.20012775014,-0.004943820568504176,-0.004943820568504176,-0.004943639555377244,False,False,False,False,True,False
slippage_10bps,weekly,2013-01-02,2026-08-31,10.0,next_open,0.0033109750480320166,0.0,0.006732380575441788,-0.004251873894741465,2.6221758641433075,22432.203271497536,6812.028638969816,0.0016510224750707625,0.0016510224750707625,0.0016446995550254417,True,False,True,True,True,False
slippage_10bps,monthly,2013-01-02,2026-08-31,10.0,next_open,0.00024590156542148023,0.0,0.00047548981787182143,-0.012739687351296491,1.5168922491292671,12556.861298837483,-9285.072393251932,-0.0020969059721045458,-0.0020969059721045458,-0.002093714185275042,True,False,True,False,True,False
slippage_10bps,bimonthly,2013-01-02,2026-08-31,10.0,next_open,0.003079910415423326,-0.013604075068568089,-0.010231055975657766,-0.008539130702328146,0.9271129535936714,11560.14719571952,41094.8475674215,-0.0016005422441358608,-0.0016005422441358608,-0.00019232887364650786,True,False,False,False,True,False
slippage_10bps,quarterly,2013-01-02,2026-08-31,10.0,next_open,-0.006645052647101579,-0.039169768207010014,-0.039865529866254246,-0.031485419373971424,0.696854476515307,4601.305666239825,-13628.183569441317,-0.005274439988009583,-0.005274439988009583,-0.005274053661590505,False,False,False,False,True,False
slippage_20bps,weekly,2013-01-02,2026-08-31,20.0,next_open,-7.073924687905908e-05,0.0,-0.00014368921949192703,-0.011864918013616887,2.6213620839758676,42864.00471515624,-3962.8754198452807,-0.0009911126826389616,-0.0009911126826389616,-0.0009872679397526785,False,False,False,False,True,False
slippage_20bps,monthly,2013-01-02,2026-08-31,20.0,next_open,-0.0016907651588025097,0.0,-0.0032693635603541216,-0.016970720822867436,1.5164254886874626,24295.573068788814,-15741.505797520105,-0.003629939959988171,-0.003629939959988171,-0.0036242483692578986,False,False,False,False,True,False
slippage_20bps,bimonthly,2013-01-02,2026-08-31,20.0,next_open,0.0018488447171440825,-0.013784445683177049,-0.012705274103338327,-0.010964737330401375,0.9267576016517983,22661.053538798446,35580.799845993984,-0.0025903492667997963,-0.0025903492667997963,-0.0011717407697924287,True,False,False,False,True,False
slippage_20bps,quarterly,2013-01-02,2026-08-31,20.0,next_open,-0.007473167478893039,-0.03916976820700979,-0.04119802036323317,-0.033259499895470834,0.6966361135042856,9029.681640868435,-15133.12426648254,-0.005934383000978372,-0.005934383000978372,-0.0059335132696407555,False,False,False,False,True,False
execution_next_open,weekly,2013-01-02,2026-08-31,5.0,next_open,0.005009393946793672,1.1102230246251565e-16,0.010191136287376668,-0.0004482579901421424,2.622584158444365,11474.801631719209,12505.683107896999,0.002983758289688332,0.002983758289688332,0.0029724052336519424,True,False,True,True,True,False
execution_next_open,monthly,2013-01-02,2026-08-31,5.0,next_open,0.0012171992640348517,0.0,0.0023536485234554316,-0.010624846570288393,1.5171264420120019,6383.039614145886,-5941.381222317228,-0.0013278382552810442,-0.0013278382552810442,-0.001325847503016675,True,False,True,False,True,False
execution_next_open,bimonthly,2013-01-02,2026-08-31,5.0,next_open,0.003696670042062866,-0.013513754550907864,-0.008990339545511095,-0.00732708281322858,0.9272911464866708,5838.301555175076,43909.12876342569,-0.0011046232437021963,-0.0011046232437021963,0.00029842390433221233,True,False,False,True,True,False
execution_next_open,quarterly,2013-01-02,2026-08-31,5.0,next_open,-0.00623021415643743,-0.039169768207010014,-0.039197940703751544,-0.030598571512765793,0.6969640290033551,2322.5629765121234,-12858.20012775014,-0.004943820568504176,-0.004943820568504176,-0.004943639555377244,False,False,False,False,True,False
execution_next_close,weekly,2013-01-02,2026-08-31,5.0,next_close,0.002387704570374627,1.1102230246251565e-16,0.004646689284433347,-0.006396358904247945,2.627185077047457,11328.696581568354,3158.1122768957866,0.00079199572790567,0.00079199572790567,0.0007892146250103593,True,False,True,True,True,False
execution_next_close,monthly,2013-01-02,2026-08-31,5.0,next_close,0.0029954813192329954,-0.0006130409283164884,0.005163441298559945,-0.0066239219952844985,1.517784901047949,6112.588508833202,1450.3693410506821,0.0003394621133911979,0.0003394621133911979,0.0003390203661848279,True,False,True,True,True,False
execution_next_close,bimonthly,2013-01-02,2026-08-31,5.0,next_close,0.0031634690044854974,-0.010716787832705243,-0.006744591950847312,-0.008730101427059656,0.9278731792165004,5789.008557156218,38274.119757825334,-0.00132882465630213,-0.00132882465630213,-5.277199354258855e-05,True,False,False,False,True,False
execution_next_close,quarterly,2013-01-02,2026-08-31,5.0,next_close,-0.00663407507344882,-0.03892823987612204,-0.04001444598466131,-0.03171681470047949,0.6959799744494354,2227.903991741205,-14558.045054779708,-0.005584245730487325,-0.005584245730487325,-0.005584041268823059,False,False,False,False,True,False
execution_t2_open,weekly,2013-01-02,2026-08-31,5.0,t2_open,0.003393982679296581,1.1102230246251565e-16,0.006611255571428498,-0.004832484320945185,2.6280632865838136,12356.45341787489,5617.706362106081,0.0013168041341797831,0.0013168041341797831,0.0013123252583506773,True,False,True,True,True,False
execution_t2_open,monthly,2013-01-02,2026-08-31,5.0,t2_open,0.005026981003116049,0.0,0.009720467934068444,-0.002258085491063877,1.5174330272298997,6167.323196505977,11433.195653931994,0.002059095509257869,0.002059095509257869,0.0022006049411498196,True,False,True,True,True,False
execution_t2_open,bimonthly,2013-01-02,2026-08-31,5.0,t2_open,0.001185562497318715,-0.010521179779255707,-0.010557671672191571,-0.013098172113383932,0.9265929842377422,5908.00228316278,31600.597192046756,-0.0035236737898822756,-0.0035236737898822756,-0.0021523672155945306,True,False,False,False,True,False
execution_t2_open,quarterly,2013-01-02,2026-08-31,5.0,t2_open,-0.0067743167539127125,-0.03933434221585341,-0.03865736722411267,-0.030648863122559433,0.6958537748689012,2088.1758365867286,-12144.700876042596,-0.00526619455852706,-0.00526619455852706,-0.005266001741993875,False,False,False,False,True,False
start_2013,weekly,2013-01-02,2026-08-31,5.0,next_open,0.005009393946793672,1.1102230246251565e-16,0.010191136287376668,-0.0004482579901421424,2.622584158444365,11474.801631719209,12505.683107896999,0.002983758289688332,0.002983758289688332,0.0029724052336519424,True,False,True,True,True,False
start_2013,monthly,2013-01-02,2026-08-31,5.0,next_open,0.0012171992640348517,0.0,0.0023536485234554316,-0.010624846570288393,1.5171264420120019,6383.039614145886,-5941.381222317228,-0.0013278382552810442,-0.0013278382552810442,-0.001325847503016675,True,False,True,False,True,False
start_2013,bimonthly,2013-01-02,2026-08-31,5.0,next_open,0.003696670042062866,-0.013513754550907864,-0.008990339545511095,-0.00732708281322858,0.9272911464866708,5838.301555175076,43909.12876342569,-0.0011046232437021963,-0.0011046232437021963,0.00029842390433221233,True,False,False,True,True,False
start_2013,quarterly,2013-01-02,2026-08-31,5.0,next_open,-0.00623021415643743,-0.039169768207010014,-0.039197940703751544,-0.030598571512765793,0.6969640290033551,2322.5629765121234,-12858.20012775014,-0.004943820568504176,-0.004943820568504176,-0.004943639555377244,False,False,False,False,True,False
start_2014,weekly,2014-01-02,2026-08-31,5.0,next_open,0.0016557298125816633,0.0,0.003368425073834058,-0.004903220017245968,2.7209618403778872,6754.742970900419,-322.16883705416694,-0.00013204974448011164,-0.00013204974448011164,-0.000131507722266333,True,False,True,False,True,False
start_2014,monthly,2014-01-02,2026-08-31,5.0,next_open,-0.0029947012776707638,0.0,-0.0057907315988797725,-0.016782315082056853,1.5662493014911363,3743.456532806845,-10792.021634381555,-0.004139820958549478,-0.004139820958549478,-0.004133124833298529,False,False,False,False,True,False
start_2014,bimonthly,2014-01-02,2026-08-31,5.0,next_open,-0.0010390742773367379,-0.013513754550907864,-0.01658248924838901,-0.014078949103524474,0.9310227067490296,3413.382777937477,16908.55124620028,-0.004474005888294386,-0.004474005888294386,-0.0029717090787604317,False,False,False,False,True,False
start_2014,quarterly,2014-01-02,2026-08-31,5.0,next_open,-0.011258911019772055,-0.0391697682070099,-0.043699242388393844,-0.03738963630828962,0.7455328961457097,1282.210565924695,-14360.698345303608,-0.009519762541127408,-0.009519762541127408,-0.009519386471259939,False,False,False,False,True,False
start_2015,weekly,2015-01-02,2026-08-31,5.0,next_open,0.0013149260692775222,-1.1102230246251565e-16,0.0026750922211674633,-0.003625186041381512,2.7046913756113744,4941.452477702776,-129.2306820966478,-7.608216542931423e-05,-7.608216542931423e-05,-7.574316825276206e-05,True,False,True,False,True,False
start_2015,monthly,2015-01-02,2026-08-31,5.0,next_open,-0.004501800639156395,0.0,-0.008704948105306864,-0.01775617317246503,1.5243270521321741,2670.6461507225017,-10289.196529798588,-0.005652171407047435,-0.005652171407047435,-0.005642246249671912,False,False,False,False,True,False
start_2015,bimonthly,2015-01-02,2026-08-31,5.0,next_open,-0.0022202113909091103,-0.013513754550907864,-0.018382364390502226,-0.014457634965558186,0.9064861693801384,2480.0686726465965,10362.766580964875,-0.00594498556697487,-0.00594498556697487,-0.004314465799859057,False,False,False,False,True,False
start_2015,quarterly,2015-01-02,2026-08-31,5.0,next_open,-0.014838917411679864,-0.039169768207010014,-0.047702849437152084,-0.04275230319239942,0.7711936380489754,885.6694119494325,-13268.42195647773,-0.012604151993015567,-0.012604151993015567,-0.012603611406132975,False,False,False,False,True,False
start_2016,weekly,2016-01-04,2026-08-31,5.0,next_open,0.004234399039311221,0.0,0.008614482742443919,0.003000930326678697,2.68652249096014,5696.115679110548,2839.8306271213223,0.0016202701756173887,0.0016202701756173887,0.0016123716852030068,True,True,True,True,True,False
start_2016,monthly,2016-01-04,2026-08-31,5.0,next_open,-0.0017862447257683822,0.0,-0.0034539885009446936,-0.01089531147260725,1.590469580501135,3083.414389804785,-7477.005011427158,-0.004067277118330326,-0.004067277118330326,-0.004059462195865615,False,False,False,False,True,False
start_2016,bimonthly,2016-01-04,2026-08-31,5.0,next_open,0.0010392321351697653,-0.013513754550907864,-0.014610648416075733,-0.007587315831459662,0.9177775413497871,2864.020040932374,17667.8744513836,-0.003980328153630364,-0.003980328153630364,-0.002150635585601579,True,False,False,False,True,False
start_2016,quarterly,2016-01-04,2026-08-31,5.0,next_open,-0.015022312672484217,-0.03916976820700979,-0.05102225865571891,-0.043628123376227346,0.8059172676062155,935.5567429265059,-12851.45635865227,-0.012855091587607559,-0.012855091587607559,-0.012854488249194107,False,False,False,False,True,False
start_2018,weekly,2018-01-02,2026-08-31,5.0,next_open,0.00018871423730271175,1.1102230246251565e-16,0.00038392119528785074,-0.002697294893510449,2.725504464952439,3203.121078173711,-916.1102076458628,-0.0010510851714728986,-0.0010510851714728986,-0.001044783962827367,True,False,True,False,True,False
start_2018,monthly,2018-01-02,2026-08-31,5.0,next_open,-0.007356341192952254,0.0,-0.014224656634635013,-0.01920382530885001,1.487331244109764,1738.3283492352348,-8465.55099731835,-0.008895434903090749,-0.008895434903090749,-0.008874408474358386,False,False,False,False,True,False
start_2018,bimonthly,2018-01-02,2026-08-31,5.0,next_open,-0.004118340262733833,-0.013513754550907864,-0.02410830375897355,-0.014850603661388906,0.9841704550680959,1572.3791771613649,6135.75365365317,-0.009027862624353622,-0.009027862624353622,-0.006747951612249059,False,False,False,False,True,False
start_2018,quarterly,2018-01-02,2026-08-31,5.0,next_open,-0.022346565051028167,-0.03916976820700979,-0.0576734811306219,-0.05381924840072022,0.7538966331308905,401.74943370620133,-9208.726097534192,-0.01974426403532914,-0.01974426403532914,-0.01974312379068044,False,False,False,False,True,False
start_2020,weekly,2020-01-02,2026-08-31,5.0,next_open,0.0020007468495146785,0.0,0.004070329472289691,0.004925129808689976,2.6751023936902487,1984.9367130566434,408.1718688486508,0.0008977642415339826,0.0008977642415339826,0.0008907736484442541,True,True,True,True,True,False
start_2020,monthly,2020-01-02,2026-08-31,5.0,next_open,-0.008164582306598556,0.0,-0.015787519478820178,-0.015466395545111311,1.3283729009624214,997.7961171922102,-4229.9127140629935,-0.008825870652623191,-0.008825870652623191,-0.00879875882128256,False,False,False,False,True,False
start_2020,bimonthly,2020-01-02,2026-08-31,5.0,next_open,-0.011944920117575197,-0.013513754550907864,-0.03961838877283208,-0.024266540594783614,1.0261264552608913,916.2508074793586,2222.777300106449,-0.015245574698066866,-0.015245574698066866,-0.012203690052012162,False,False,False,False,True,False
start_2020,quarterly,2020-01-02,2026-08-31,5.0,next_open,-0.02726458810630339,-0.03916976820700979,-0.06836809427536109,-0.06421947137326012,0.7909916605319469,307.80371025769557,-7423.0293328011285,-0.023773590564061697,-0.023773590564061697,-0.023771805699808413,False,False,False,False,True,False
