scenario_id,strategy_id,frequency,tax_mode,strategy_start_date,strategy_end_date,qqq_start_date,qqq_end_date,identical_start_end_dates,cagr_difference,max_drawdown_difference,calmar_difference,sharpe_difference,sortino_difference,strategy_cagr,qqq_cagr,strategy_max_drawdown,qqq_max_drawdown,strategy_calmar,qqq_calmar,qqq_dominance,dominance_definition,descriptive_only
baseline,FIXED_MA200_QQQ_TO_QLD,weekly,pre_tax,2013-01-02,2026-08-31,2013-01-02,2026-08-31,True,0.08914681052418927,-0.14035690084367813,0.019103842165860585,-0.045527653448066085,-0.21113136975111435,0.2887055380603327,0.19955872753614345,-0.49154420130742715,-0.351187300463749,0.5873440013989042,0.5682401592330436,False,strategy CAGR > QQQ CAGR AND strategy MaxDD >= QQQ MaxDD AND strategy Calmar > QQQ Calmar,True
baseline,FIXED_MA200_QQQ_TO_QLD,weekly,after_tax,2013-01-02,2026-08-31,2013-01-02,2026-08-31,True,0.04380665913477766,-0.14035690084367813,-0.07313639028691626,-0.16421544145289713,-0.3816771219195141,0.2433653866709211,0.19955872753614345,-0.49154420130742715,-0.351187300463749,0.49510376894612734,0.5682401592330436,False,strategy CAGR > QQQ CAGR AND strategy MaxDD >= QQQ MaxDD AND strategy Calmar > QQQ Calmar,True
baseline,FIXED_MA200_QQQ_TO_QLD,monthly,pre_tax,2013-01-02,2026-08-31,2013-01-02,2026-08-31,True,0.07982359202355704,-0.16596691857311596,-0.02800997397028948,-0.08878566151678524,-0.24135132260390413,0.2793823195597005,0.19955872753614345,-0.517154219036865,-0.351187300463749,0.5402301852627541,0.5682401592330436,False,strategy CAGR > QQQ CAGR AND strategy MaxDD >= QQQ MaxDD AND strategy Calmar > QQQ Calmar,True
baseline,FIXED_MA200_QQQ_TO_QLD,monthly,after_tax,2013-01-02,2026-08-31,2013-01-02,2026-08-31,True,0.034576910586860965,-0.17659091098881352,-0.12461510415808841,-0.20044600974938398,-0.3904410749234185,0.23413563812300442,0.19955872753614345,-0.5277782114525625,-0.351187300463749,0.4436250550749552,0.5682401592330436,False,strategy CAGR > QQQ CAGR AND strategy MaxDD >= QQQ MaxDD AND strategy Calmar > QQQ Calmar,True
baseline,FIXED_MA200_QQQ_TO_QLD,bimonthly,pre_tax,2013-01-02,2026-08-31,2013-01-02,2026-08-31,True,0.12448385717117794,-0.16596691857311596,0.05834775744451948,-0.021825443583288084,-0.155123683404369,0.3240425847073214,0.19955872753614345,-0.517154219036865,-0.351187300463749,0.6265879166775631,0.5682401592330436,False,strategy CAGR > QQQ CAGR AND strategy MaxDD >= QQQ MaxDD AND strategy Calmar > QQQ Calmar,True
baseline,FIXED_MA200_QQQ_TO_QLD,bimonthly,after_tax,2013-01-02,2026-08-31,2013-01-02,2026-08-31,True,0.07792662575595166,-0.16596691857311596,-0.03167806019636388,-0.12786680458610322,-0.30116093048692616,0.2774853532920951,0.19955872753614345,-0.517154219036865,-0.351187300463749,0.5365620990366797,0.5682401592330436,False,strategy CAGR > QQQ CAGR AND strategy MaxDD >= QQQ MaxDD AND strategy Calmar > QQQ Calmar,True
baseline,FIXED_MA200_QQQ_TO_QLD,quarterly,pre_tax,2013-01-02,2026-08-31,2013-01-02,2026-08-31,True,0.006096654414113223,-0.16596691857311596,-0.1705727432478002,-0.26589776859007486,-0.4445580338784384,0.20565538195025668,0.19955872753614345,-0.517154219036865,-0.351187300463749,0.3976674159852434,0.5682401592330436,False,strategy CAGR > QQQ CAGR AND strategy MaxDD >= QQQ MaxDD AND strategy Calmar > QQQ Calmar,True
baseline,FIXED_MA200_QQQ_TO_QLD,quarterly,after_tax,2013-01-02,2026-08-31,2013-01-02,2026-08-31,True,-0.029678054960560862,-0.189796734221933,-0.25421855843980534,-0.3555318043223178,-0.5583292839078735,0.1698806725755826,0.19955872753614345,-0.540984034685682,-0.351187300463749,0.31402160079323826,0.5682401592330436,False,strategy CAGR > QQQ CAGR AND strategy MaxDD >= QQQ MaxDD AND strategy Calmar > QQQ Calmar,True
baseline,PHASE7A_FIXED_FOUR_STATE,weekly,pre_tax,2013-01-02,2026-08-31,2013-01-02,2026-08-31,True,0.09415620447098294,-0.14035690084367802,0.029294978453237253,-0.04597591143820823,-0.21285918398789416,0.2937149320071264,0.19955872753614345,-0.49154420130742704,-0.351187300463749,0.5975351376862809,0.5682401592330436,False,strategy CAGR > QQQ CAGR AND strategy MaxDD >= QQQ MaxDD AND strategy Calmar > QQQ Calmar,True
baseline,PHASE7A_FIXED_FOUR_STATE,weekly,after_tax,2013-01-02,2026-08-31,2013-01-02,2026-08-31,True,0.04679041742446599,-0.14035690084367813,-0.06706621738740481,-0.15736282183983286,-0.3374819431784769,0.24634914496060945,0.19955872753614345,-0.49154420130742715,-0.351187300463749,0.5011739418456388,0.5682401592330436,False,strategy CAGR > QQQ CAGR AND strategy MaxDD >= QQQ MaxDD AND strategy Calmar > QQQ Calmar,True
baseline,PHASE7A_FIXED_FOUR_STATE,monthly,pre_tax,2013-01-02,2026-08-31,2013-01-02,2026-08-31,True,0.0810407912875919,-0.16596691857311596,-0.02565632544683405,-0.09941050808707363,-0.25553404184457496,0.28059951882373535,0.19955872753614345,-0.517154219036865,-0.351187300463749,0.5425838337862096,0.5682401592330436,False,strategy CAGR > QQQ CAGR AND strategy MaxDD >= QQQ MaxDD AND strategy Calmar > QQQ Calmar,True
baseline,PHASE7A_FIXED_FOUR_STATE,monthly,after_tax,2013-01-02,2026-08-31,2013-01-02,2026-08-31,True,0.03324907233157992,-0.16596691857311585,-0.11806922124611424,-0.20952873568668917,-0.3817995819376917,0.23280779986772338,0.19955872753614345,-0.5171542190368649,-0.351187300463749,0.45017093798692936,0.5682401592330436,False,strategy CAGR > QQQ CAGR AND strategy MaxDD >= QQQ MaxDD AND strategy Calmar > QQQ Calmar,True
baseline,PHASE7A_FIXED_FOUR_STATE,bimonthly,pre_tax,2013-01-02,2026-08-31,2013-01-02,2026-08-31,True,0.1281805272132408,-0.17948067312402383,0.04935741789900838,-0.029152526396516665,-0.16429789864835898,0.32773925474938426,0.19955872753614345,-0.5306679735877728,-0.351187300463749,0.617597577132052,0.5682401592330436,False,strategy CAGR > QQQ CAGR AND strategy MaxDD >= QQQ MaxDD AND strategy Calmar > QQQ Calmar,True
baseline,PHASE7A_FIXED_FOUR_STATE,bimonthly,after_tax,2013-01-02,2026-08-31,2013-01-02,2026-08-31,True,0.07682200251224947,-0.18156845245100695,-0.049464475373623196,-0.13772244463624617,-0.29296776505525657,0.2763807300483929,0.19955872753614345,-0.532755752914756,-0.351187300463749,0.5187756838594204,0.5682401592330436,False,strategy CAGR > QQQ CAGR AND strategy MaxDD >= QQQ MaxDD AND strategy Calmar > QQQ Calmar,True
baseline,PHASE7A_FIXED_FOUR_STATE,quarterly,pre_tax,2013-01-02,2026-08-31,2013-01-02,2026-08-31,True,-0.00013355974232420742,-0.20513668678012598,-0.20977068395155174,-0.29649634010284065,-0.4877172920945877,0.19942516779381925,0.19955872753614345,-0.556323987243875,-0.351187300463749,0.35846947528149187,0.5682401592330436,False,strategy CAGR > QQQ CAGR AND strategy MaxDD >= QQQ MaxDD AND strategy Calmar > QQQ Calmar,True
baseline,PHASE7A_FIXED_FOUR_STATE,quarterly,after_tax,2013-01-02,2026-08-31,2013-01-02,2026-08-31,True,-0.03462187552906504,-0.20513668678012598,-0.2717639047680797,-0.3772011798884195,-0.5776301215848653,0.16493685200707842,0.19955872753614345,-0.556323987243875,-0.351187300463749,0.2964762544649639,0.5682401592330436,False,strategy CAGR > QQQ CAGR AND strategy MaxDD >= QQQ MaxDD AND strategy Calmar > QQQ Calmar,True
slippage_00bps,FIXED_MA200_QQQ_TO_QLD,weekly,pre_tax,2013-01-02,2026-08-31,2013-01-02,2026-08-31,True,0.09018835166530592,-0.14010254576679348,0.021492292693802706,-0.043129744696748795,-0.20821469568228834,0.2897909795163687,0.19960262785106275,-0.4912898462305424,-0.3511873004637489,0.5898574573437887,0.568365164649986,False,strategy CAGR > QQQ CAGR AND strategy MaxDD >= QQQ MaxDD AND strategy Calmar > QQQ Calmar,True
slippage_00bps,FIXED_MA200_QQQ_TO_QLD,weekly,after_tax,2013-01-02,2026-08-31,2013-01-02,2026-08-31,True,0.04468736604290835,-0.14010254576679348,-0.07112306659258849,-0.16216047137044665,-0.37927935180435157,0.2442899938939711,0.19960262785106275,-0.4912898462305424,-0.3511873004637489,0.4972420980573975,0.568365164649986,False,strategy CAGR > QQQ CAGR AND strategy MaxDD >= QQQ MaxDD AND strategy Calmar > QQQ Calmar,True
slippage_00bps,FIXED_MA200_QQQ_TO_QLD,monthly,pre_tax,2013-01-02,2026-08-31,2013-01-02,2026-08-31,True,0.08057607983251147,-0.16596691857311607,-0.026595036185459442,-0.08715446310482211,-0.23954974185761446,0.2801787076835742,0.19960262785106275,-0.517154219036865,-0.3511873004637489,0.5417701284645265,0.568365164649986,False,strategy CAGR > QQQ CAGR AND strategy MaxDD >= QQQ MaxDD AND strategy Calmar > QQQ Calmar,True
slippage_00bps,FIXED_MA200_QQQ_TO_QLD,monthly,after_tax,2013-01-02,2026-08-31,2013-01-02,2026-08-31,True,0.035215951277077995,-0.1752198547839996,-0.1222873011801674,-0.19901476763372294,-0.38880876943868325,0.23481857912814075,0.19960262785106275,-0.5264071552477485,-0.3511873004637489,0.4460778634698186,0.568365164649986,False,strategy CAGR > QQQ CAGR AND strategy MaxDD >= QQQ MaxDD AND strategy Calmar > QQQ Calmar,True
slippage_00bps,FIXED_MA200_QQQ_TO_QLD,bimonthly,pre_tax,2013-01-02,2026-08-31,2013-01-02,2026-08-31,True,0.12497319224846803,-0.16596691857311607,0.05925384753561047,-0.02088712944870208,-0.15416851383276797,0.3245758200995308,0.19960262785106275,-0.517154219036865,-0.3511873004637489,0.6276190121855965,0.568365164649986,False,strategy CAGR > QQQ CAGR AND strategy MaxDD >= QQQ MaxDD AND strategy Calmar > QQQ Calmar,True
slippage_00bps,FIXED_MA200_QQQ_TO_QLD,bimonthly,after_tax,2013-01-02,2026-08-31,2013-01-02,2026-08-31,True,0.07834900590437188,-0.16596691857311607,-0.030901438117724944,-0.12701465471913254,-0.3001965150345586,0.27795163375543464,0.19960262785106275,-0.517154219036865,-0.3511873004637489,0.537463726532261,0.568365164649986,False,strategy CAGR > QQQ CAGR AND strategy MaxDD >= QQQ MaxDD AND strategy Calmar > QQQ Calmar,True
slippage_00bps,FIXED_MA200_QQQ_TO_QLD,quarterly,pre_tax,2013-01-02,2026-08-31,2013-01-02,2026-08-31,True,0.006626617182130312,-0.16596691857311607,-0.1695880930498176,-0.26469803076427323,-0.4432126498890816,0.20622924503319306,0.19960262785106275,-0.517154219036865,-0.3511873004637489,0.3987770716001684,0.568365164649986,False,strategy CAGR > QQQ CAGR AND strategy MaxDD >= QQQ MaxDD AND strategy Calmar > QQQ Calmar,True
slippage_00bps,FIXED_MA200_QQQ_TO_QLD,quarterly,after_tax,2013-01-02,2026-08-31,2013-01-02,2026-08-31,True,-0.029233234689512333,-0.1893967442305884,-0.2532071520640199,-0.3545009439274739,-0.5571081562405108,0.17036939316155042,0.19960262785106275,-0.5405840446943373,-0.3511873004637489,0.3151580125859661,0.568365164649986,False,strategy CAGR > QQQ CAGR AND strategy MaxDD >= QQQ MaxDD AND strategy Calmar > QQQ Calmar,True
slippage_00bps,PHASE7A_FIXED_FOUR_STATE,weekly,pre_tax,2013-01-02,2026-08-31,2013-01-02,2026-08-31,True,0.09690122373670773,-0.14010254576679326,0.035156063933747816,-0.0397764722346734,-0.20588951166586122,0.2965038515877705,0.19960262785106275,-0.49128984623054217,-0.3511873004637489,0.6035212285837338,0.568365164649986,False,strategy CAGR > QQQ CAGR AND strategy MaxDD >= QQQ MaxDD AND strategy Calmar > QQQ Calmar,True
slippage_00bps,PHASE7A_FIXED_FOUR_STATE,weekly,after_tax,2013-01-02,2026-08-31,2013-01-02,2026-08-31,True,0.04900761079215821,-0.14010254576679337,-0.062329388517624595,-0.15214787200251223,-0.33163477111229056,0.24861023864322096,0.19960262785106275,-0.4912898462305423,-0.3511873004637489,0.5060357761323614,0.568365164649986,False,strategy CAGR > QQQ CAGR AND strategy MaxDD >= QQQ MaxDD AND strategy Calmar > QQQ Calmar,True
slippage_00bps,PHASE7A_FIXED_FOUR_STATE,monthly,pre_tax,2013-01-02,2026-08-31,2013-01-02,2026-08-31,True,0.08276655855791826,-0.16596691857311607,-0.02235939690268174,-0.09566496467419117,-0.2513289997297037,0.282369186408981,0.19960262785106275,-0.517154219036865,-0.3511873004637489,0.5460057677473042,0.568365164649986,False,strategy CAGR > QQQ CAGR AND strategy MaxDD >= QQQ MaxDD AND strategy Calmar > QQQ Calmar,True
slippage_00bps,PHASE7A_FIXED_FOUR_STATE,monthly,after_tax,2013-01-02,2026-08-31,2013-01-02,2026-08-31,True,0.034657245894122335,-0.16596691857311607,-0.11538641068861488,-0.20635230449969488,-0.3781834835014959,0.2342598737451851,0.19960262785106275,-0.517154219036865,-0.3511873004637489,0.4529787539613711,0.568365164649986,False,strategy CAGR > QQQ CAGR AND strategy MaxDD >= QQQ MaxDD AND strategy Calmar > QQQ Calmar,True
slippage_00bps,PHASE7A_FIXED_FOUR_STATE,bimonthly,pre_tax,2013-01-02,2026-08-31,2013-01-02,2026-08-31,True,0.12928744171217788,-0.1793902622858461,0.05150663667316879,-0.027002685031284446,-0.1618770267729297,0.32889006956324063,0.19960262785106275,-0.530577562749595,-0.3511873004637489,0.6198718013231548,0.568365164649986,False,strategy CAGR > QQQ CAGR AND strategy MaxDD >= QQQ MaxDD AND strategy Calmar > QQQ Calmar,True
slippage_00bps,PHASE7A_FIXED_FOUR_STATE,bimonthly,after_tax,2013-01-02,2026-08-31,2013-01-02,2026-08-31,True,0.07774097924354484,-0.18149640857460492,-0.047711721736757084,-0.13585026671105982,-0.2908235748418674,0.2773436070946076,0.19960262785106275,-0.5326837090383538,-0.3511873004637489,0.5206534429132289,0.568365164649986,False,strategy CAGR > QQQ CAGR AND strategy MaxDD >= QQQ MaxDD AND strategy Calmar > QQQ Calmar,True
slippage_00bps,PHASE7A_FIXED_FOUR_STATE,quarterly,pre_tax,2013-01-02,2026-08-31,2013-01-02,2026-08-31,True,0.000811763396528109,-0.20513668678012598,-0.2081175466379021,-0.2944098962079954,-0.4853881176823538,0.20041439124759086,0.19960262785106275,-0.5563239872438749,-0.3511873004637489,0.3602476180120839,0.568365164649986,False,strategy CAGR > QQQ CAGR AND strategy MaxDD >= QQQ MaxDD AND strategy Calmar > QQQ Calmar,True
slippage_00bps,PHASE7A_FIXED_FOUR_STATE,quarterly,after_tax,2013-01-02,2026-08-31,2013-01-02,2026-08-31,True,-0.03384600295296458,-0.20513668678012598,-0.27041535716588827,-0.37544324629871684,-0.5756442710676024,0.16575662489809817,0.19960262785106275,-0.5563239872438749,-0.3511873004637489,0.2979498074840977,0.568365164649986,False,strategy CAGR > QQQ CAGR AND strategy MaxDD >= QQQ MaxDD AND strategy Calmar > QQQ Calmar,True
slippage_05bps,FIXED_MA200_QQQ_TO_QLD,weekly,pre_tax,2013-01-02,2026-08-31,2013-01-02,2026-08-31,True,0.08914681052418927,-0.14035690084367813,0.019103842165860585,-0.045527653448066085,-0.21113136975111435,0.2887055380603327,0.19955872753614345,-0.49154420130742715,-0.351187300463749,0.5873440013989042,0.5682401592330436,False,strategy CAGR > QQQ CAGR AND strategy MaxDD >= QQQ MaxDD AND strategy Calmar > QQQ Calmar,True
slippage_05bps,FIXED_MA200_QQQ_TO_QLD,weekly,after_tax,2013-01-02,2026-08-31,2013-01-02,2026-08-31,True,0.04380665913477766,-0.14035690084367813,-0.07313639028691626,-0.16421544145289713,-0.3816771219195141,0.2433653866709211,0.19955872753614345,-0.49154420130742715,-0.351187300463749,0.49510376894612734,0.5682401592330436,False,strategy CAGR > QQQ CAGR AND strategy MaxDD >= QQQ MaxDD AND strategy Calmar > QQQ Calmar,True
slippage_05bps,FIXED_MA200_QQQ_TO_QLD,monthly,pre_tax,2013-01-02,2026-08-31,2013-01-02,2026-08-31,True,0.07982359202355704,-0.16596691857311596,-0.02800997397028948,-0.08878566151678524,-0.24135132260390413,0.2793823195597005,0.19955872753614345,-0.517154219036865,-0.351187300463749,0.5402301852627541,0.5682401592330436,False,strategy CAGR > QQQ CAGR AND strategy MaxDD >= QQQ MaxDD AND strategy Calmar > QQQ Calmar,True
slippage_05bps,FIXED_MA200_QQQ_TO_QLD,monthly,after_tax,2013-01-02,2026-08-31,2013-01-02,2026-08-31,True,0.034576910586860965,-0.17659091098881352,-0.12461510415808841,-0.20044600974938398,-0.3904410749234185,0.23413563812300442,0.19955872753614345,-0.5277782114525625,-0.351187300463749,0.4436250550749552,0.5682401592330436,False,strategy CAGR > QQQ CAGR AND strategy MaxDD >= QQQ MaxDD AND strategy Calmar > QQQ Calmar,True
slippage_05bps,FIXED_MA200_QQQ_TO_QLD,bimonthly,pre_tax,2013-01-02,2026-08-31,2013-01-02,2026-08-31,True,0.12448385717117794,-0.16596691857311596,0.05834775744451948,-0.021825443583288084,-0.155123683404369,0.3240425847073214,0.19955872753614345,-0.517154219036865,-0.351187300463749,0.6265879166775631,0.5682401592330436,False,strategy CAGR > QQQ CAGR AND strategy MaxDD >= QQQ MaxDD AND strategy Calmar > QQQ Calmar,True
slippage_05bps,FIXED_MA200_QQQ_TO_QLD,bimonthly,after_tax,2013-01-02,2026-08-31,2013-01-02,2026-08-31,True,0.07792662575595166,-0.16596691857311596,-0.03167806019636388,-0.12786680458610322,-0.30116093048692616,0.2774853532920951,0.19955872753614345,-0.517154219036865,-0.351187300463749,0.5365620990366797,0.5682401592330436,False,strategy CAGR > QQQ CAGR AND strategy MaxDD >= QQQ MaxDD AND strategy Calmar > QQQ Calmar,True
slippage_05bps,FIXED_MA200_QQQ_TO_QLD,quarterly,pre_tax,2013-01-02,2026-08-31,2013-01-02,2026-08-31,True,0.006096654414113223,-0.16596691857311596,-0.1705727432478002,-0.26589776859007486,-0.4445580338784384,0.20565538195025668,0.19955872753614345,-0.517154219036865,-0.351187300463749,0.3976674159852434,0.5682401592330436,False,strategy CAGR > QQQ CAGR AND strategy MaxDD >= QQQ MaxDD AND strategy Calmar > QQQ Calmar,True
slippage_05bps,FIXED_MA200_QQQ_TO_QLD,quarterly,after_tax,2013-01-02,2026-08-31,2013-01-02,2026-08-31,True,-0.029678054960560862,-0.189796734221933,-0.25421855843980534,-0.3555318043223178,-0.5583292839078735,0.1698806725755826,0.19955872753614345,-0.540984034685682,-0.351187300463749,0.31402160079323826,0.5682401592330436,False,strategy CAGR > QQQ CAGR AND strategy MaxDD >= QQQ MaxDD AND strategy Calmar > QQQ Calmar,True
slippage_05bps,PHASE7A_FIXED_FOUR_STATE,weekly,pre_tax,2013-01-02,2026-08-31,2013-01-02,2026-08-31,True,0.09415620447098294,-0.14035690084367802,0.029294978453237253,-0.04597591143820823,-0.21285918398789416,0.2937149320071264,0.19955872753614345,-0.49154420130742704,-0.351187300463749,0.5975351376862809,0.5682401592330436,False,strategy CAGR > QQQ CAGR AND strategy MaxDD >= QQQ MaxDD AND strategy Calmar > QQQ Calmar,True
slippage_05bps,PHASE7A_FIXED_FOUR_STATE,weekly,after_tax,2013-01-02,2026-08-31,2013-01-02,2026-08-31,True,0.04679041742446599,-0.14035690084367813,-0.06706621738740481,-0.15736282183983286,-0.3374819431784769,0.24634914496060945,0.19955872753614345,-0.49154420130742715,-0.351187300463749,0.5011739418456388,0.5682401592330436,False,strategy CAGR > QQQ CAGR AND strategy MaxDD >= QQQ MaxDD AND strategy Calmar > QQQ Calmar,True
slippage_05bps,PHASE7A_FIXED_FOUR_STATE,monthly,pre_tax,2013-01-02,2026-08-31,2013-01-02,2026-08-31,True,0.0810407912875919,-0.16596691857311596,-0.02565632544683405,-0.09941050808707363,-0.25553404184457496,0.28059951882373535,0.19955872753614345,-0.517154219036865,-0.351187300463749,0.5425838337862096,0.5682401592330436,False,strategy CAGR > QQQ CAGR AND strategy MaxDD >= QQQ MaxDD AND strategy Calmar > QQQ Calmar,True
slippage_05bps,PHASE7A_FIXED_FOUR_STATE,monthly,after_tax,2013-01-02,2026-08-31,2013-01-02,2026-08-31,True,0.03324907233157992,-0.16596691857311585,-0.11806922124611424,-0.20952873568668917,-0.3817995819376917,0.23280779986772338,0.19955872753614345,-0.5171542190368649,-0.351187300463749,0.45017093798692936,0.5682401592330436,False,strategy CAGR > QQQ CAGR AND strategy MaxDD >= QQQ MaxDD AND strategy Calmar > QQQ Calmar,True
slippage_05bps,PHASE7A_FIXED_FOUR_STATE,bimonthly,pre_tax,2013-01-02,2026-08-31,2013-01-02,2026-08-31,True,0.1281805272132408,-0.17948067312402383,0.04935741789900838,-0.029152526396516665,-0.16429789864835898,0.32773925474938426,0.19955872753614345,-0.5306679735877728,-0.351187300463749,0.617597577132052,0.5682401592330436,False,strategy CAGR > QQQ CAGR AND strategy MaxDD >= QQQ MaxDD AND strategy Calmar > QQQ Calmar,True
slippage_05bps,PHASE7A_FIXED_FOUR_STATE,bimonthly,after_tax,2013-01-02,2026-08-31,2013-01-02,2026-08-31,True,0.07682200251224947,-0.18156845245100695,-0.049464475373623196,-0.13772244463624617,-0.29296776505525657,0.2763807300483929,0.19955872753614345,-0.532755752914756,-0.351187300463749,0.5187756838594204,0.5682401592330436,False,strategy CAGR > QQQ CAGR AND strategy MaxDD >= QQQ MaxDD AND strategy Calmar > QQQ Calmar,True
slippage_05bps,PHASE7A_FIXED_FOUR_STATE,quarterly,pre_tax,2013-01-02,2026-08-31,2013-01-02,2026-08-31,True,-0.00013355974232420742,-0.20513668678012598,-0.20977068395155174,-0.29649634010284065,-0.4877172920945877,0.19942516779381925,0.19955872753614345,-0.556323987243875,-0.351187300463749,0.35846947528149187,0.5682401592330436,False,strategy CAGR > QQQ CAGR AND strategy MaxDD >= QQQ MaxDD AND strategy Calmar > QQQ Calmar,True
slippage_05bps,PHASE7A_FIXED_FOUR_STATE,quarterly,after_tax,2013-01-02,2026-08-31,2013-01-02,2026-08-31,True,-0.03462187552906504,-0.20513668678012598,-0.2717639047680797,-0.3772011798884195,-0.5776301215848653,0.16493685200707842,0.19955872753614345,-0.556323987243875,-0.351187300463749,0.2964762544649639,0.5682401592330436,False,strategy CAGR > QQQ CAGR AND strategy MaxDD >= QQQ MaxDD AND strategy Calmar > QQQ Calmar,True
slippage_10bps,FIXED_MA200_QQQ_TO_QLD,weekly,pre_tax,2013-01-02,2026-08-31,2013-01-02,2026-08-31,True,0.08810618233729572,-0.14061125592056267,0.01671982871889388,-0.04792715975278883,-0.21387431609851815,0.28762103309758724,0.19951485076029152,-0.4917985563843118,-0.35118730046374913,0.584835049562098,0.5681152208432041,False,strategy CAGR > QQQ CAGR AND strategy MaxDD >= QQQ MaxDD AND strategy Calmar > QQQ Calmar,True
slippage_10bps,FIXED_MA200_QQQ_TO_QLD,weekly,after_tax,2013-01-02,2026-08-31,2013-01-02,2026-08-31,True,0.042926885726073616,-0.14061125592056267,-0.07514562315103213,-0.1662703455515444,-0.383874689904559,0.24244173648636513,0.19951485076029152,-0.4917985563843118,-0.35118730046374913,0.49296959769217197,0.5681152208432041,False,strategy CAGR > QQQ CAGR AND strategy MaxDD >= QQQ MaxDD AND strategy Calmar > QQQ Calmar,True
slippage_10bps,FIXED_MA200_QQQ_TO_QLD,monthly,pre_tax,2013-01-02,2026-08-31,2013-01-02,2026-08-31,True,0.07907159910557349,-0.16596691857311585,-0.029423976315222866,-0.09041803224273215,-0.2432219243966851,0.278586449865865,0.19951485076029152,-0.517154219036865,-0.35118730046374913,0.5386912445279812,0.5681152208432041,False,strategy CAGR > QQQ CAGR AND strategy MaxDD >= QQQ MaxDD AND strategy Calmar > QQQ Calmar,True
slippage_10bps,FIXED_MA200_QQQ_TO_QLD,monthly,after_tax,2013-01-02,2026-08-31,2013-01-02,2026-08-31,True,0.03393839573155688,-0.17795795596248354,-0.1269258807581083,-0.20187724266803353,-0.39214479584039674,0.2334532464918484,0.19951485076029152,-0.5291452564262327,-0.35118730046374913,0.4411893400850958,0.5681152208432041,False,strategy CAGR > QQQ CAGR AND strategy MaxDD >= QQQ MaxDD AND strategy Calmar > QQQ Calmar,True
slippage_10bps,FIXED_MA200_QQQ_TO_QLD,bimonthly,pre_tax,2013-01-02,2026-08-31,2013-01-02,2026-08-31,True,0.12399473717720055,-0.16596691857311585,0.05744206174068012,-0.022764367200386215,-0.15616418259729925,0.32350958793749207,0.19951485076029152,-0.517154219036865,-0.35118730046374913,0.6255572825838842,0.5681152208432041,False,strategy CAGR > QQQ CAGR AND strategy MaxDD >= QQQ MaxDD AND strategy Calmar > QQQ Calmar,True
slippage_10bps,FIXED_MA200_QQQ_TO_QLD,bimonthly,after_tax,2013-01-02,2026-08-31,2013-01-02,2026-08-31,True,0.07750447790103698,-0.16596691857311585,-0.032454254609104116,-0.1287188969473354,-0.302212884198061,0.2770193286613285,0.19951485076029152,-0.517154219036865,-0.35118730046374913,0.5356609662341,0.5681152208432041,False,strategy CAGR > QQQ CAGR AND strategy MaxDD >= QQQ MaxDD AND strategy Calmar > QQQ Calmar,True
slippage_10bps,FIXED_MA200_QQQ_TO_QLD,quarterly,pre_tax,2013-01-02,2026-08-31,2013-01-02,2026-08-31,True,0.005566962891778937,-0.16596691857311585,-0.17155689045964911,-0.2670978528721938,-0.44590470233115975,0.20508181365207045,0.19951485076029152,-0.517154219036865,-0.35118730046374913,0.396558330383555,0.5681152208432041,False,strategy CAGR > QQQ CAGR AND strategy MaxDD >= QQQ MaxDD AND strategy Calmar > QQQ Calmar,True
slippage_10bps,FIXED_MA200_QQQ_TO_QLD,quarterly,after_tax,2013-01-02,2026-08-31,2013-01-02,2026-08-31,True,-0.030122596259752443,-0.1901963246228766,-0.25522756290298665,-0.3565623296367757,-0.5595505365341528,0.16939225450053907,0.19951485076029152,-0.5413836250866257,-0.35118730046374913,0.31288765794021745,0.5681152208432041,False,strategy CAGR > QQQ CAGR AND strategy MaxDD >= QQQ MaxDD AND strategy Calmar > QQQ Calmar,True
slippage_10bps,PHASE7A_FIXED_FOUR_STATE,weekly,pre_tax,2013-01-02,2026-08-31,2013-01-02,2026-08-31,True,0.09141715738532774,-0.14061125592056267,0.02345220929433567,-0.05217903364753029,-0.219635178247088,0.29093200814561926,0.19951485076029152,-0.4917985563843118,-0.35118730046374913,0.5915674301375398,0.5681152208432041,False,strategy CAGR > QQQ CAGR AND strategy MaxDD >= QQQ MaxDD AND strategy Calmar > QQQ Calmar,True
slippage_10bps,PHASE7A_FIXED_FOUR_STATE,weekly,after_tax,2013-01-02,2026-08-31,2013-01-02,2026-08-31,True,0.04457790820114438,-0.14061125592056278,-0.07178851188334368,-0.16257765966242832,-0.3432320735789621,0.2440927589614359,0.19951485076029152,-0.4917985563843119,-0.35118730046374913,0.4963267089598604,0.5681152208432041,False,strategy CAGR > QQQ CAGR AND strategy MaxDD >= QQQ MaxDD AND strategy Calmar > QQQ Calmar,True
slippage_10bps,PHASE7A_FIXED_FOUR_STATE,monthly,pre_tax,2013-01-02,2026-08-31,2013-01-02,2026-08-31,True,0.07931750067099497,-0.16596691857311585,-0.028948486497351045,-0.10315771959402864,-0.2596744752245974,0.2788323514312865,0.19951485076029152,-0.517154219036865,-0.35118730046374913,0.539166734345853,0.5681152208432041,False,strategy CAGR > QQQ CAGR AND strategy MaxDD >= QQQ MaxDD AND strategy Calmar > QQQ Calmar,True
slippage_10bps,PHASE7A_FIXED_FOUR_STATE,monthly,after_tax,2013-01-02,2026-08-31,2013-01-02,2026-08-31,True,0.031841489759452335,-0.16596691857311585,-0.1207509105401458,-0.21270757185796363,-0.3854332009994954,0.23135634051974385,0.19951485076029152,-0.517154219036865,-0.35118730046374913,0.4473643103030583,0.5681152208432041,False,strategy CAGR > QQQ CAGR AND strategy MaxDD >= QQQ MaxDD AND strategy Calmar > QQQ Calmar,True
slippage_10bps,PHASE7A_FIXED_FOUR_STATE,bimonthly,pre_tax,2013-01-02,2026-08-31,2013-01-02,2026-08-31,True,0.12707464759262388,-0.17957099364168394,0.04721100576502235,-0.03130349790271436,-0.16672317314643958,0.3265894983529154,0.19951485076029152,-0.5307582941054331,-0.35118730046374913,0.6153262266082264,0.5681152208432041,False,strategy CAGR > QQQ CAGR AND strategy MaxDD >= QQQ MaxDD AND strategy Calmar > QQQ Calmar,True
slippage_10bps,PHASE7A_FIXED_FOUR_STATE,bimonthly,after_tax,2013-01-02,2026-08-31,2013-01-02,2026-08-31,True,0.07590393565690112,-0.18164042435550432,-0.05121496661821878,-0.1395945256350195,-0.2951144802531185,0.27541878641719264,0.19951485076029152,-0.5328277248192534,-0.35118730046374913,0.5169002542249853,0.5681152208432041,False,strategy CAGR > QQQ CAGR AND strategy MaxDD >= QQQ MaxDD AND strategy Calmar > QQQ Calmar,True
slippage_10bps,PHASE7A_FIXED_FOUR_STATE,quarterly,pre_tax,2013-01-02,2026-08-31,2013-01-02,2026-08-31,True,-0.001078089755322642,-0.20513668678012587,-0.21142242032590336,-0.2985832722461652,-0.490047351204842,0.19843676100496888,0.19951485076029152,-0.556323987243875,-0.35118730046374913,0.35669280051730073,0.5681152208432041,False,strategy CAGR > QQQ CAGR AND strategy MaxDD >= QQQ MaxDD AND strategy Calmar > QQQ Calmar,True
slippage_10bps,PHASE7A_FIXED_FOUR_STATE,quarterly,after_tax,2013-01-02,2026-08-31,2013-01-02,2026-08-31,True,-0.035397036247762026,-0.20513668678012587,-0.2731111975121278,-0.37895862384451007,-0.5796168333618703,0.1641178145125295,0.19951485076029152,-0.556323987243875,-0.35118730046374913,0.2950040233310763,0.5681152208432041,False,strategy CAGR > QQQ CAGR AND strategy MaxDD >= QQQ MaxDD AND strategy Calmar > QQQ Calmar,True
slippage_20bps,FIXED_MA200_QQQ_TO_QLD,weekly,pre_tax,2013-01-02,2026-08-31,2013-01-02,2026-08-31,True,0.0860276594525935,-0.1411199660743323,0.011965074307250356,-0.052730835260504705,-0.21963355191749545,0.2854548271809425,0.199427167728349,-0.4923072665380813,-0.351187300463749,0.5798306191746243,0.567865544867374,False,strategy CAGR > QQQ CAGR AND strategy MaxDD >= QQQ MaxDD AND strategy Calmar > QQQ Calmar,True
slippage_20bps,FIXED_MA200_QQQ_TO_QLD,weekly,after_tax,2013-01-02,2026-08-31,2013-01-02,2026-08-31,True,0.04115866092801612,-0.1411199660743323,-0.07917515776792788,-0.17040290574575934,-0.38861706384558503,0.24058582865636513,0.199427167728349,-0.4923072665380813,-0.351187300463749,0.48869038709944607,0.567865544867374,False,strategy CAGR > QQQ CAGR AND strategy MaxDD >= QQQ MaxDD AND strategy Calmar > QQQ Calmar,True
slippage_20bps,FIXED_MA200_QQQ_TO_QLD,monthly,pre_tax,2013-01-02,2026-08-31,2013-01-02,2026-08-31,True,0.07756909504658505,-0.16596691857311596,-0.03224918019610634,-0.09368622873575116,-0.24696931750217432,0.27699626277493405,0.199427167728349,-0.517154219036865,-0.351187300463749,0.5356163646712676,0.567865544867374,False,strategy CAGR > QQQ CAGR AND strategy MaxDD >= QQQ MaxDD AND strategy Calmar > QQQ Calmar,True
slippage_20bps,FIXED_MA200_QQQ_TO_QLD,monthly,after_tax,2013-01-02,2026-08-31,2013-01-02,2026-08-31,True,0.032662941374524745,-0.1806800621824105,-0.13149714664836432,-0.20473963526574213,-0.3955528464048186,0.23209010910287375,0.199427167728349,-0.5318673626461595,-0.351187300463749,0.43636839821900963,0.567865544867374,False,strategy CAGR > QQQ CAGR AND strategy MaxDD >= QQQ MaxDD AND strategy Calmar > QQQ Calmar,True
slippage_20bps,FIXED_MA200_QQQ_TO_QLD,bimonthly,pre_tax,2013-01-02,2026-08-31,2013-01-02,2026-08-31,True,0.1230171410105394,-0.16596691857311596,0.05563185082128652,-0.024644021400366034,-0.158251758823174,0.3224443087388884,0.199427167728349,-0.517154219036865,-0.351187300463749,0.6234973956886605,0.567865544867374,False,strategy CAGR > QQQ CAGR AND strategy MaxDD >= QQQ MaxDD AND strategy Calmar > QQQ Calmar,True
slippage_20bps,FIXED_MA200_QQQ_TO_QLD,bimonthly,after_tax,2013-01-02,2026-08-31,2013-01-02,2026-08-31,True,0.07666087792994736,-0.16596691857311596,-0.03400536255565312,-0.13042289330658108,-0.3043195337210385,0.27608804565829637,0.199427167728349,-0.517154219036865,-0.351187300463749,0.5338601823117208,0.567865544867374,False,strategy CAGR > QQQ CAGR AND strategy MaxDD >= QQQ MaxDD AND strategy Calmar > QQQ Calmar,True
slippage_20bps,FIXED_MA200_QQQ_TO_QLD,quarterly,pre_tax,2013-01-02,2026-08-31,2013-01-02,2026-08-31,True,0.004508391892254382,-0.16596691857311607,-0.17352367910747007,-0.2694990286484238,-0.44860183744859816,0.2039355596206034,0.199427167728349,-0.5171542190368651,-0.351187300463749,0.3943418657599039,0.567865544867374,False,strategy CAGR > QQQ CAGR AND strategy MaxDD >= QQQ MaxDD AND strategy Calmar > QQQ Calmar,True
slippage_20bps,FIXED_MA200_QQQ_TO_QLD,quarterly,after_tax,2013-01-02,2026-08-31,2013-01-02,2026-08-31,True,-0.03101084331586934,-0.19099430904631853,-0.25723840175076035,-0.358622354400272,-0.5619933701844309,0.16841632441247967,0.199427167728349,-0.5421816095100676,-0.351187300463749,0.3106271431166136,0.567865544867374,False,strategy CAGR > QQQ CAGR AND strategy MaxDD >= QQQ MaxDD AND strategy Calmar > QQQ Calmar,True
slippage_20bps,PHASE7A_FIXED_FOUR_STATE,weekly,pre_tax,2013-01-02,2026-08-31,2013-01-02,2026-08-31,True,0.08595692020571444,-0.1411199660743323,0.01182138508775843,-0.06459575327412159,-0.23363604829432316,0.28538408793406345,0.199427167728349,-0.4923072665380813,-0.351187300463749,0.5796869299551324,0.567865544867374,False,strategy CAGR > QQQ CAGR AND strategy MaxDD >= QQQ MaxDD AND strategy Calmar > QQQ Calmar,True
slippage_20bps,PHASE7A_FIXED_FOUR_STATE,weekly,after_tax,2013-01-02,2026-08-31,2013-01-02,2026-08-31,True,0.04016754824537716,-0.1411199660743322,-0.0811883571456426,-0.1730021664522161,-0.3549688784547216,0.23959471597372617,0.199427167728349,-0.4923072665380812,-0.351187300463749,0.48667718772173135,0.567865544867374,False,strategy CAGR > QQQ CAGR AND strategy MaxDD >= QQQ MaxDD AND strategy Calmar > QQQ Calmar,True
slippage_20bps,PHASE7A_FIXED_FOUR_STATE,monthly,pre_tax,2013-01-02,2026-08-31,2013-01-02,2026-08-31,True,0.07587832988778254,-0.16596691857311596,-0.03551854375646046,-0.1106569495586186,-0.26809582725890135,0.27530549761613154,0.199427167728349,-0.517154219036865,-0.351187300463749,0.5323470011109135,0.567865544867374,False,strategy CAGR > QQQ CAGR AND strategy MaxDD >= QQQ MaxDD AND strategy Calmar > QQQ Calmar,True
slippage_20bps,PHASE7A_FIXED_FOUR_STATE,monthly,after_tax,2013-01-02,2026-08-31,2013-01-02,2026-08-31,True,0.029033001414536574,-0.16811568903089802,-0.12792937318230696,-0.2190624558517542,-0.3927023519456099,0.22846016914288558,0.199427167728349,-0.519302989494647,-0.351187300463749,0.439936171685067,0.567865544867374,False,strategy CAGR > QQQ CAGR AND strategy MaxDD >= QQQ MaxDD AND strategy Calmar > QQQ Calmar,True
slippage_20bps,PHASE7A_FIXED_FOUR_STATE,bimonthly,pre_tax,2013-01-02,2026-08-31,2013-01-02,2026-08-31,True,0.12486598572768348,-0.179751364256293,0.042926576717948195,-0.03560875873076741,-0.17158674071712254,0.3242931534560325,0.199427167728349,-0.530938664720042,-0.351187300463749,0.6107921215853221,0.567865544867374,False,strategy CAGR > QQQ CAGR AND strategy MaxDD >= QQQ MaxDD AND strategy Calmar > QQQ Calmar,True
slippage_20bps,PHASE7A_FIXED_FOUR_STATE,bimonthly,after_tax,2013-01-02,2026-08-31,2013-01-02,2026-08-31,True,0.07407052866314756,-0.18178415267975556,-0.05470917452448376,-0.14333834409325952,-0.29941531866206417,0.27349769639149657,0.199427167728349,-0.5329714531435046,-0.351187300463749,0.5131563703428902,0.567865544867374,False,strategy CAGR > QQQ CAGR AND strategy MaxDD >= QQQ MaxDD AND strategy Calmar > QQQ Calmar,True
slippage_20bps,PHASE7A_FIXED_FOUR_STATE,quarterly,pre_tax,2013-01-02,2026-08-31,2013-01-02,2026-08-31,True,-0.002964775586638657,-0.20513668678012587,-0.21472169947070324,-0.3027585285438946,-0.4946362328504772,0.19646239214171035,0.199427167728349,-0.5563239872438749,-0.351187300463749,0.3531438453966707,0.567865544867374,False,strategy CAGR > QQQ CAGR AND strategy MaxDD >= QQQ MaxDD AND strategy Calmar > QQQ Calmar,True
slippage_20bps,PHASE7A_FIXED_FOUR_STATE,quarterly,after_tax,2013-01-02,2026-08-31,2013-01-02,2026-08-31,True,-0.03694522631684771,-0.20513668678012587,-0.27580202588005703,-0.38247199839357393,-0.5835927230943416,0.1624819414115013,0.199427167728349,-0.5563239872438749,-0.351187300463749,0.2920635189873169,0.567865544867374,False,strategy CAGR > QQQ CAGR AND strategy MaxDD >= QQQ MaxDD AND strategy Calmar > QQQ Calmar,True
execution_next_open,FIXED_MA200_QQQ_TO_QLD,weekly,pre_tax,2013-01-02,2026-08-31,2013-01-02,2026-08-31,True,0.08914681052418927,-0.14035690084367813,0.019103842165860585,-0.045527653448066085,-0.21113136975111435,0.2887055380603327,0.19955872753614345,-0.49154420130742715,-0.351187300463749,0.5873440013989042,0.5682401592330436,False,strategy CAGR > QQQ CAGR AND strategy MaxDD >= QQQ MaxDD AND strategy Calmar > QQQ Calmar,True
execution_next_open,FIXED_MA200_QQQ_TO_QLD,weekly,after_tax,2013-01-02,2026-08-31,2013-01-02,2026-08-31,True,0.04380665913477766,-0.14035690084367813,-0.07313639028691626,-0.16421544145289713,-0.3816771219195141,0.2433653866709211,0.19955872753614345,-0.49154420130742715,-0.351187300463749,0.49510376894612734,0.5682401592330436,False,strategy CAGR > QQQ CAGR AND strategy MaxDD >= QQQ MaxDD AND strategy Calmar > QQQ Calmar,True
execution_next_open,FIXED_MA200_QQQ_TO_QLD,monthly,pre_tax,2013-01-02,2026-08-31,2013-01-02,2026-08-31,True,0.07982359202355704,-0.16596691857311596,-0.02800997397028948,-0.08878566151678524,-0.24135132260390413,0.2793823195597005,0.19955872753614345,-0.517154219036865,-0.351187300463749,0.5402301852627541,0.5682401592330436,False,strategy CAGR > QQQ CAGR AND strategy MaxDD >= QQQ MaxDD AND strategy Calmar > QQQ Calmar,True
execution_next_open,FIXED_MA200_QQQ_TO_QLD,monthly,after_tax,2013-01-02,2026-08-31,2013-01-02,2026-08-31,True,0.034576910586860965,-0.17659091098881352,-0.12461510415808841,-0.20044600974938398,-0.3904410749234185,0.23413563812300442,0.19955872753614345,-0.5277782114525625,-0.351187300463749,0.4436250550749552,0.5682401592330436,False,strategy CAGR > QQQ CAGR AND strategy MaxDD >= QQQ MaxDD AND strategy Calmar > QQQ Calmar,True
execution_next_open,FIXED_MA200_QQQ_TO_QLD,bimonthly,pre_tax,2013-01-02,2026-08-31,2013-01-02,2026-08-31,True,0.12448385717117794,-0.16596691857311596,0.05834775744451948,-0.021825443583288084,-0.155123683404369,0.3240425847073214,0.19955872753614345,-0.517154219036865,-0.351187300463749,0.6265879166775631,0.5682401592330436,False,strategy CAGR > QQQ CAGR AND strategy MaxDD >= QQQ MaxDD AND strategy Calmar > QQQ Calmar,True
execution_next_open,FIXED_MA200_QQQ_TO_QLD,bimonthly,after_tax,2013-01-02,2026-08-31,2013-01-02,2026-08-31,True,0.07792662575595166,-0.16596691857311596,-0.03167806019636388,-0.12786680458610322,-0.30116093048692616,0.2774853532920951,0.19955872753614345,-0.517154219036865,-0.351187300463749,0.5365620990366797,0.5682401592330436,False,strategy CAGR > QQQ CAGR AND strategy MaxDD >= QQQ MaxDD AND strategy Calmar > QQQ Calmar,True
execution_next_open,FIXED_MA200_QQQ_TO_QLD,quarterly,pre_tax,2013-01-02,2026-08-31,2013-01-02,2026-08-31,True,0.006096654414113223,-0.16596691857311596,-0.1705727432478002,-0.26589776859007486,-0.4445580338784384,0.20565538195025668,0.19955872753614345,-0.517154219036865,-0.351187300463749,0.3976674159852434,0.5682401592330436,False,strategy CAGR > QQQ CAGR AND strategy MaxDD >= QQQ MaxDD AND strategy Calmar > QQQ Calmar,True
execution_next_open,FIXED_MA200_QQQ_TO_QLD,quarterly,after_tax,2013-01-02,2026-08-31,2013-01-02,2026-08-31,True,-0.029678054960560862,-0.189796734221933,-0.25421855843980534,-0.3555318043223178,-0.5583292839078735,0.1698806725755826,0.19955872753614345,-0.540984034685682,-0.351187300463749,0.31402160079323826,0.5682401592330436,False,strategy CAGR > QQQ CAGR AND strategy MaxDD >= QQQ MaxDD AND strategy Calmar > QQQ Calmar,True
execution_next_open,PHASE7A_FIXED_FOUR_STATE,weekly,pre_tax,2013-01-02,2026-08-31,2013-01-02,2026-08-31,True,0.09415620447098294,-0.14035690084367802,0.029294978453237253,-0.04597591143820823,-0.21285918398789416,0.2937149320071264,0.19955872753614345,-0.49154420130742704,-0.351187300463749,0.5975351376862809,0.5682401592330436,False,strategy CAGR > QQQ CAGR AND strategy MaxDD >= QQQ MaxDD AND strategy Calmar > QQQ Calmar,True
execution_next_open,PHASE7A_FIXED_FOUR_STATE,weekly,after_tax,2013-01-02,2026-08-31,2013-01-02,2026-08-31,True,0.04679041742446599,-0.14035690084367813,-0.06706621738740481,-0.15736282183983286,-0.3374819431784769,0.24634914496060945,0.19955872753614345,-0.49154420130742715,-0.351187300463749,0.5011739418456388,0.5682401592330436,False,strategy CAGR > QQQ CAGR AND strategy MaxDD >= QQQ MaxDD AND strategy Calmar > QQQ Calmar,True
execution_next_open,PHASE7A_FIXED_FOUR_STATE,monthly,pre_tax,2013-01-02,2026-08-31,2013-01-02,2026-08-31,True,0.0810407912875919,-0.16596691857311596,-0.02565632544683405,-0.09941050808707363,-0.25553404184457496,0.28059951882373535,0.19955872753614345,-0.517154219036865,-0.351187300463749,0.5425838337862096,0.5682401592330436,False,strategy CAGR > QQQ CAGR AND strategy MaxDD >= QQQ MaxDD AND strategy Calmar > QQQ Calmar,True
execution_next_open,PHASE7A_FIXED_FOUR_STATE,monthly,after_tax,2013-01-02,2026-08-31,2013-01-02,2026-08-31,True,0.03324907233157992,-0.16596691857311585,-0.11806922124611424,-0.20952873568668917,-0.3817995819376917,0.23280779986772338,0.19955872753614345,-0.5171542190368649,-0.351187300463749,0.45017093798692936,0.5682401592330436,False,strategy CAGR > QQQ CAGR AND strategy MaxDD >= QQQ MaxDD AND strategy Calmar > QQQ Calmar,True
execution_next_open,PHASE7A_FIXED_FOUR_STATE,bimonthly,pre_tax,2013-01-02,2026-08-31,2013-01-02,2026-08-31,True,0.1281805272132408,-0.17948067312402383,0.04935741789900838,-0.029152526396516665,-0.16429789864835898,0.32773925474938426,0.19955872753614345,-0.5306679735877728,-0.351187300463749,0.617597577132052,0.5682401592330436,False,strategy CAGR > QQQ CAGR AND strategy MaxDD >= QQQ MaxDD AND strategy Calmar > QQQ Calmar,True
execution_next_open,PHASE7A_FIXED_FOUR_STATE,bimonthly,after_tax,2013-01-02,2026-08-31,2013-01-02,2026-08-31,True,0.07682200251224947,-0.18156845245100695,-0.049464475373623196,-0.13772244463624617,-0.29296776505525657,0.2763807300483929,0.19955872753614345,-0.532755752914756,-0.351187300463749,0.5187756838594204,0.5682401592330436,False,strategy CAGR > QQQ CAGR AND strategy MaxDD >= QQQ MaxDD AND strategy Calmar > QQQ Calmar,True
execution_next_open,PHASE7A_FIXED_FOUR_STATE,quarterly,pre_tax,2013-01-02,2026-08-31,2013-01-02,2026-08-31,True,-0.00013355974232420742,-0.20513668678012598,-0.20977068395155174,-0.29649634010284065,-0.4877172920945877,0.19942516779381925,0.19955872753614345,-0.556323987243875,-0.351187300463749,0.35846947528149187,0.5682401592330436,False,strategy CAGR > QQQ CAGR AND strategy MaxDD >= QQQ MaxDD AND strategy Calmar > QQQ Calmar,True
execution_next_open,PHASE7A_FIXED_FOUR_STATE,quarterly,after_tax,2013-01-02,2026-08-31,2013-01-02,2026-08-31,True,-0.03462187552906504,-0.20513668678012598,-0.2717639047680797,-0.3772011798884195,-0.5776301215848653,0.16493685200707842,0.19955872753614345,-0.556323987243875,-0.351187300463749,0.2964762544649639,0.5682401592330436,False,strategy CAGR > QQQ CAGR AND strategy MaxDD >= QQQ MaxDD AND strategy Calmar > QQQ Calmar,True
execution_next_close,FIXED_MA200_QQQ_TO_QLD,weekly,pre_tax,2013-01-02,2026-08-31,2013-01-02,2026-08-31,True,0.08279718539687564,-0.16266340575273652,-0.0181945351554067,-0.058826250962903504,-0.22675452866063517,0.28173969759018336,0.19894251219330772,-0.5138507062164855,-0.351187300463749,0.5482909611327581,0.5664854962881648,False,strategy CAGR > QQQ CAGR AND strategy MaxDD >= QQQ MaxDD AND strategy Calmar > QQQ Calmar,True
execution_next_close,FIXED_MA200_QQQ_TO_QLD,weekly,after_tax,2013-01-02,2026-08-31,2013-01-02,2026-08-31,True,0.03821174210860723,-0.16266340575273663,-0.10496184470442699,-0.1761135263035667,-0.39261019487233895,0.23715425430191495,0.19894251219330772,-0.5138507062164857,-0.351187300463749,0.4615236515837378,0.5664854962881648,False,strategy CAGR > QQQ CAGR AND strategy MaxDD >= QQQ MaxDD AND strategy Calmar > QQQ Calmar,True
execution_next_close,FIXED_MA200_QQQ_TO_QLD,monthly,pre_tax,2013-01-02,2026-08-31,2013-01-02,2026-08-31,True,0.07271021923229903,-0.16596691857311596,-0.04120170003194168,-0.10425773170845265,-0.2621648168243954,0.27165273142560675,0.19894251219330772,-0.517154219036865,-0.351187300463749,0.5252837962562231,0.5664854962881648,False,strategy CAGR > QQQ CAGR AND strategy MaxDD >= QQQ MaxDD AND strategy Calmar > QQQ Calmar,True
execution_next_close,FIXED_MA200_QQQ_TO_QLD,monthly,after_tax,2013-01-02,2026-08-31,2013-01-02,2026-08-31,True,0.028472738223368044,-0.19385608473751603,-0.1492430224019815,-0.21269056811499942,-0.40359749667735945,0.22741525041667576,0.19894251219330772,-0.545043385201265,-0.351187300463749,0.4172424738861833,0.5664854962881648,False,strategy CAGR > QQQ CAGR AND strategy MaxDD >= QQQ MaxDD AND strategy Calmar > QQQ Calmar,True
execution_next_close,FIXED_MA200_QQQ_TO_QLD,bimonthly,pre_tax,2013-01-02,2026-08-31,2013-01-02,2026-08-31,True,0.1255215341339777,-0.16596691857311596,0.06091738351731979,-0.019385169323645646,-0.151800597859157,0.3244640463272854,0.19894251219330772,-0.517154219036865,-0.351187300463749,0.6274028798054846,0.5664854962881648,False,strategy CAGR > QQQ CAGR AND strategy MaxDD >= QQQ MaxDD AND strategy Calmar > QQQ Calmar,True
execution_next_close,FIXED_MA200_QQQ_TO_QLD,bimonthly,after_tax,2013-01-02,2026-08-31,2013-01-02,2026-08-31,True,0.07889316085567799,-0.1667636796781391,-0.03007243076432875,-0.1258262687377677,-0.30178699754737315,0.2778356730489857,0.19894251219330772,-0.5179509801418881,-0.351187300463749,0.536413065523836,0.5664854962881648,False,strategy CAGR > QQQ CAGR AND strategy MaxDD >= QQQ MaxDD AND strategy Calmar > QQQ Calmar,True
execution_next_close,FIXED_MA200_QQQ_TO_QLD,quarterly,pre_tax,2013-01-02,2026-08-31,2013-01-02,2026-08-31,True,0.008529751755153692,-0.16596691857311596,-0.16530484975906456,-0.259252348781019,-0.43874216901418217,0.2074722639484614,0.19894251219330772,-0.517154219036865,-0.351187300463749,0.40118064652910024,0.5664854962881648,False,strategy CAGR > QQQ CAGR AND strategy MaxDD >= QQQ MaxDD AND strategy Calmar > QQQ Calmar,True
execution_next_close,FIXED_MA200_QQQ_TO_QLD,quarterly,after_tax,2013-01-02,2026-08-31,2013-01-02,2026-08-31,True,-0.02752090669375007,-0.17259356910275658,-0.23920816437371262,-0.34860662147911814,-0.546719717814366,0.17142160549955765,0.19894251219330772,-0.5237808695665056,-0.351187300463749,0.3272773319144522,0.5664854962881648,False,strategy CAGR > QQQ CAGR AND strategy MaxDD >= QQQ MaxDD AND strategy Calmar > QQQ Calmar,True
execution_next_close,PHASE7A_FIXED_FOUR_STATE,weekly,pre_tax,2013-01-02,2026-08-31,2013-01-02,2026-08-31,True,0.08518488996725027,-0.1626634057527364,-0.013547845870973352,-0.06522260986715145,-0.23466334826566482,0.284127402160558,0.19894251219330772,-0.5138507062164854,-0.351187300463749,0.5529376504171915,0.5664854962881648,False,strategy CAGR > QQQ CAGR AND strategy MaxDD >= QQQ MaxDD AND strategy Calmar > QQQ Calmar,True
execution_next_close,PHASE7A_FIXED_FOUR_STATE,weekly,after_tax,2013-01-02,2026-08-31,2013-01-02,2026-08-31,True,0.0390037378365129,-0.16266340575273663,-0.10342054930807115,-0.17437956090131446,-0.3556337407772273,0.23794625002982062,0.19894251219330772,-0.5138507062164857,-0.351187300463749,0.46306494698009365,0.5664854962881648,False,strategy CAGR > QQQ CAGR AND strategy MaxDD >= QQQ MaxDD AND strategy Calmar > QQQ Calmar,True
execution_next_close,PHASE7A_FIXED_FOUR_STATE,monthly,pre_tax,2013-01-02,2026-08-31,2013-01-02,2026-08-31,True,0.07570570055153203,-0.16657995950143245,-0.036038258733381734,-0.11088165370373715,-0.27152522632204745,0.27464821274483975,0.19894251219330772,-0.5177672599651815,-0.351187300463749,0.5304472375547831,0.5664854962881648,False,strategy CAGR > QQQ CAGR AND strategy MaxDD >= QQQ MaxDD AND strategy Calmar > QQQ Calmar,True
execution_next_close,PHASE7A_FIXED_FOUR_STATE,monthly,after_tax,2013-01-02,2026-08-31,2013-01-02,2026-08-31,True,0.02881220033675924,-0.18315054450068247,-0.1402482108770452,-0.2185175375150633,-0.39424587369655606,0.22775471253006696,0.19894251219330772,-0.5343378449644315,-0.351187300463749,0.4262372854111196,0.5664854962881648,False,strategy CAGR > QQQ CAGR AND strategy MaxDD >= QQQ MaxDD AND strategy Calmar > QQQ Calmar,True
execution_next_close,PHASE7A_FIXED_FOUR_STATE,bimonthly,pre_tax,2013-01-02,2026-08-31,2013-01-02,2026-08-31,True,0.1286850031384632,-0.1766837064058212,0.05417279156647248,-0.0281152707507053,-0.16256782360529987,0.3276275153317709,0.19894251219330772,-0.5278710068695702,-0.351187300463749,0.6206582878546373,0.5664854962881648,False,strategy CAGR > QQQ CAGR AND strategy MaxDD >= QQQ MaxDD AND strategy Calmar > QQQ Calmar,True
execution_next_close,PHASE7A_FIXED_FOUR_STATE,bimonthly,after_tax,2013-01-02,2026-08-31,2013-01-02,2026-08-31,True,0.07756433619937586,-0.1801835352899287,-0.04612037688808335,-0.13578014000963468,-0.2915301554599231,0.2765068483926836,0.19894251219330772,-0.5313708357536777,-0.351187300463749,0.5203651194000815,0.5664854962881648,False,strategy CAGR > QQQ CAGR AND strategy MaxDD >= QQQ MaxDD AND strategy Calmar > QQQ Calmar,True
execution_next_close,PHASE7A_FIXED_FOUR_STATE,quarterly,pre_tax,2013-01-02,2026-08-31,2013-01-02,2026-08-31,True,0.001895676681704872,-0.204895158449238,-0.20531929574372587,-0.2909691634814985,-0.483153387530049,0.2008381888750126,0.19894251219330772,-0.556082458912987,-0.351187300463749,0.36116620054443893,0.5664854962881648,False,strategy CAGR > QQQ CAGR AND strategy MaxDD >= QQQ MaxDD AND strategy Calmar > QQQ Calmar,True
execution_next_close,PHASE7A_FIXED_FOUR_STATE,quarterly,after_tax,2013-01-02,2026-08-31,2013-01-02,2026-08-31,True,-0.033105152424237394,-0.2048951584492381,-0.26826109249516605,-0.37250379137499745,-0.5727197876176794,0.16583735976907032,0.19894251219330772,-0.5560824589129871,-0.351187300463749,0.29822440379299875,0.5664854962881648,False,strategy CAGR > QQQ CAGR AND strategy MaxDD >= QQQ MaxDD AND strategy Calmar > QQQ Calmar,True
execution_t2_open,FIXED_MA200_QQQ_TO_QLD,weekly,pre_tax,2013-01-02,2026-08-31,2013-01-02,2026-08-31,True,0.08939547345184762,-0.16217701326270795,-0.0048220516675767655,-0.044140120005925265,-0.2090159933677198,0.28833802213801496,0.19894254868616734,-0.5133643137264571,-0.35118730046374913,0.561663548533399,0.5664856002009757,False,strategy CAGR > QQQ CAGR AND strategy MaxDD >= QQQ MaxDD AND strategy Calmar > QQQ Calmar,True
execution_t2_open,FIXED_MA200_QQQ_TO_QLD,weekly,after_tax,2013-01-02,2026-08-31,2013-01-02,2026-08-31,True,0.043669957828709416,-0.16217701326270795,-0.0938923559339983,-0.15963220939684652,-0.3585993441819063,0.24261250651487676,0.19894254868616734,-0.5133643137264571,-0.35118730046374913,0.4725932442669774,0.5664856002009757,False,strategy CAGR > QQQ CAGR AND strategy MaxDD >= QQQ MaxDD AND strategy Calmar > QQQ Calmar,True
execution_t2_open,FIXED_MA200_QQQ_TO_QLD,monthly,pre_tax,2013-01-02,2026-08-31,2013-01-02,2026-08-31,True,0.06487371215245918,-0.16596691857311585,-0.05635486718684446,-0.12231580953441101,-0.281083767846531,0.2638162608386265,0.19894254868616734,-0.517154219036865,-0.35118730046374913,0.5101307330141313,0.5664856002009757,False,strategy CAGR > QQQ CAGR AND strategy MaxDD >= QQQ MaxDD AND strategy Calmar > QQQ Calmar,True
execution_t2_open,FIXED_MA200_QQQ_TO_QLD,monthly,after_tax,2013-01-02,2026-08-31,2013-01-02,2026-08-31,True,0.02207096185889701,-0.1865991246328388,-0.15551667233082778,-0.2272403592003317,-0.41476568034118566,0.22101351054506435,0.19894254868616734,-0.5377864250965879,-0.35118730046374913,0.41096892787014794,0.5664856002009757,False,strategy CAGR > QQQ CAGR AND strategy MaxDD >= QQQ MaxDD AND strategy Calmar > QQQ Calmar,True
execution_t2_open,FIXED_MA200_QQQ_TO_QLD,bimonthly,pre_tax,2013-01-02,2026-08-31,2013-01-02,2026-08-31,True,0.13316821123784184,-0.16596691857311585,0.0757034175015655,-0.003949727269609626,-0.1332249222185371,0.3321107599240092,0.19894254868616734,-0.517154219036865,-0.35118730046374913,0.6421890177025412,0.5664856002009757,False,strategy CAGR > QQQ CAGR AND strategy MaxDD >= QQQ MaxDD AND strategy Calmar > QQQ Calmar,True
execution_t2_open,FIXED_MA200_QQQ_TO_QLD,bimonthly,after_tax,2013-01-02,2026-08-31,2013-01-02,2026-08-31,True,0.08554111756415184,-0.16596691857311585,-0.01639114911028483,-0.10997572553211987,-0.2711446530663273,0.2844836662503192,0.19894254868616734,-0.517154219036865,-0.35118730046374913,0.5500944510906909,0.5664856002009757,False,strategy CAGR > QQQ CAGR AND strategy MaxDD >= QQQ MaxDD AND strategy Calmar > QQQ Calmar,True
execution_t2_open,FIXED_MA200_QQQ_TO_QLD,quarterly,pre_tax,2013-01-02,2026-08-31,2013-01-02,2026-08-31,True,-0.005171595907142779,-0.16596691857311585,-0.19179861971012963,-0.2924240808588964,-0.47430253432839276,0.19377095277902456,0.19894254868616734,-0.517154219036865,-0.35118730046374913,0.3746869804908461,0.5664856002009757,False,strategy CAGR > QQQ CAGR AND strategy MaxDD >= QQQ MaxDD AND strategy Calmar > QQQ Calmar,True
execution_t2_open,FIXED_MA200_QQQ_TO_QLD,quarterly,after_tax,2013-01-02,2026-08-31,2013-01-02,2026-08-31,True,-0.039010968183088135,-0.18450338470451644,-0.267933497408964,-0.37796038629690576,-0.5854360397050001,0.1599315805030792,0.19894254868616734,-0.5356906851682656,-0.35118730046374913,0.2985521027920117,0.5664856002009757,False,strategy CAGR > QQQ CAGR AND strategy MaxDD >= QQQ MaxDD AND strategy Calmar > QQQ Calmar,True
execution_t2_open,PHASE7A_FIXED_FOUR_STATE,weekly,pre_tax,2013-01-02,2026-08-31,2013-01-02,2026-08-31,True,0.0927894561311442,-0.16217701326270784,0.0017892039038517327,-0.04897260432687045,-0.21442098558279432,0.29173200481731154,0.19894254868616734,-0.513364313726457,-0.35118730046374913,0.5682748041048274,0.5664856002009757,False,strategy CAGR > QQQ CAGR AND strategy MaxDD >= QQQ MaxDD AND strategy Calmar > QQQ Calmar,True
execution_t2_open,PHASE7A_FIXED_FOUR_STATE,weekly,after_tax,2013-01-02,2026-08-31,2013-01-02,2026-08-31,True,0.0449867619628892,-0.16217701326270795,-0.09132730787948662,-0.16109268250601438,-0.3392599519208268,0.24392931064905654,0.19894254868616734,-0.5133643137264571,-0.35118730046374913,0.4751582923214891,0.5664856002009757,False,strategy CAGR > QQQ CAGR AND strategy MaxDD >= QQQ MaxDD AND strategy Calmar > QQQ Calmar,True
execution_t2_open,PHASE7A_FIXED_FOUR_STATE,monthly,pre_tax,2013-01-02,2026-08-31,2013-01-02,2026-08-31,True,0.06990069315557523,-0.16596691857311585,-0.046634399252776015,-0.12457389502547489,-0.28447754751668786,0.2688432418417426,0.19894254868616734,-0.517154219036865,-0.35118730046374913,0.5198512009481997,0.5664856002009757,False,strategy CAGR > QQQ CAGR AND strategy MaxDD >= QQQ MaxDD AND strategy Calmar > QQQ Calmar,True
execution_t2_open,PHASE7A_FIXED_FOUR_STATE,monthly,after_tax,2013-01-02,2026-08-31,2013-01-02,2026-08-31,True,0.024130057368154878,-0.17581048668132704,-0.1431961453006404,-0.22980675306375276,-0.4060970643631293,0.22307260605432222,0.19894254868616734,-0.5269977871450762,-0.35118730046374913,0.4232894549003353,0.5664856002009757,False,strategy CAGR > QQQ CAGR AND strategy MaxDD >= QQQ MaxDD AND strategy Calmar > QQQ Calmar,True
execution_t2_open,PHASE7A_FIXED_FOUR_STATE,bimonthly,pre_tax,2013-01-02,2026-08-31,2013-01-02,2026-08-31,True,0.13435377373516055,-0.17648809835237156,0.06514574582937394,-0.01704789938299356,-0.14911702464920906,0.3332963224213279,0.19894254868616734,-0.5276753988161207,-0.35118730046374913,0.6316313460303496,0.5664856002009757,False,strategy CAGR > QQQ CAGR AND strategy MaxDD >= QQQ MaxDD AND strategy Calmar > QQQ Calmar,True
execution_t2_open,PHASE7A_FIXED_FOUR_STATE,bimonthly,after_tax,2013-01-02,2026-08-31,2013-01-02,2026-08-31,True,0.08201744377426956,-0.17987628078265538,-0.037434084747732466,-0.12648847876435054,-0.27510205675390964,0.2809599924604369,0.19894254868616734,-0.5310635812464045,-0.35118730046374913,0.5290515154532432,0.5664856002009757,False,strategy CAGR > QQQ CAGR AND strategy MaxDD >= QQQ MaxDD AND strategy Calmar > QQQ Calmar,True
execution_t2_open,PHASE7A_FIXED_FOUR_STATE,quarterly,pre_tax,2013-01-02,2026-08-31,2013-01-02,2026-08-31,True,-0.011945912661055491,-0.20530126078896926,-0.2304559869342423,-0.3230729439814558,-0.51736583517933,0.18699663602511185,0.19894254868616734,-0.5564885612527184,-0.35118730046374913,0.3360296132667334,0.5664856002009757,False,strategy CAGR > QQQ CAGR AND strategy MaxDD >= QQQ MaxDD AND strategy Calmar > QQQ Calmar,True
execution_t2_open,PHASE7A_FIXED_FOUR_STATE,quarterly,after_tax,2013-01-02,2026-08-31,2013-01-02,2026-08-31,True,-0.044277162741615195,-0.20530126078896926,-0.28855466556256565,-0.3994724391961728,-0.6054146702958974,0.15466538594455215,0.19894254868616734,-0.5564885612527184,-0.35118730046374913,0.27793093463841007,0.5664856002009757,False,strategy CAGR > QQQ CAGR AND strategy MaxDD >= QQQ MaxDD AND strategy Calmar > QQQ Calmar,True
start_2013,FIXED_MA200_QQQ_TO_QLD,weekly,pre_tax,2013-01-02,2026-08-31,2013-01-02,2026-08-31,True,0.08914681052418927,-0.14035690084367813,0.019103842165860585,-0.045527653448066085,-0.21113136975111435,0.2887055380603327,0.19955872753614345,-0.49154420130742715,-0.351187300463749,0.5873440013989042,0.5682401592330436,False,strategy CAGR > QQQ CAGR AND strategy MaxDD >= QQQ MaxDD AND strategy Calmar > QQQ Calmar,True
start_2013,FIXED_MA200_QQQ_TO_QLD,weekly,after_tax,2013-01-02,2026-08-31,2013-01-02,2026-08-31,True,0.04380665913477766,-0.14035690084367813,-0.07313639028691626,-0.16421544145289713,-0.3816771219195141,0.2433653866709211,0.19955872753614345,-0.49154420130742715,-0.351187300463749,0.49510376894612734,0.5682401592330436,False,strategy CAGR > QQQ CAGR AND strategy MaxDD >= QQQ MaxDD AND strategy Calmar > QQQ Calmar,True
start_2013,FIXED_MA200_QQQ_TO_QLD,monthly,pre_tax,2013-01-02,2026-08-31,2013-01-02,2026-08-31,True,0.07982359202355704,-0.16596691857311596,-0.02800997397028948,-0.08878566151678524,-0.24135132260390413,0.2793823195597005,0.19955872753614345,-0.517154219036865,-0.351187300463749,0.5402301852627541,0.5682401592330436,False,strategy CAGR > QQQ CAGR AND strategy MaxDD >= QQQ MaxDD AND strategy Calmar > QQQ Calmar,True
start_2013,FIXED_MA200_QQQ_TO_QLD,monthly,after_tax,2013-01-02,2026-08-31,2013-01-02,2026-08-31,True,0.034576910586860965,-0.17659091098881352,-0.12461510415808841,-0.20044600974938398,-0.3904410749234185,0.23413563812300442,0.19955872753614345,-0.5277782114525625,-0.351187300463749,0.4436250550749552,0.5682401592330436,False,strategy CAGR > QQQ CAGR AND strategy MaxDD >= QQQ MaxDD AND strategy Calmar > QQQ Calmar,True
start_2013,FIXED_MA200_QQQ_TO_QLD,bimonthly,pre_tax,2013-01-02,2026-08-31,2013-01-02,2026-08-31,True,0.12448385717117794,-0.16596691857311596,0.05834775744451948,-0.021825443583288084,-0.155123683404369,0.3240425847073214,0.19955872753614345,-0.517154219036865,-0.351187300463749,0.6265879166775631,0.5682401592330436,False,strategy CAGR > QQQ CAGR AND strategy MaxDD >= QQQ MaxDD AND strategy Calmar > QQQ Calmar,True
start_2013,FIXED_MA200_QQQ_TO_QLD,bimonthly,after_tax,2013-01-02,2026-08-31,2013-01-02,2026-08-31,True,0.07792662575595166,-0.16596691857311596,-0.03167806019636388,-0.12786680458610322,-0.30116093048692616,0.2774853532920951,0.19955872753614345,-0.517154219036865,-0.351187300463749,0.5365620990366797,0.5682401592330436,False,strategy CAGR > QQQ CAGR AND strategy MaxDD >= QQQ MaxDD AND strategy Calmar > QQQ Calmar,True
start_2013,FIXED_MA200_QQQ_TO_QLD,quarterly,pre_tax,2013-01-02,2026-08-31,2013-01-02,2026-08-31,True,0.006096654414113223,-0.16596691857311596,-0.1705727432478002,-0.26589776859007486,-0.4445580338784384,0.20565538195025668,0.19955872753614345,-0.517154219036865,-0.351187300463749,0.3976674159852434,0.5682401592330436,False,strategy CAGR > QQQ CAGR AND strategy MaxDD >= QQQ MaxDD AND strategy Calmar > QQQ Calmar,True
start_2013,FIXED_MA200_QQQ_TO_QLD,quarterly,after_tax,2013-01-02,2026-08-31,2013-01-02,2026-08-31,True,-0.029678054960560862,-0.189796734221933,-0.25421855843980534,-0.3555318043223178,-0.5583292839078735,0.1698806725755826,0.19955872753614345,-0.540984034685682,-0.351187300463749,0.31402160079323826,0.5682401592330436,False,strategy CAGR > QQQ CAGR AND strategy MaxDD >= QQQ MaxDD AND strategy Calmar > QQQ Calmar,True
start_2013,PHASE7A_FIXED_FOUR_STATE,weekly,pre_tax,2013-01-02,2026-08-31,2013-01-02,2026-08-31,True,0.09415620447098294,-0.14035690084367802,0.029294978453237253,-0.04597591143820823,-0.21285918398789416,0.2937149320071264,0.19955872753614345,-0.49154420130742704,-0.351187300463749,0.5975351376862809,0.5682401592330436,False,strategy CAGR > QQQ CAGR AND strategy MaxDD >= QQQ MaxDD AND strategy Calmar > QQQ Calmar,True
start_2013,PHASE7A_FIXED_FOUR_STATE,weekly,after_tax,2013-01-02,2026-08-31,2013-01-02,2026-08-31,True,0.04679041742446599,-0.14035690084367813,-0.06706621738740481,-0.15736282183983286,-0.3374819431784769,0.24634914496060945,0.19955872753614345,-0.49154420130742715,-0.351187300463749,0.5011739418456388,0.5682401592330436,False,strategy CAGR > QQQ CAGR AND strategy MaxDD >= QQQ MaxDD AND strategy Calmar > QQQ Calmar,True
start_2013,PHASE7A_FIXED_FOUR_STATE,monthly,pre_tax,2013-01-02,2026-08-31,2013-01-02,2026-08-31,True,0.0810407912875919,-0.16596691857311596,-0.02565632544683405,-0.09941050808707363,-0.25553404184457496,0.28059951882373535,0.19955872753614345,-0.517154219036865,-0.351187300463749,0.5425838337862096,0.5682401592330436,False,strategy CAGR > QQQ CAGR AND strategy MaxDD >= QQQ MaxDD AND strategy Calmar > QQQ Calmar,True
start_2013,PHASE7A_FIXED_FOUR_STATE,monthly,after_tax,2013-01-02,2026-08-31,2013-01-02,2026-08-31,True,0.03324907233157992,-0.16596691857311585,-0.11806922124611424,-0.20952873568668917,-0.3817995819376917,0.23280779986772338,0.19955872753614345,-0.5171542190368649,-0.351187300463749,0.45017093798692936,0.5682401592330436,False,strategy CAGR > QQQ CAGR AND strategy MaxDD >= QQQ MaxDD AND strategy Calmar > QQQ Calmar,True
start_2013,PHASE7A_FIXED_FOUR_STATE,bimonthly,pre_tax,2013-01-02,2026-08-31,2013-01-02,2026-08-31,True,0.1281805272132408,-0.17948067312402383,0.04935741789900838,-0.029152526396516665,-0.16429789864835898,0.32773925474938426,0.19955872753614345,-0.5306679735877728,-0.351187300463749,0.617597577132052,0.5682401592330436,False,strategy CAGR > QQQ CAGR AND strategy MaxDD >= QQQ MaxDD AND strategy Calmar > QQQ Calmar,True
start_2013,PHASE7A_FIXED_FOUR_STATE,bimonthly,after_tax,2013-01-02,2026-08-31,2013-01-02,2026-08-31,True,0.07682200251224947,-0.18156845245100695,-0.049464475373623196,-0.13772244463624617,-0.29296776505525657,0.2763807300483929,0.19955872753614345,-0.532755752914756,-0.351187300463749,0.5187756838594204,0.5682401592330436,False,strategy CAGR > QQQ CAGR AND strategy MaxDD >= QQQ MaxDD AND strategy Calmar > QQQ Calmar,True
start_2013,PHASE7A_FIXED_FOUR_STATE,quarterly,pre_tax,2013-01-02,2026-08-31,2013-01-02,2026-08-31,True,-0.00013355974232420742,-0.20513668678012598,-0.20977068395155174,-0.29649634010284065,-0.4877172920945877,0.19942516779381925,0.19955872753614345,-0.556323987243875,-0.351187300463749,0.35846947528149187,0.5682401592330436,False,strategy CAGR > QQQ CAGR AND strategy MaxDD >= QQQ MaxDD AND strategy Calmar > QQQ Calmar,True
start_2013,PHASE7A_FIXED_FOUR_STATE,quarterly,after_tax,2013-01-02,2026-08-31,2013-01-02,2026-08-31,True,-0.03462187552906504,-0.20513668678012598,-0.2717639047680797,-0.3772011798884195,-0.5776301215848653,0.16493685200707842,0.19955872753614345,-0.556323987243875,-0.351187300463749,0.2964762544649639,0.5682401592330436,False,strategy CAGR > QQQ CAGR AND strategy MaxDD >= QQQ MaxDD AND strategy Calmar > QQQ Calmar,True
start_2014,FIXED_MA200_QQQ_TO_QLD,weekly,pre_tax,2014-01-02,2026-08-31,2014-01-02,2026-08-31,True,0.06887710207822573,-0.14035690084367802,-0.014354734156548088,-0.06890193575966419,-0.23890178914225102,0.25886944428413794,0.1899923422059122,-0.49154420130742704,-0.351187300463749,0.5266453018784224,0.5410000360349705,False,strategy CAGR > QQQ CAGR AND strategy MaxDD >= QQQ MaxDD AND strategy Calmar > QQQ Calmar,True
start_2014,FIXED_MA200_QQQ_TO_QLD,weekly,after_tax,2014-01-02,2026-08-31,2014-01-02,2026-08-31,True,0.028918868906371298,-0.14035690084367802,-0.0956459650683808,-0.1706665467592139,-0.3739915617090096,0.2189112111122835,0.1899923422059122,-0.49154420130742704,-0.351187300463749,0.4453540709665897,0.5410000360349705,False,strategy CAGR > QQQ CAGR AND strategy MaxDD >= QQQ MaxDD AND strategy Calmar > QQQ Calmar,True
start_2014,FIXED_MA200_QQQ_TO_QLD,monthly,pre_tax,2014-01-02,2026-08-31,2014-01-02,2026-08-31,True,0.05986295982618883,-0.16596691857311596,-0.057865039094550486,-0.10893581076490122,-0.2662341823269383,0.24985530203210105,0.1899923422059122,-0.517154219036865,-0.351187300463749,0.48313499694042,0.5410000360349705,False,strategy CAGR > QQQ CAGR AND strategy MaxDD >= QQQ MaxDD AND strategy Calmar > QQQ Calmar,True
start_2014,FIXED_MA200_QQQ_TO_QLD,monthly,after_tax,2014-01-02,2026-08-31,2014-01-02,2026-08-31,True,0.018905037558831106,-0.16596691857311596,-0.1370637012337413,-0.20824300855581634,-0.39213384617518887,0.20889737976474332,0.1899923422059122,-0.517154219036865,-0.351187300463749,0.4039363348012292,0.5410000360349705,False,strategy CAGR > QQQ CAGR AND strategy MaxDD >= QQQ MaxDD AND strategy Calmar > QQQ Calmar,True
start_2014,FIXED_MA200_QQQ_TO_QLD,bimonthly,pre_tax,2014-01-02,2026-08-31,2014-01-02,2026-08-31,True,0.10700061775898528,-0.16596691857311596,0.033283125606850206,-0.033247120236163274,-0.1702077292151538,0.2969929599648975,0.1899923422059122,-0.517154219036865,-0.351187300463749,0.5742831616418207,0.5410000360349705,False,strategy CAGR > QQQ CAGR AND strategy MaxDD >= QQQ MaxDD AND strategy Calmar > QQQ Calmar,True
start_2014,FIXED_MA200_QQQ_TO_QLD,bimonthly,after_tax,2014-01-02,2026-08-31,2014-01-02,2026-08-31,True,0.0647829611312003,-0.16596691857311596,-0.04835143343515097,-0.12733970656191362,-0.2935422608780972,0.2547753033371125,0.1899923422059122,-0.517154219036865,-0.351187300463749,0.4926486025998195,0.5410000360349705,False,strategy CAGR > QQQ CAGR AND strategy MaxDD >= QQQ MaxDD AND strategy Calmar > QQQ Calmar,True
start_2014,FIXED_MA200_QQQ_TO_QLD,quarterly,pre_tax,2014-01-02,2026-08-31,2014-01-02,2026-08-31,True,-0.0176678559982264,-0.16596691857311596,-0.20778321237912056,-0.2948534559931375,-0.47814843410242347,0.1723244862076858,0.1899923422059122,-0.517154219036865,-0.351187300463749,0.3332168236558499,0.5410000360349705,False,strategy CAGR > QQQ CAGR AND strategy MaxDD >= QQQ MaxDD AND strategy Calmar > QQQ Calmar,True
start_2014,FIXED_MA200_QQQ_TO_QLD,quarterly,after_tax,2014-01-02,2026-08-31,2014-01-02,2026-08-31,True,-0.04887328983079753,-0.189796734221933,-0.2801438123256951,-0.3723780418900645,-0.5735068249141603,0.14111905237511468,0.1899923422059122,-0.540984034685682,-0.351187300463749,0.2608562237092754,0.5410000360349705,False,strategy CAGR > QQQ CAGR AND strategy MaxDD >= QQQ MaxDD AND strategy Calmar > QQQ Calmar,True
start_2014,PHASE7A_FIXED_FOUR_STATE,weekly,pre_tax,2014-01-02,2026-08-31,2014-01-02,2026-08-31,True,0.07053283189080739,-0.14035690084367802,-0.01098630908271403,-0.07380515577691016,-0.24689478978746038,0.2605251740967196,0.1899923422059122,-0.49154420130742704,-0.351187300463749,0.5300137269522565,0.5410000360349705,False,strategy CAGR > QQQ CAGR AND strategy MaxDD >= QQQ MaxDD AND strategy Calmar > QQQ Calmar,True
start_2014,PHASE7A_FIXED_FOUR_STATE,weekly,after_tax,2014-01-02,2026-08-31,2014-01-02,2026-08-31,True,0.028786819161891186,-0.14035690084367813,-0.09591460773394156,-0.1726755958513072,-0.3569512139891604,0.2187791613678034,0.1899923422059122,-0.49154420130742715,-0.351187300463749,0.44508542830102893,0.5410000360349705,False,strategy CAGR > QQQ CAGR AND strategy MaxDD >= QQQ MaxDD AND strategy Calmar > QQQ Calmar,True
start_2014,PHASE7A_FIXED_FOUR_STATE,monthly,pre_tax,2014-01-02,2026-08-31,2014-01-02,2026-08-31,True,0.05686825854851807,-0.16596691857311596,-0.06365577069343026,-0.12571812584695807,-0.2884315797881911,0.24686060075443028,0.1899923422059122,-0.517154219036865,-0.351187300463749,0.47734426534154023,0.5410000360349705,False,strategy CAGR > QQQ CAGR AND strategy MaxDD >= QQQ MaxDD AND strategy Calmar > QQQ Calmar,True
start_2014,PHASE7A_FIXED_FOUR_STATE,monthly,after_tax,2014-01-02,2026-08-31,2014-01-02,2026-08-31,True,0.014765216600281628,-0.16596691857311596,-0.14506870400885036,-0.2228079382662269,-0.398134910906088,0.20475755880619384,0.1899923422059122,-0.517154219036865,-0.351187300463749,0.39593133202612013,0.5410000360349705,False,strategy CAGR > QQQ CAGR AND strategy MaxDD >= QQQ MaxDD AND strategy Calmar > QQQ Calmar,True
start_2014,PHASE7A_FIXED_FOUR_STATE,bimonthly,pre_tax,2014-01-02,2026-08-31,2014-01-02,2026-08-31,True,0.10596154348164855,-0.17948067312402383,0.016700636358461196,-0.04732606933968775,-0.18821438614904595,0.29595388568756076,0.1899923422059122,-0.5306679735877728,-0.351187300463749,0.5577006723934317,0.5410000360349705,False,strategy CAGR > QQQ CAGR AND strategy MaxDD >= QQQ MaxDD AND strategy Calmar > QQQ Calmar,True
start_2014,PHASE7A_FIXED_FOUR_STATE,bimonthly,after_tax,2014-01-02,2026-08-31,2014-01-02,2026-08-31,True,0.060308955242905915,-0.18156845245100683,-0.07117630146355264,-0.14343802286163054,-0.2999628617090505,0.2503012974488181,0.1899923422059122,-0.5327557529147559,-0.351187300463749,0.46982373457141785,0.5410000360349705,False,strategy CAGR > QQQ CAGR AND strategy MaxDD >= QQQ MaxDD AND strategy Calmar > QQQ Calmar,True
start_2014,PHASE7A_FIXED_FOUR_STATE,quarterly,pre_tax,2014-01-02,2026-08-31,2014-01-02,2026-08-31,True,-0.028926767017998456,-0.20513668678012587,-0.2514824547675144,-0.3322430923014271,-0.5288284347258758,0.16106557518791376,0.1899923422059122,-0.5563239872438749,-0.351187300463749,0.2895175812674561,0.5410000360349705,False,strategy CAGR > QQQ CAGR AND strategy MaxDD >= QQQ MaxDD AND strategy Calmar > QQQ Calmar,True
start_2014,PHASE7A_FIXED_FOUR_STATE,quarterly,after_tax,2014-01-02,2026-08-31,2014-01-02,2026-08-31,True,-0.058393052371924936,-0.20513668678012598,-0.3044485069773204,-0.40158906363077906,-0.6050147163725014,0.13159928983398728,0.1899923422059122,-0.556323987243875,-0.351187300463749,0.23655152905765012,0.5410000360349705,False,strategy CAGR > QQQ CAGR AND strategy MaxDD >= QQQ MaxDD AND strategy Calmar > QQQ Calmar,True
start_2015,FIXED_MA200_QQQ_TO_QLD,weekly,pre_tax,2015-01-02,2026-08-31,2015-01-02,2026-08-31,True,0.05843676396997255,-0.1403569008436779,-0.03466169325074453,-0.08153222675807192,-0.2626622464739873,0.24728171690391387,0.18884495293394132,-0.49154420130742704,-0.35118730046374913,0.5030711709062685,0.537732864157013,False,strategy CAGR > QQQ CAGR AND strategy MaxDD >= QQQ MaxDD AND strategy Calmar > QQQ Calmar,True
start_2015,FIXED_MA200_QQQ_TO_QLD,weekly,after_tax,2015-01-02,2026-08-31,2015-01-02,2026-08-31,True,0.020685597029479474,-0.14035690084367802,-0.11146285750022855,-0.1760947313865714,-0.3834860796139221,0.2095305499634208,0.18884495293394132,-0.49154420130742715,-0.35118730046374913,0.4262700066567845,0.537732864157013,False,strategy CAGR > QQQ CAGR AND strategy MaxDD >= QQQ MaxDD AND strategy Calmar > QQQ Calmar,True
start_2015,FIXED_MA200_QQQ_TO_QLD,monthly,pre_tax,2015-01-02,2026-08-31,2015-01-02,2026-08-31,True,0.048743168554471916,-0.16596691857311585,-0.0783184134136905,-0.12239652995564676,-0.28973400437065233,0.23758812148841324,0.18884495293394132,-0.517154219036865,-0.35118730046374913,0.45941445074332254,0.537732864157013,False,strategy CAGR > QQQ CAGR AND strategy MaxDD >= QQQ MaxDD AND strategy Calmar > QQQ Calmar,True
start_2015,FIXED_MA200_QQQ_TO_QLD,monthly,after_tax,2015-01-02,2026-08-31,2015-01-02,2026-08-31,True,0.010770471848917662,-0.16596691857311585,-0.1517446667589183,-0.21310427512203456,-0.4016204596481021,0.19961542478285899,0.18884495293394132,-0.517154219036865,-0.35118730046374913,0.38598819739809476,0.537732864157013,False,strategy CAGR > QQQ CAGR AND strategy MaxDD >= QQQ MaxDD AND strategy Calmar > QQQ Calmar,True
start_2015,FIXED_MA200_QQQ_TO_QLD,bimonthly,pre_tax,2015-01-02,2026-08-31,2015-01-02,2026-08-31,True,0.09949923513387704,-0.16596691857311585,0.019826520362411948,-0.039056038688883854,-0.18508912463752358,0.28834418806781836,0.18884495293394132,-0.517154219036865,-0.35118730046374913,0.557559384519425,0.537732864157013,False,strategy CAGR > QQQ CAGR AND strategy MaxDD >= QQQ MaxDD AND strategy Calmar > QQQ Calmar,True
start_2015,FIXED_MA200_QQQ_TO_QLD,bimonthly,after_tax,2015-01-02,2026-08-31,2015-01-02,2026-08-31,True,0.06021641566136626,-0.16596691857311585,-0.056133063890173474,-0.12484761452535154,-0.29482793362540916,0.2490613685953076,0.18884495293394132,-0.517154219036865,-0.35118730046374913,0.4815998002668396,0.537732864157013,False,strategy CAGR > QQQ CAGR AND strategy MaxDD >= QQQ MaxDD AND strategy Calmar > QQQ Calmar,True
start_2015,FIXED_MA200_QQQ_TO_QLD,quarterly,pre_tax,2015-01-02,2026-08-31,2015-01-02,2026-08-31,True,-0.03438006830479412,-0.16596691857311585,-0.2390504229370251,-0.3202159103989669,-0.5128312438754149,0.1544648846291472,0.18884495293394132,-0.517154219036865,-0.35118730046374913,0.29868244121998794,0.537732864157013,False,strategy CAGR > QQQ CAGR AND strategy MaxDD >= QQQ MaxDD AND strategy Calmar > QQQ Calmar,True
start_2015,FIXED_MA200_QQQ_TO_QLD,quarterly,after_tax,2015-01-02,2026-08-31,2015-01-02,2026-08-31,True,-0.06205854964243129,-0.18635650723990071,-0.3018704070428053,-0.38843112098632027,-0.5962139567997518,0.12678640329151003,0.18884495293394132,-0.5375438077036498,-0.35118730046374913,0.23586245711420772,0.537732864157013,False,strategy CAGR > QQQ CAGR AND strategy MaxDD >= QQQ MaxDD AND strategy Calmar > QQQ Calmar,True
start_2015,PHASE7A_FIXED_FOUR_STATE,weekly,pre_tax,2015-01-02,2026-08-31,2015-01-02,2026-08-31,True,0.05975169003925007,-0.14035690084367802,-0.031986601029577066,-0.08515741279945344,-0.2701251583352028,0.2485966429731914,0.18884495293394132,-0.49154420130742715,-0.35118730046374913,0.505746263127436,0.537732864157013,False,strategy CAGR > QQQ CAGR AND strategy MaxDD >= QQQ MaxDD AND strategy Calmar > QQQ Calmar,True
start_2015,PHASE7A_FIXED_FOUR_STATE,weekly,after_tax,2015-01-02,2026-08-31,2015-01-02,2026-08-31,True,0.02060951486405016,-0.1403569008436779,-0.11161763944095104,-0.17758006452692687,-0.3720383765796135,0.20945446779799148,0.18884495293394132,-0.49154420130742704,-0.35118730046374913,0.426115224716062,0.537732864157013,False,strategy CAGR > QQQ CAGR AND strategy MaxDD >= QQQ MaxDD AND strategy Calmar > QQQ Calmar,True
start_2015,PHASE7A_FIXED_FOUR_STATE,monthly,pre_tax,2015-01-02,2026-08-31,2015-01-02,2026-08-31,True,0.04424136791531552,-0.16596691857311585,-0.08702336151899737,-0.1401527031281118,-0.3138509798690138,0.23308632084925685,0.18884495293394132,-0.517154219036865,-0.35118730046374913,0.4507095026380157,0.537732864157013,False,strategy CAGR > QQQ CAGR AND strategy MaxDD >= QQQ MaxDD AND strategy Calmar > QQQ Calmar,True
start_2015,PHASE7A_FIXED_FOUR_STATE,monthly,after_tax,2015-01-02,2026-08-31,2015-01-02,2026-08-31,True,0.005118300441870227,-0.16596691857311585,-0.16267403985302914,-0.22995078360289523,-0.4141875984222362,0.19396325337581155,0.18884495293394132,-0.517154219036865,-0.35118730046374913,0.3750588243039839,0.537732864157013,False,strategy CAGR > QQQ CAGR AND strategy MaxDD >= QQQ MaxDD AND strategy Calmar > QQQ Calmar,True
start_2015,PHASE7A_FIXED_FOUR_STATE,bimonthly,pre_tax,2015-01-02,2026-08-31,2015-01-02,2026-08-31,True,0.09727902374296793,-0.17948067312402372,0.001444155971909722,-0.05351367365444204,-0.20403448105136057,0.28612397667690925,0.18884495293394132,-0.5306679735877728,-0.35118730046374913,0.5391770201289228,0.537732864157013,False,strategy CAGR > QQQ CAGR AND strategy MaxDD >= QQQ MaxDD AND strategy Calmar > QQQ Calmar,True
start_2015,PHASE7A_FIXED_FOUR_STATE,bimonthly,after_tax,2015-01-02,2026-08-31,2015-01-02,2026-08-31,True,0.05427143009439139,-0.18156845245100683,-0.08139544931311787,-0.14300684884502413,-0.3065159451942323,0.24311638302833272,0.18884495293394132,-0.532755752914756,-0.35118730046374913,0.4563374148438952,0.537732864157013,False,strategy CAGR > QQQ CAGR AND strategy MaxDD >= QQQ MaxDD AND strategy Calmar > QQQ Calmar,True
start_2015,PHASE7A_FIXED_FOUR_STATE,quarterly,pre_tax,2015-01-02,2026-08-31,2015-01-02,2026-08-31,True,-0.049218985716473984,-0.20513668678012587,-0.2867532723741772,-0.36296821359136633,-0.5694645973954547,0.13962596721746734,0.18884495293394132,-0.556323987243875,-0.35118730046374913,0.25097959178283585,0.537732864157013,False,strategy CAGR > QQQ CAGR AND strategy MaxDD >= QQQ MaxDD AND strategy Calmar > QQQ Calmar,True
start_2015,PHASE7A_FIXED_FOUR_STATE,quarterly,after_tax,2015-01-02,2026-08-31,2015-01-02,2026-08-31,True,-0.07466270163544686,-0.20513668678012564,-0.3324887008338152,-0.4228838379984774,-0.6349221154427902,0.11418225129849446,0.18884495293394132,-0.5563239872438748,-0.35118730046374913,0.20524416332319784,0.537732864157013,False,strategy CAGR > QQQ CAGR AND strategy MaxDD >= QQQ MaxDD AND strategy Calmar > QQQ Calmar,True
start_2016,FIXED_MA200_QQQ_TO_QLD,weekly,pre_tax,2016-01-04,2026-08-31,2016-01-04,2026-08-31,True,0.0924674020246441,-0.14035690084367813,0.024508096299761695,-0.012960528387492287,-0.1826821444597604,0.29368793001096005,0.20122052798631596,-0.49154420130742715,-0.351187300463749,0.5974802046892186,0.5729721083894569,False,strategy CAGR > QQQ CAGR AND strategy MaxDD >= QQQ MaxDD AND strategy Calmar > QQQ Calmar,True
start_2016,FIXED_MA200_QQQ_TO_QLD,weekly,after_tax,2016-01-04,2026-08-31,2016-01-04,2026-08-31,True,0.04725734639838408,-0.14035690084367802,-0.06746746867691511,-0.12363554812090438,-0.3275648723608885,0.24847787438470004,0.20122052798631596,-0.49154420130742704,-0.351187300463749,0.5055046397125418,0.5729721083894569,False,strategy CAGR > QQQ CAGR AND strategy MaxDD >= QQQ MaxDD AND strategy Calmar > QQQ Calmar,True
start_2016,FIXED_MA200_QQQ_TO_QLD,monthly,pre_tax,2016-01-04,2026-08-31,2016-01-04,2026-08-31,True,0.07775329024003819,-0.16596691857311596,-0.03353182547750855,-0.0715999759517234,-0.24133592764090628,0.27897381822635414,0.20122052798631596,-0.517154219036865,-0.351187300463749,0.5394402829119483,0.5729721083894569,False,strategy CAGR > QQQ CAGR AND strategy MaxDD >= QQQ MaxDD AND strategy Calmar > QQQ Calmar,True
start_2016,FIXED_MA200_QQQ_TO_QLD,monthly,after_tax,2016-01-04,2026-08-31,2016-01-04,2026-08-31,True,0.03287621664667695,-0.16596691857311596,-0.12030879053241844,-0.1755097977585276,-0.36964366005594007,0.2340967446329929,0.20122052798631596,-0.517154219036865,-0.351187300463749,0.45266331785703845,0.5729721083894569,False,strategy CAGR > QQQ CAGR AND strategy MaxDD >= QQQ MaxDD AND strategy Calmar > QQQ Calmar,True
start_2016,FIXED_MA200_QQQ_TO_QLD,bimonthly,pre_tax,2016-01-04,2026-08-31,2016-01-04,2026-08-31,True,0.13526245581935137,-0.16596691857311596,0.07767130013252088,0.013837562714243745,-0.13285852013538335,0.3364829838056673,0.20122052798631596,-0.517154219036865,-0.351187300463749,0.6506434085219778,0.5729721083894569,False,strategy CAGR > QQQ CAGR AND strategy MaxDD >= QQQ MaxDD AND strategy Calmar > QQQ Calmar,True
start_2016,FIXED_MA200_QQQ_TO_QLD,bimonthly,after_tax,2016-01-04,2026-08-31,2016-01-04,2026-08-31,True,0.08880243856228653,-0.16596691857311607,-0.01216653845959359,-0.08377297520534199,-0.2581600905902508,0.2900229665486025,0.20122052798631596,-0.5171542190368651,-0.351187300463749,0.5608055699298633,0.5729721083894569,False,strategy CAGR > QQQ CAGR AND strategy MaxDD >= QQQ MaxDD AND strategy Calmar > QQQ Calmar,True
start_2016,FIXED_MA200_QQQ_TO_QLD,quarterly,pre_tax,2016-01-04,2026-08-31,2016-01-04,2026-08-31,True,-0.02479564660193656,-0.16596691857311607,-0.23182651798327475,-0.30757285805576673,-0.5012518399705881,0.1764248813843794,0.20122052798631596,-0.5171542190368651,-0.351187300463749,0.34114559040618214,0.5729721083894569,False,strategy CAGR > QQQ CAGR AND strategy MaxDD >= QQQ MaxDD AND strategy Calmar > QQQ Calmar,True
start_2016,FIXED_MA200_QQQ_TO_QLD,quarterly,after_tax,2016-01-04,2026-08-31,2016-01-04,2026-08-31,True,-0.05642757286555855,-0.18979673422193288,-0.30532473649449177,-0.3836489605615263,-0.5945351312855127,0.1447929551207574,0.20122052798631596,-0.5409840346856819,-0.351187300463749,0.2676473718949651,0.5729721083894569,False,strategy CAGR > QQQ CAGR AND strategy MaxDD >= QQQ MaxDD AND strategy Calmar > QQQ Calmar,True
start_2016,PHASE7A_FIXED_FOUR_STATE,weekly,pre_tax,2016-01-04,2026-08-31,2016-01-04,2026-08-31,True,0.09670180106395532,-0.14035690084367813,0.03312257904220561,-0.00995959806081359,-0.18347174836470126,0.2979223290502713,0.20122052798631596,-0.49154420130742715,-0.351187300463749,0.6060946874316625,0.5729721083894569,False,strategy CAGR > QQQ CAGR AND strategy MaxDD >= QQQ MaxDD AND strategy Calmar > QQQ Calmar,True
start_2016,PHASE7A_FIXED_FOUR_STATE,weekly,after_tax,2016-01-04,2026-08-31,2016-01-04,2026-08-31,True,0.04887761657400147,-0.14035690084367802,-0.06417118286720003,-0.11903372067440177,-0.30477304620962276,0.2500981445603174,0.20122052798631596,-0.49154420130742704,-0.351187300463749,0.5088009255222569,0.5729721083894569,False,strategy CAGR > QQQ CAGR AND strategy MaxDD >= QQQ MaxDD AND strategy Calmar > QQQ Calmar,True
start_2016,PHASE7A_FIXED_FOUR_STATE,monthly,pre_tax,2016-01-04,2026-08-31,2016-01-04,2026-08-31,True,0.0759670455142698,-0.16596691857311596,-0.03698581397845324,-0.08249528742433065,-0.2585789894182752,0.27718757350058576,0.20122052798631596,-0.517154219036865,-0.351187300463749,0.5359862944110036,0.5729721083894569,False,strategy CAGR > QQQ CAGR AND strategy MaxDD >= QQQ MaxDD AND strategy Calmar > QQQ Calmar,True
start_2016,PHASE7A_FIXED_FOUR_STATE,monthly,after_tax,2016-01-04,2026-08-31,2016-01-04,2026-08-31,True,0.028808939528346622,-0.16596691857311596,-0.12817351824537243,-0.18702947171543305,-0.37315899209407744,0.23002946751466258,0.20122052798631596,-0.517154219036865,-0.351187300463749,0.44479859014408446,0.5729721083894569,False,strategy CAGR > QQQ CAGR AND strategy MaxDD >= QQQ MaxDD AND strategy Calmar > QQQ Calmar,True
start_2016,PHASE7A_FIXED_FOUR_STATE,bimonthly,pre_tax,2016-01-04,2026-08-31,2016-01-04,2026-08-31,True,0.13630168795452113,-0.17948067312402383,0.06306065171644515,0.006250246882784083,-0.1444683213044382,0.3375222159408371,0.20122052798631596,-0.5306679735877728,-0.351187300463749,0.636032760105902,0.5729721083894569,False,strategy CAGR > QQQ CAGR AND strategy MaxDD >= QQQ MaxDD AND strategy Calmar > QQQ Calmar,True
start_2016,PHASE7A_FIXED_FOUR_STATE,bimonthly,after_tax,2016-01-04,2026-08-31,2016-01-04,2026-08-31,True,0.08482211040865617,-0.18156845245100695,-0.03606070606295664,-0.09637351139648787,-0.2603153238456155,0.2860426383949721,0.20122052798631596,-0.532755752914756,-0.351187300463749,0.5369114023265003,0.5729721083894569,False,strategy CAGR > QQQ CAGR AND strategy MaxDD >= QQQ MaxDD AND strategy Calmar > QQQ Calmar,True
start_2016,PHASE7A_FIXED_FOUR_STATE,quarterly,pre_tax,2016-01-04,2026-08-31,2016-01-04,2026-08-31,True,-0.03981795927442078,-0.20513668678012587,-0.28284877663899366,-0.3512009814319941,-0.5599520224560477,0.16140256871189518,0.20122052798631596,-0.5563239872438749,-0.351187300463749,0.29012333175046323,0.5729721083894569,False,strategy CAGR > QQQ CAGR AND strategy MaxDD >= QQQ MaxDD AND strategy Calmar > QQQ Calmar,True
start_2016,PHASE7A_FIXED_FOUR_STATE,quarterly,after_tax,2016-01-04,2026-08-31,2016-01-04,2026-08-31,True,-0.06928266445316611,-0.20513668678012587,-0.33581198846223104,-0.41880051590348366,-0.6333405134847129,0.13193786353314985,0.20122052798631596,-0.5563239872438749,-0.351187300463749,0.23716011992722588,0.5729721083894569,False,strategy CAGR > QQQ CAGR AND strategy MaxDD >= QQQ MaxDD AND strategy Calmar > QQQ Calmar,True
start_2018,FIXED_MA200_QQQ_TO_QLD,weekly,pre_tax,2018-01-02,2026-08-31,2018-01-02,2026-08-31,True,0.08559045760220618,-0.14035690084367813,0.011892529928765994,-0.016545380018429534,-0.19151747888788773,0.2851199750775999,0.19952951747539371,-0.49154420130742715,-0.351187300463749,0.5800495139994072,0.5681569840706412,False,strategy CAGR > QQQ CAGR AND strategy MaxDD >= QQQ MaxDD AND strategy Calmar > QQQ Calmar,True
start_2018,FIXED_MA200_QQQ_TO_QLD,weekly,after_tax,2018-01-02,2026-08-31,2018-01-02,2026-08-31,True,0.042649576222924646,-0.14035690084367813,-0.07546661552563222,-0.11423918756388962,-0.3229159677856377,0.24217909369831836,0.19952951747539371,-0.49154420130742715,-0.351187300463749,0.49269036854500897,0.5681569840706412,False,strategy CAGR > QQQ CAGR AND strategy MaxDD >= QQQ MaxDD AND strategy Calmar > QQQ Calmar,True
start_2018,FIXED_MA200_QQQ_TO_QLD,monthly,pre_tax,2018-01-02,2026-08-31,2018-01-02,2026-08-31,True,0.07521582959764417,-0.16596691857311596,-0.036893123196187316,-0.056582690154062476,-0.23141417046888213,0.2747453470730379,0.19952951747539371,-0.517154219036865,-0.351187300463749,0.5312638608744539,0.5681569840706412,False,strategy CAGR > QQQ CAGR AND strategy MaxDD >= QQQ MaxDD AND strategy Calmar > QQQ Calmar,True
start_2018,FIXED_MA200_QQQ_TO_QLD,monthly,after_tax,2018-01-02,2026-08-31,2018-01-02,2026-08-31,True,0.031438115831420754,-0.16596691857311596,-0.12154430103585367,-0.15132076076163403,-0.3484219800058168,0.23096763330681447,0.19952951747539371,-0.517154219036865,-0.351187300463749,0.4466126830347875,0.5681569840706412,False,strategy CAGR > QQQ CAGR AND strategy MaxDD >= QQQ MaxDD AND strategy Calmar > QQQ Calmar,True
start_2018,FIXED_MA200_QQQ_TO_QLD,bimonthly,pre_tax,2018-01-02,2026-08-31,2018-01-02,2026-08-31,True,0.13245800486104353,-0.16596691857311596,0.07379373414011314,0.02210863242535588,-0.12069287241866267,0.33198752233643725,0.19952951747539371,-0.517154219036865,-0.351187300463749,0.6419507182107543,0.5681569840706412,False,strategy CAGR > QQQ CAGR AND strategy MaxDD >= QQQ MaxDD AND strategy Calmar > QQQ Calmar,True
start_2018,FIXED_MA200_QQQ_TO_QLD,bimonthly,after_tax,2018-01-02,2026-08-31,2018-01-02,2026-08-31,True,0.08875067714077445,-0.16596691857311596,-0.01072134107607381,-0.0628997250212655,-0.23062578341748774,0.28828019461616816,0.19952951747539371,-0.517154219036865,-0.351187300463749,0.5574356429945674,0.5681569840706412,False,strategy CAGR > QQQ CAGR AND strategy MaxDD >= QQQ MaxDD AND strategy Calmar > QQQ Calmar,True
start_2018,FIXED_MA200_QQQ_TO_QLD,quarterly,pre_tax,2018-01-02,2026-08-31,2018-01-02,2026-08-31,True,-0.07095215130649168,-0.16596691857311596,-0.3195321804127279,-0.37526665562745376,-0.5977603091260141,0.12857736616890203,0.19952951747539371,-0.517154219036865,-0.351187300463749,0.24862480365791328,0.5681569840706412,False,strategy CAGR > QQQ CAGR AND strategy MaxDD >= QQQ MaxDD AND strategy Calmar > QQQ Calmar,True
start_2018,FIXED_MA200_QQQ_TO_QLD,quarterly,after_tax,2018-01-02,2026-08-31,2018-01-02,2026-08-31,True,-0.09453138697191732,-0.16596691857311596,-0.36512638577247347,-0.430292336424171,-0.66132813684173,0.1049981305034764,0.19952951747539371,-0.517154219036865,-0.351187300463749,0.20303059829816775,0.5681569840706412,False,strategy CAGR > QQQ CAGR AND strategy MaxDD >= QQQ MaxDD AND strategy Calmar > QQQ Calmar,True
start_2018,PHASE7A_FIXED_FOUR_STATE,weekly,pre_tax,2018-01-02,2026-08-31,2018-01-02,2026-08-31,True,0.0857791718395089,-0.14035690084367802,0.012276451124053844,-0.019242674911939983,-0.20278609020156024,0.2853086893149026,0.19952951747539371,-0.49154420130742704,-0.351187300463749,0.580433435194695,0.5681569840706412,False,strategy CAGR > QQQ CAGR AND strategy MaxDD >= QQQ MaxDD AND strategy Calmar > QQQ Calmar,True
start_2018,PHASE7A_FIXED_FOUR_STATE,weekly,after_tax,2018-01-02,2026-08-31,2018-01-02,2026-08-31,True,0.04159849105145175,-0.14035690084367802,-0.07760494849482835,-0.11474149968931713,-0.30955597130009005,0.24112800852684546,0.19952951747539371,-0.49154420130742704,-0.351187300463749,0.49055203557581284,0.5681569840706412,False,strategy CAGR > QQQ CAGR AND strategy MaxDD >= QQQ MaxDD AND strategy Calmar > QQQ Calmar,True
start_2018,PHASE7A_FIXED_FOUR_STATE,monthly,pre_tax,2018-01-02,2026-08-31,2018-01-02,2026-08-31,True,0.06785948840469191,-0.16596691857311596,-0.05111777983082233,-0.07578651546291248,-0.2606447201608726,0.26738900588008563,0.19952951747539371,-0.517154219036865,-0.351187300463749,0.5170392042398189,0.5681569840706412,False,strategy CAGR > QQQ CAGR AND strategy MaxDD >= QQQ MaxDD AND strategy Calmar > QQQ Calmar,True
start_2018,PHASE7A_FIXED_FOUR_STATE,monthly,after_tax,2018-01-02,2026-08-31,2018-01-02,2026-08-31,True,0.022542680928330006,-0.16596691857311596,-0.13874504034270368,-0.17134077046919427,-0.3670197634971152,0.22207219840372372,0.19952951747539371,-0.517154219036865,-0.351187300463749,0.4294119437279375,0.5681569840706412,False,strategy CAGR > QQQ CAGR AND strategy MaxDD >= QQQ MaxDD AND strategy Calmar > QQQ Calmar,True
start_2018,PHASE7A_FIXED_FOUR_STATE,bimonthly,pre_tax,2018-01-02,2026-08-31,2018-01-02,2026-08-31,True,0.1283396645983097,-0.17948067312402383,0.049685430381139595,0.007258028763966973,-0.14310548222246622,0.3278691820737034,0.19952951747539371,-0.5306679735877728,-0.351187300463749,0.6178424144517808,0.5681569840706412,False,strategy CAGR > QQQ CAGR AND strategy MaxDD >= QQQ MaxDD AND strategy Calmar > QQQ Calmar,True
start_2018,PHASE7A_FIXED_FOUR_STATE,bimonthly,after_tax,2018-01-02,2026-08-31,2018-01-02,2026-08-31,True,0.07972281451642083,-0.18156845245100695,-0.04399120929674294,-0.08362280311123715,-0.2474858874633551,0.27925233199181454,0.19952951747539371,-0.532755752914756,-0.351187300463749,0.5241657747738983,0.5681569840706412,False,strategy CAGR > QQQ CAGR AND strategy MaxDD >= QQQ MaxDD AND strategy Calmar > QQQ Calmar,True
start_2018,PHASE7A_FIXED_FOUR_STATE,quarterly,pre_tax,2018-01-02,2026-08-31,2018-01-02,2026-08-31,True,-0.09329871635751985,-0.20513668678012575,-0.3772056615433498,-0.429085904028174,-0.6669211096506418,0.10623080111787386,0.19952951747539371,-0.5563239872438748,-0.351187300463749,0.19095132252729138,0.5681569840706412,False,strategy CAGR > QQQ CAGR AND strategy MaxDD >= QQQ MaxDD AND strategy Calmar > QQQ Calmar,True
start_2018,PHASE7A_FIXED_FOUR_STATE,quarterly,after_tax,2018-01-02,2026-08-31,2018-01-02,2026-08-31,True,-0.11427565100724646,-0.20513668678012598,-0.41491198938596185,-0.4766496888707057,-0.7176710192635863,0.08525386646814725,0.19952951747539371,-0.556323987243875,-0.351187300463749,0.15324499468467936,0.5681569840706412,False,strategy CAGR > QQQ CAGR AND strategy MaxDD >= QQQ MaxDD AND strategy Calmar > QQQ Calmar,True
start_2020,FIXED_MA200_QQQ_TO_QLD,weekly,pre_tax,2020-01-02,2026-08-31,2020-01-02,2026-08-31,True,0.0904295033248792,-0.14035690084367802,0.01695447018041829,-0.00194721324920899,-0.18487079264419126,0.2958411585120577,0.20541165518717852,-0.49154420130742704,-0.351187300463749,0.6018607436018342,0.5849062734214159,False,strategy CAGR > QQQ CAGR AND strategy MaxDD >= QQQ MaxDD AND strategy Calmar > QQQ Calmar,True
start_2020,FIXED_MA200_QQQ_TO_QLD,weekly,after_tax,2020-01-02,2026-08-31,2020-01-02,2026-08-31,True,0.04552767857326123,-0.14035690084367802,-0.07439402835173092,-0.09978927410653382,-0.31419901073049217,0.25093933376043975,0.20541165518717852,-0.49154420130742704,-0.351187300463749,0.510512245069685,0.5849062734214159,False,strategy CAGR > QQQ CAGR AND strategy MaxDD >= QQQ MaxDD AND strategy Calmar > QQQ Calmar,True
start_2020,FIXED_MA200_QQQ_TO_QLD,monthly,pre_tax,2020-01-02,2026-08-31,2020-01-02,2026-08-31,True,0.06725032379861773,-0.16596691857311596,-0.05767093636162146,-0.06858767010242772,-0.2549510394129769,0.27266197898579625,0.20541165518717852,-0.517154219036865,-0.351187300463749,0.5272353370597944,0.5849062734214159,False,strategy CAGR > QQQ CAGR AND strategy MaxDD >= QQQ MaxDD AND strategy Calmar > QQQ Calmar,True
start_2020,FIXED_MA200_QQQ_TO_QLD,monthly,after_tax,2020-01-02,2026-08-31,2020-01-02,2026-08-31,True,0.022180568524215794,-0.16596691857311596,-0.14482048211673243,-0.16199638097928049,-0.3677952465005545,0.22759222371139431,0.20541165518717852,-0.517154219036865,-0.351187300463749,0.44008579130468345,0.5849062734214159,False,strategy CAGR > QQQ CAGR AND strategy MaxDD >= QQQ MaxDD AND strategy Calmar > QQQ Calmar,True
start_2020,FIXED_MA200_QQQ_TO_QLD,bimonthly,pre_tax,2020-01-02,2026-08-31,2020-01-02,2026-08-31,True,0.14204123777479438,-0.16596691857311596,0.08694920057831368,0.033095545673286764,-0.1122292739022479,0.3474528929619729,0.20541165518717852,-0.517154219036865,-0.351187300463749,0.6718554739997296,0.5849062734214159,False,strategy CAGR > QQQ CAGR AND strategy MaxDD >= QQQ MaxDD AND strategy Calmar > QQQ Calmar,True
start_2020,FIXED_MA200_QQQ_TO_QLD,bimonthly,after_tax,2020-01-02,2026-08-31,2020-01-02,2026-08-31,True,0.09589517579619544,-0.16596691857311596,-0.0022815555093774753,-0.05067280287153253,-0.21825496401744715,0.30130683098337396,0.20541165518717852,-0.517154219036865,-0.351187300463749,0.5826247179120384,0.5849062734214159,False,strategy CAGR > QQQ CAGR AND strategy MaxDD >= QQQ MaxDD AND strategy Calmar > QQQ Calmar,True
start_2020,FIXED_MA200_QQQ_TO_QLD,quarterly,pre_tax,2020-01-02,2026-08-31,2020-01-02,2026-08-31,True,-0.06321356811983514,-0.16596691857311596,-0.30994363784209195,-0.33726184967549433,-0.5784904027381035,0.14219808706734338,0.20541165518717852,-0.517154219036865,-0.351187300463749,0.27496263557932393,0.5849062734214159,False,strategy CAGR > QQQ CAGR AND strategy MaxDD >= QQQ MaxDD AND strategy Calmar > QQQ Calmar,True
start_2020,FIXED_MA200_QQQ_TO_QLD,quarterly,after_tax,2020-01-02,2026-08-31,2020-01-02,2026-08-31,True,-0.0900657945683565,-0.16596691857311596,-0.3618666918559029,-0.3987792528406565,-0.647687489576862,0.11534586061882202,0.20541165518717852,-0.517154219036865,-0.351187300463749,0.22303958156551298,0.5849062734214159,False,strategy CAGR > QQQ CAGR AND strategy MaxDD >= QQQ MaxDD AND strategy Calmar > QQQ Calmar,True
start_2020,PHASE7A_FIXED_FOUR_STATE,weekly,pre_tax,2020-01-02,2026-08-31,2020-01-02,2026-08-31,True,0.09243025017439388,-0.14035690084367802,0.02102479965270798,0.0029779165594809864,-0.1896648302113343,0.2978419053615724,0.20541165518717852,-0.49154420130742704,-0.351187300463749,0.6059310730741239,0.5849062734214159,False,strategy CAGR > QQQ CAGR AND strategy MaxDD >= QQQ MaxDD AND strategy Calmar > QQQ Calmar,True
start_2020,PHASE7A_FIXED_FOUR_STATE,weekly,after_tax,2020-01-02,2026-08-31,2020-01-02,2026-08-31,True,0.046425442814795215,-0.14035690084367813,-0.07256761225497699,-0.09356436187469319,-0.2978877945401939,0.25183709800197374,0.20541165518717852,-0.49154420130742715,-0.351187300463749,0.5123386611664389,0.5849062734214159,False,strategy CAGR > QQQ CAGR AND strategy MaxDD >= QQQ MaxDD AND strategy Calmar > QQQ Calmar,True
start_2020,PHASE7A_FIXED_FOUR_STATE,monthly,pre_tax,2020-01-02,2026-08-31,2020-01-02,2026-08-31,True,0.05908574149201917,-0.16596691857311596,-0.07345845584044164,-0.08405406564753903,-0.2813787772551528,0.2644973966791977,0.20541165518717852,-0.517154219036865,-0.351187300463749,0.5114478175809742,0.5849062734214159,False,strategy CAGR > QQQ CAGR AND strategy MaxDD >= QQQ MaxDD AND strategy Calmar > QQQ Calmar,True
start_2020,PHASE7A_FIXED_FOUR_STATE,monthly,after_tax,2020-01-02,2026-08-31,2020-01-02,2026-08-31,True,0.013354697871592602,-0.16596691857311596,-0.16188670787248527,-0.17827168759111756,-0.38668604070362966,0.21876635305877112,0.20541165518717852,-0.517154219036865,-0.351187300463749,0.4230195655489306,0.5849062734214159,False,strategy CAGR > QQQ CAGR AND strategy MaxDD >= QQQ MaxDD AND strategy Calmar > QQQ Calmar,True
start_2020,PHASE7A_FIXED_FOUR_STATE,bimonthly,pre_tax,2020-01-02,2026-08-31,2020-01-02,2026-08-31,True,0.13009631765721918,-0.17948067312402383,0.0473308118054816,0.00882900507850315,-0.14727232662525114,0.3355079728443977,0.20541165518717852,-0.5306679735877728,-0.351187300463749,0.6322370852268975,0.5849062734214159,False,strategy CAGR > QQQ CAGR AND strategy MaxDD >= QQQ MaxDD AND strategy Calmar > QQQ Calmar,True
start_2020,PHASE7A_FIXED_FOUR_STATE,bimonthly,after_tax,2020-01-02,2026-08-31,2020-01-02,2026-08-31,True,0.08064960109812858,-0.17948067312402383,-0.045847444694130046,-0.07913989462950966,-0.24672486062051435,0.2860612562853071,0.20541165518717852,-0.5306679735877728,-0.351187300463749,0.5390588287272858,0.5849062734214159,False,strategy CAGR > QQQ CAGR AND strategy MaxDD >= QQQ MaxDD AND strategy Calmar > QQQ Calmar,True
start_2020,PHASE7A_FIXED_FOUR_STATE,quarterly,pre_tax,2020-01-02,2026-08-31,2020-01-02,2026-08-31,True,-0.09047815622613853,-0.20513668678012575,-0.37831173211745306,-0.40148132104875445,-0.6601799447197767,0.11493349896103999,0.20541165518717852,-0.5563239872438748,-0.351187300463749,0.20659454130396285,0.5849062734214159,False,strategy CAGR > QQQ CAGR AND strategy MaxDD >= QQQ MaxDD AND strategy Calmar > QQQ Calmar,True
start_2020,PHASE7A_FIXED_FOUR_STATE,quarterly,after_tax,2020-01-02,2026-08-31,2020-01-02,2026-08-31,True,-0.1138393851324182,-0.20513668678012575,-0.42030386159943933,-0.45391683700436547,-0.7141050628894812,0.09157227005476032,0.20541165518717852,-0.5563239872438748,-0.351187300463749,0.16460241182197657,0.5849062734214159,False,strategy CAGR > QQQ CAGR AND strategy MaxDD >= QQQ MaxDD AND strategy Calmar > QQQ Calmar,True
