scenario_id,scenario_family,strategy_id,frequency,tax_mode,start_label,start_date,end_date,slippage_bps,execution_case,context_only,source_run_id,selection_performed,ending_value,total_return,cagr,max_drawdown,calmar,sharpe,sortino,ulcer_index,annual_turnover,number_of_trades,transaction_costs,tax_paid,gross_traded_notional,mean_holding_period_days,median_holding_period_days,max_holding_period_days,terminal_liquidation_wealth,terminal_liquidation_cagr,terminal_liquidation_tax,terminal_liquidation_cost,terminal_unrealized_gain_after_cost,after_tax_wealth_tax_paid_to_date,after_tax_cagr_tax_paid_to_date,after_tax_terminal_liquidation,after_tax_cagr_terminal_liquidation,path_hash,initial_deployment_excluded_from_turnover,terminal_liquidation_excluded_from_turnover,holding_periods_completed_only,terminal_liquidation_non_mutating,ending_value_minus_baseline,cagr_minus_baseline,max_drawdown_minus_baseline,calmar_minus_baseline,sharpe_minus_baseline,sortino_minus_baseline,annual_turnover_minus_baseline,transaction_costs_minus_baseline,number_of_trades_minus_baseline,tax_paid_minus_baseline,terminal_liquidation_wealth_minus_baseline,terminal_liquidation_cagr_minus_baseline,terminal_liquidation_tax_minus_baseline,terminal_liquidation_cost_minus_baseline,after_tax_cagr_tax_paid_to_date_minus_baseline,after_tax_cagr_terminal_liquidation_minus_baseline,baseline_slippage_bps,degradation_is_reporting_only
start_2013,start_date,FIXED_MA200_QQQ_TO_QLD,weekly,pre_tax,2013,2013-01-02,2026-08-31,5.0,next_open,False,phase8c_recomputed,False,3195983.088569843,30.95983088569843,0.2887055380603327,-0.49154420130742715,0.5873440013989042,0.9334520392252198,1.0409826980715282,0.1656303941824654,1.6102409558900648,23.0,8150.938509827835,0.0,16301877.019655671,254.63636363636363,211.0,662.0,,,,,,,,,,9efe41b46e693752c0e4195ab7105a36b9f71a0e70efcfc4b11e9e345250f97b,True,True,True,True,0.0,0.0,0.0,0.0,0.0,0.0,0.0,0.0,0.0,0.0,,,,,,,5.0,True
start_2013,start_date,FIXED_MA200_QQQ_TO_QLD,weekly,after_tax,2013,2013-01-02,2026-08-31,5.0,next_open,False,phase8c_recomputed,False,1959465.6599048597,18.594656599048598,0.2433653866709211,-0.49154420130742715,0.49510376894612734,0.8147642512203888,0.8704369459031285,0.20649548265364465,1.6102409558900646,23.0,5861.177501005109,350266.4642793222,11722355.002010215,254.63636363636363,211.0,662.0,1860044.343050618,0.23863444148778679,98441.5840242894,979.7328299524299,484575.85047644307,1959465.6599048597,0.2433653866709211,1860044.343050618,0.23863444148778679,1fede1f95a7f5e77197231aaf27ec6bd8a474ef13d00d11aacb136ce1747a025,True,True,True,True,0.0,0.0,0.0,0.0,0.0,0.0,0.0,0.0,0.0,0.0,0.0,0.0,0.0,0.0,0.0,0.0,5.0,True
start_2013,start_date,FIXED_MA200_QQQ_TO_QLD,monthly,pre_tax,2013,2013-01-02,2026-08-31,5.0,next_open,False,phase8c_recomputed,False,2894225.921302085,27.942259213020847,0.2793823195597005,-0.517154219036865,0.5402301852627541,0.8901940311565006,1.0107627452187384,0.1548537299186674,1.1710843315564108,17.0,7281.567258123298,0.0,14563134.516246598,353.875,358.0,671.0,,,,,,,,,,d6dcae2a03878d90a67a1b00ce64e6f07ca23849c4826897de217937d94719d9,True,True,True,True,0.0,0.0,0.0,0.0,0.0,0.0,0.0,0.0,0.0,0.0,,,,,,,5.0,True
start_2013,start_date,FIXED_MA200_QQQ_TO_QLD,monthly,after_tax,2013,2013-01-02,2026-08-31,5.0,next_open,False,phase8c_recomputed,False,1769857.633320696,16.698576333206958,0.23413563812300442,-0.5277782114525625,0.4436250550749552,0.7785336829239019,0.861672992899224,0.19708695763191247,1.1710843315564108,17.0,5127.799112943163,381545.9388345738,10255598.225886326,353.875,358.0,671.0,1733955.780944371,0.232285368855226,35016.92355966473,884.928816660348,172369.79354991252,1769857.633320696,0.23413563812300442,1733955.780944371,0.232285368855226,acbeb9b3c45dcab86924ff4a914c0d3f75f9a1e9d29bae45f6bf7f7159c14c58,True,True,True,True,0.0,0.0,0.0,0.0,0.0,0.0,0.0,0.0,0.0,0.0,0.0,0.0,0.0,0.0,0.0,0.0,5.0,True
start_2013,start_date,FIXED_MA200_QQQ_TO_QLD,bimonthly,pre_tax,2013,2013-01-02,2026-08-31,5.0,next_open,False,phase8c_recomputed,False,4624614.666887557,45.24614666887557,0.3240425847073214,-0.517154219036865,0.6265879166775631,0.9571542490899978,1.0969903844182736,0.15548140637627103,0.7319277072227567,11.0,5240.387007301004,0.0,10480774.01460201,528.2,589.0,756.0,,,,,,,,,,8fa970c187aa9a0f2b23b84633d4faa2b3d01ef36874c153df8ff8eda152826d,True,True,True,True,0.0,0.0,0.0,0.0,0.0,0.0,0.0,0.0,0.0,0.0,,,,,,,5.0,True
start_2013,start_date,FIXED_MA200_QQQ_TO_QLD,bimonthly,after_tax,2013,2013-01-02,2026-08-31,5.0,next_open,False,phase8c_recomputed,False,2836157.035227638,27.36157035227638,0.2774853532920951,-0.517154219036865,0.5365620990366797,0.8511128880871827,0.9509531373357164,0.20034057942807765,0.7319277072227567,11.0,3752.050575793168,442174.2521968832,7504101.151586335,528.2,589.0,756.0,2631523.2905174694,0.27050062206002323,203215.666192555,1418.078517613819,1000323.2399338174,2836157.035227638,0.2774853532920951,2631523.2905174694,0.27050062206002323,2926bac60da099c8cc349beacc11517373bee2382ee56f3c79641ca6f0b90f6d,True,True,True,True,0.0,0.0,0.0,0.0,0.0,0.0,0.0,0.0,0.0,0.0,0.0,0.0,0.0,0.0,0.0,0.0,5.0,True
start_2013,start_date,FIXED_MA200_QQQ_TO_QLD,quarterly,pre_tax,2013,2013-01-02,2026-08-31,5.0,next_open,False,phase8c_recomputed,False,1286585.6849092103,11.865856849092102,0.20565538195025668,-0.517154219036865,0.3976674159852434,0.713081924083211,0.8075560339442042,0.18176438370688766,0.8783132486673081,13.0,4367.591201681437,0.0,8735182.403362874,471.6666666666667,471.0,754.0,,,,,,,,,,8bc6cee6d86e51cef35e68c59fe6a06ef1691d870ed5aa882ff23804df6f92a0,True,True,True,True,0.0,0.0,0.0,0.0,0.0,0.0,0.0,0.0,0.0,0.0,,,,,,,5.0,True
start_2013,start_date,FIXED_MA200_QQQ_TO_QLD,quarterly,after_tax,2013,2013-01-02,2026-08-31,5.0,next_open,False,phase8c_recomputed,False,852619.0391875535,7.526190391875534,0.1698806725755826,-0.540984034685682,0.31402160079323826,0.6234478883509681,0.693784783914769,0.22044071488501288,0.8783132486673081,13.0,3237.7509040037735,203285.19216208084,6475501.808007548,471.6666666666667,471.0,754.0,852192.7296679597,0.16983783854557255,0.0,426.3095195937767,-45187.55767811055,852619.0391875535,0.1698806725755826,852192.7296679597,0.16983783854557255,533a8c7d3d494804b3a3351ab77e134dcd4bb401ba1835eb8a011e555e89202d,True,True,True,True,0.0,0.0,0.0,0.0,0.0,0.0,0.0,0.0,0.0,0.0,0.0,0.0,0.0,0.0,0.0,0.0,5.0,True
start_2013,start_date,PHASE7A_FIXED_FOUR_STATE,weekly,pre_tax,2013,2013-01-02,2026-08-31,5.0,next_open,False,phase8c_recomputed,False,3369913.069968776,32.69913069968776,0.2937149320071264,-0.49154420130742704,0.5975351376862809,0.9330037812350777,1.0392548838347484,0.17385592937852046,4.23282511433443,715.0,24679.176395236445,0.0,49358352.79047289,80.79245283018868,29.0,662.0,,,,,,,,,,6eb0934dc86fb67441d683a6cb4f1d1fb715c218ea4eb9cf803cfd1f1493dcb2,True,True,True,True,0.0,0.0,0.0,0.0,0.0,0.0,0.0,0.0,0.0,0.0,,,,,,,5.0,True
start_2013,start_date,PHASE7A_FIXED_FOUR_STATE,weekly,after_tax,2013,2013-01-02,2026-08-31,5.0,next_open,False,phase8c_recomputed,False,2024678.608711297,19.24678608711297,0.24634914496060945,-0.49154420130742715,0.5011739418456388,0.821616870833453,0.9146321246441657,0.18545682654696946,4.238145732662698,715.0,17335.97913272432,362772.1473872192,34671958.26544864,80.79245283018868,29.0,662.0,1921948.4524224314,0.24160684672143873,101717.81698450976,1012.3393043556484,500703.012476051,2024678.608711297,0.24634914496060945,1921948.4524224314,0.24160684672143873,027ab1d1a1c31001ec332a8f6913a55f6187cff81ab75f95b034a5481669a296,True,True,True,True,0.0,0.0,0.0,0.0,0.0,0.0,0.0,0.0,0.0,0.0,0.0,0.0,0.0,0.0,0.0,0.0,5.0,True
start_2013,start_date,PHASE7A_FIXED_FOUR_STATE,monthly,pre_tax,2013,2013-01-02,2026-08-31,5.0,next_open,False,phase8c_recomputed,False,2932064.4400988813,28.32064440098881,0.28059951882373535,-0.517154219036865,0.5425838337862096,0.8795691845862122,0.9965800259780676,0.16326769586568768,2.6882107735684126,211.0,16684.81289451728,0.0,33369625.78903456,121.44444444444444,43.0,671.0,,,,,,,,,,cbc33a31ca7fad519d139487eebfa5420e4476b70f6913f3090508e197873c95,True,True,True,True,0.0,0.0,0.0,0.0,0.0,0.0,0.0,0.0,0.0,0.0,,,,,,,5.0,True
start_2013,start_date,PHASE7A_FIXED_FOUR_STATE,monthly,after_tax,2013,2013-01-02,2026-08-31,5.0,next_open,False,phase8c_recomputed,False,1744023.8158846553,16.440238158846554,0.23280779986772338,-0.5171542190368649,0.45017093798692936,0.7694509569865967,0.8703144858849509,0.18387476591432572,2.68827503817139,211.0,11510.838727089049,375604.55761225655,23021677.4541781,121.44444444444444,43.0,671.0,1708646.0067321716,0.23095952135220932,34505.79724454136,872.0119079423276,169853.78904524422,1744023.8158846553,0.23280779986772338,1708646.0067321716,0.23095952135220932,9575e90f6c82e36ee6377e69c94d9626b53d19265b4525bb41106acc37f33f54,True,True,True,True,0.0,0.0,0.0,0.0,0.0,0.0,0.0,0.0,0.0,0.0,0.0,0.0,0.0,0.0,0.0,0.0,5.0,True
start_2013,start_date,PHASE7A_FIXED_FOUR_STATE,bimonthly,pre_tax,2013,2013-01-02,2026-08-31,5.0,next_open,False,phase8c_recomputed,False,4804128.440633415,47.04128440633415,0.32773925474938426,-0.5306679735877728,0.617597577132052,0.9498271662767692,1.0878161691742836,0.1632189577404268,1.6592188537094275,107.0,14186.742264064547,0.0,28373484.528129097,184.77272727272728,84.5,756.0,,,,,,,,,,7119ad1d2457f39314c15398fc1959f461425e4723c9d5af69176d8edca78c3e,True,True,True,True,0.0,0.0,0.0,0.0,0.0,0.0,0.0,0.0,0.0,0.0,,,,,,,5.0,True
start_2013,start_date,PHASE7A_FIXED_FOUR_STATE,bimonthly,after_tax,2013,2013-01-02,2026-08-31,5.0,next_open,False,phase8c_recomputed,False,2802842.30092145,27.0284230092145,0.2763807300483929,-0.532755752914756,0.5187756838594204,0.8412572480370397,0.959146302767386,0.1864369754443821,1.6591224022625333,107.0,9590.352130968244,486083.3809603089,19180704.261936493,184.77272727272728,84.5,756.0,2639978.7071637353,0.27079904596435544,161462.17260725357,1401.421150460725,850900.7179941162,2802842.30092145,0.2763807300483929,2639978.7071637353,0.27079904596435544,81a8c870b6ea0b88d6cff14a0d6538a1f3205ff699af8723dea467ff90d4be4c,True,True,True,True,0.0,0.0,0.0,0.0,0.0,0.0,0.0,0.0,0.0,0.0,0.0,0.0,0.0,0.0,0.0,0.0,5.0,True
start_2013,start_date,PHASE7A_FIXED_FOUR_STATE,quarterly,pre_tax,2013,2013-01-02,2026-08-31,5.0,next_open,False,phase8c_recomputed,False,1198685.4204534946,10.986854204534946,0.19942516779381925,-0.556323987243875,0.35846947528149187,0.6824833525704452,0.7643967757280549,0.19655202239563593,1.5752772776706632,87.0,7389.522915566721,0.0,14779045.831133444,238.31578947368422,126.0,754.0,,,,,,,,,,779553276b41732a789c3a86326e1f809a2971c82cd08ca0b67cec177c3f5810,True,True,True,True,0.0,0.0,0.0,0.0,0.0,0.0,0.0,0.0,0.0,0.0,,,,,,,5.0,True
start_2013,start_date,PHASE7A_FIXED_FOUR_STATE,quarterly,after_tax,2013,2013-01-02,2026-08-31,5.0,next_open,False,phase8c_recomputed,False,804698.860108072,7.04698860108072,0.16493685200707842,-0.556323987243875,0.2964762544649639,0.6017785127848664,0.6744839462377773,0.21451921617994435,1.5716818591352535,87.0,5560.313880515897,190426.9920343307,11120627.761031792,238.31578947368422,126.0,754.0,804296.510678018,0.1648941989901953,0.0,402.349430054036,-42647.858519899426,804698.860108072,0.16493685200707842,804296.510678018,0.1648941989901953,ba8de16abf3395e46aa25fe5c9d6a6e2db11f64b39eb83b041ce487b33568c57,True,True,True,True,0.0,0.0,0.0,0.0,0.0,0.0,0.0,0.0,0.0,0.0,0.0,0.0,0.0,0.0,0.0,0.0,5.0,True
start_2013,start_date,QQQ_BUY_HOLD,none,benchmark,2013,2013-01-02,2026-08-31,5.0,next_open,False,phase8c_recomputed_benchmark,False,1200509.8917711389,11.005098917711388,0.19955872753614345,-0.351187300463749,0.5682401592330436,0.9789796926732859,1.2521140678226426,0.09107412108132662,0.0,1.0,49.97501249375313,0.0,99950.02498750626,,,,,,,,,,,,,6a4c62557176f2780606ebeeb8a690a6f793edcb6b9ed5ea6012f23f2ece60bd,True,True,,,0.0,0.0,0.0,0.0,0.0,0.0,0.0,0.0,0.0,0.0,,,,,,,5.0,True
start_2014,start_date,FIXED_MA200_QQQ_TO_QLD,weekly,pre_tax,2014,2014-01-02,2026-08-31,5.0,next_open,False,phase8c_recomputed,False,1843901.7320032993,17.439017320032992,0.25886944428413794,-0.49154420130742704,0.5266453018784224,0.8529826556026372,0.9466555640465141,0.17188546413798372,1.7373469136971307,23.0,4723.773405561623,0.0,9447546.811123246,232.0,211.0,585.0,,,,,,,,,,4b3e3c514a498af17e646055f52e39ba1763c5782a198435a82f4f9759c6cd66,True,True,True,True,-1352081.356566544,-0.029836093776194783,1.1102230246251565e-16,-0.06069869952048179,-0.0804693836225826,-0.09432713402501414,0.1271059578070659,-3427.1651042662124,0.0,0.0,,,,,,,5.0,True
start_2014,start_date,FIXED_MA200_QQQ_TO_QLD,weekly,after_tax,2014,2014-01-02,2026-08-31,5.0,next_open,False,phase8c_recomputed,False,1225719.5871073666,11.257195871073666,0.2189112111122835,-0.49154420130742704,0.4453540709665897,0.7512180446030875,0.8115657914797555,0.20297904412525225,1.7373469136971307,23.0,3680.3254041548844,209558.27616610972,7360650.808309769,232.0,211.0,585.0,1163527.8080229764,0.21390796816306445,61578.91929083659,612.8597935536833,303120.449376503,1225719.5871073666,0.2189112111122835,1163527.8080229764,0.21390796816306445,b3a096d93b67e61ac0816b8e3b1ddecf9e0cf41680eaaacb098bba0dfc0e973e,True,True,True,True,-733746.0727974931,-0.024454175558637603,1.1102230246251565e-16,-0.049749697979537655,-0.06354620661730126,-0.058871154423372984,0.12710595780706613,-2180.8520968502244,0.0,-140708.18811321247,-696516.5350276416,-0.02472647332472233,-36862.66473345282,-366.87303639874665,-0.024454175558637603,-0.02472647332472233,5.0,True
start_2014,start_date,FIXED_MA200_QQQ_TO_QLD,monthly,pre_tax,2014,2014-01-02,2026-08-31,5.0,next_open,False,phase8c_recomputed,False,1683553.9251959324,15.835539251959325,0.24985530203210105,-0.517154219036865,0.48313499694042,0.8129487805974002,0.9193231708618268,0.16067728890031402,1.2635250281433679,17.0,4256.549012449075,0.0,8513098.02489815,322.375,346.5,611.0,,,,,,,,,,792deb9a867e4652e3b067ef53ef4d115b4cf2cf0c33bbbfd72e8b8443711cdb,True,True,True,True,-1210671.9961061524,-0.029527017527599453,0.0,-0.05709518832233412,-0.07724525055910048,-0.09143957435691163,0.09244069658695708,-3025.018245674223,0.0,0.0,,,,,,,5.0,True
start_2014,start_date,FIXED_MA200_QQQ_TO_QLD,monthly,after_tax,2014,2014-01-02,2026-08-31,5.0,next_open,False,phase8c_recomputed,False,1104169.12996219,10.0416912996219,0.20889737976474332,-0.517154219036865,0.4039363348012292,0.713641582806485,0.7934235070135762,0.19379396362060403,1.2635250281433679,17.0,3213.1033303403724,228447.80753602696,6426206.660680745,322.375,346.5,611.0,1081770.8780598491,0.20694199851727002,21846.16733735981,552.084564981095,107537.12693753291,1104169.12996219,0.20889737976474332,1081770.8780598491,0.20694199851727002,1fccced44e8c156c6e4d49d44647fed46101a864674c18c8502e3c44f710c4e1,True,True,True,True,-665688.5033585059,-0.0252382583582611,0.010623992415697558,-0.039688720273726,-0.06489210011741686,-0.06824948588564783,0.09244069658695708,-1914.6957826027906,0.0,-153098.13129854682,-652184.9028845218,-0.025343370337955973,-13170.756222304917,-332.84425167925303,-0.0252382583582611,-0.025343370337955973,5.0,True
start_2014,start_date,FIXED_MA200_QQQ_TO_QLD,bimonthly,pre_tax,2014,2014-01-02,2026-08-31,5.0,next_open,False,phase8c_recomputed,False,2690110.719295359,25.901107192953592,0.2969929599648975,-0.517154219036865,0.5742831616418207,0.8886374711261381,1.0153496239736113,0.16133009027620387,0.789703142589605,11.0,3069.206656756859,0.0,6138413.313513719,477.8,544.0,756.0,,,,,,,,,,96338800b4446d05f128c639aa0c80b7f5944ce009876f21117c48a07d810470,True,True,True,True,-1934503.947592198,-0.027049624742423894,0.0,-0.05230475503574239,-0.06851677796385969,-0.08164076044466229,0.05777543536684826,-2171.180350544145,0.0,0.0,,,,,,,5.0,True
start_2014,start_date,FIXED_MA200_QQQ_TO_QLD,bimonthly,after_tax,2014,2014-01-02,2026-08-31,5.0,next_open,False,phase8c_recomputed,False,1769406.1867268854,16.694061867268854,0.2547753033371125,-0.517154219036865,0.4926486025998195,0.7945448848003878,0.8920150923106679,0.1987429133109959,0.789703142589605,11.0,2354.8088343805293,266272.26909496746,4709617.668761058,477.8,544.0,756.0,1641740.4018616967,0.2473747954680532,126781.08177182518,884.7030933634427,624076.2085740841,1769406.1867268854,0.2547753033371125,1641740.4018616967,0.2473747954680532,27fbeee3e300ee3ecb6888660a8e540799ade0b5e85700374457b7181612d680,True,True,True,True,-1066750.8485007528,-0.022710049954982603,0.0,-0.04391349643686021,-0.0565680032867949,-0.05893804502504851,0.05777543536684826,-1397.2417414126385,0.0,-175901.98310191574,-989782.8886557727,-0.023125826591970045,-76434.58442072984,-533.3754242503763,-0.022710049954982603,-0.023125826591970045,5.0,True
start_2014,start_date,FIXED_MA200_QQQ_TO_QLD,quarterly,pre_tax,2014,2014-01-02,2026-08-31,5.0,next_open,False,phase8c_recomputed,False,748399.2054619286,6.483992054619287,0.1723244862076858,-0.517154219036865,0.3332168236558499,0.6270311353691639,0.7074089190863416,0.18866042311541667,0.9476437711075258,13.0,2561.506551650932,0.0,5123013.103301864,429.6666666666667,441.0,754.0,,,,,,,,,,07e95b16dc8a65f2ff2def0f74e3400f180436ef3ba76bfaa1489ed64b2e87d7,True,True,True,True,-538186.4794472817,-0.033330895742570865,0.0,-0.06445059232939349,-0.08605078871404714,-0.10014711485786254,0.06933052244021776,-1806.0846500305051,0.0,0.0,,,,,,,5.0,True
start_2014,start_date,FIXED_MA200_QQQ_TO_QLD,quarterly,after_tax,2014,2014-01-02,2026-08-31,5.0,next_open,False,phase8c_recomputed,False,531862.9116213719,4.318629116213718,0.14111905237511468,-0.540984034685682,0.2608562237092754,0.5495065494722369,0.6120505282746048,0.22285382504450518,0.9476437711075258,13.0,2033.7085962309397,117218.18323861237,4067417.1924618795,429.6666666666667,441.0,754.0,531596.9801655612,0.14107397346806327,0.0,265.9314558106859,-28187.953694582917,531862.9116213719,0.14111905237511468,531596.9801655612,0.14107397346806327,d1ad7686d3a09a879ce71e533fe2d50c38074fd44c3876175f569742b0f29616,True,True,True,True,-320756.1275661816,-0.028761620200467908,0.0,-0.05316537708396285,-0.07394133887873122,-0.08173425564016423,0.06933052244021776,-1204.0423077728337,0.0,-86067.00892346847,-320595.74950239854,-0.028763865077509276,0.0,-160.3780637830908,-0.028761620200467908,-0.028763865077509276,5.0,True
start_2014,start_date,PHASE7A_FIXED_FOUR_STATE,weekly,pre_tax,2014,2014-01-02,2026-08-31,5.0,next_open,False,phase8c_recomputed,False,1874840.7854820746,17.748407854820744,0.2605251740967196,-0.49154420130742704,0.5300137269522565,0.8480794355853912,0.9386625634013047,0.1804023421309241,4.458308754075018,620.0,13709.372121325108,0.0,27418744.24265022,73.25,28.0,585.0,,,,,,,,,,c25544e51f16943299e9ea5ed5778bfc117351e71bef9dd262ef94080bbeaba6,True,True,True,True,-1495072.2844867012,-0.03318975791040679,0.0,-0.0675214107340244,-0.08492434564968643,-0.10059232043344368,0.22548363974058816,-10969.804273911337,-95.0,0.0,,,,,,,5.0,True
start_2014,start_date,PHASE7A_FIXED_FOUR_STATE,weekly,after_tax,2014,2014-01-02,2026-08-31,5.0,next_open,False,phase8c_recomputed,False,1224039.584528032,11.24039584528032,0.2187791613678034,-0.49154420130742715,0.44508542830102893,0.7492089955109942,0.8286061391996047,0.19187807374278573,4.4630298477867125,620.0,10435.068375055303,209236.10732905555,20870136.750110608,73.25,28.0,585.0,1161933.0470848572,0.21377646044079812,61494.517650910544,612.019792264016,302704.9847448218,1224039.584528032,0.2187791613678034,1161933.0470848572,0.21377646044079812,e7d4927cbb8e1f4c43c972766c4f6154ecfed576875c8f6e52839c015d2e8ad4,True,True,True,True,-800639.0241832649,-0.027569983592806047,0.0,-0.056088513544609864,-0.07240787532245885,-0.08602598544456097,0.22488411512401463,-6900.910757669015,-95.0,-153536.04005816363,-760015.4053375742,-0.027830386280640607,-40223.299333599214,-400.3195120916324,-0.027569983592806047,-0.027830386280640607,5.0,True
start_2014,start_date,PHASE7A_FIXED_FOUR_STATE,monthly,pre_tax,2014,2014-01-02,2026-08-31,5.0,next_open,False,phase8c_recomputed,False,1633193.2916979662,15.33193291697966,0.24686060075443028,-0.517154219036865,0.47734426534154023,0.7961664655153433,0.897125773400574,0.16939754867668613,2.829774329634504,187.0,9286.050444762317,0.0,18572100.889524635,111.14285714285714,42.0,611.0,,,,,,,,,,e5b68da6f97aa09fed3dc7dc378a6c3a6fe3572eab1dd89fda45de7f9544354c,True,True,True,True,-1298871.148400915,-0.03373891806930507,0.0,-0.06523956844466933,-0.08340271907086894,-0.09945425257749363,0.1415635560660915,-7398.762449754962,-24.0,0.0,,,,,,,5.0,True
start_2014,start_date,PHASE7A_FIXED_FOUR_STATE,monthly,after_tax,2014,2014-01-02,2026-08-31,5.0,next_open,False,phase8c_recomputed,False,1057244.1631512349,9.572441631512348,0.20475755880619384,-0.517154219036865,0.39593133202612013,0.6990766530960745,0.7874224422826771,0.1868555990250262,2.830040141721957,187.0,6956.559863147218,217655.7859016454,13913119.726294436,111.14285714285714,42.0,611.0,1035797.7918970848,0.2028088736839715,20917.74917257441,528.6220815756175,102967.01537078223,1057244.1631512349,0.20475755880619384,1035797.7918970848,0.2028088736839715,42f9c57880558d418f017a39fe69e1b9d62fdf96a1e497fd8d73cd8c3dd79a6c,True,True,True,True,-686779.6527334205,-0.028050241061529535,-1.1102230246251565e-16,-0.054239605960809234,-0.07037430389052224,-0.08289204360227376,0.14176510355056715,-4554.278863941831,-24.0,-157948.77171061115,-672848.2148350868,-0.028150647668237827,-13588.04807196695,-343.38982636671017,-0.028050241061529535,-0.028150647668237827,5.0,True
start_2014,start_date,PHASE7A_FIXED_FOUR_STATE,bimonthly,pre_tax,2014,2014-01-02,2026-08-31,5.0,next_open,False,phase8c_recomputed,False,2662953.871281288,25.62953871281288,0.29595388568756076,-0.5306679735877728,0.5577006723934317,0.8745585220226136,0.9973429670397191,0.16936003397451768,1.7207258493386346,95.0,7857.368418293497,0.0,15714736.836586993,171.57142857142858,84.0,756.0,,,,,,,,,,b5d08129dfd1d7b17eb9a4e20af1414d80ec02068d556b787366651a538242ec,True,True,True,True,-2141174.569352127,-0.0317853690618235,0.0,-0.059896904738620305,-0.07526864425415558,-0.09047320213456445,0.06150699562920714,-6329.373845771051,-12.0,0.0,,,,,,,5.0,True
start_2014,start_date,PHASE7A_FIXED_FOUR_STATE,bimonthly,after_tax,2014,2014-01-02,2026-08-31,5.0,next_open,False,phase8c_recomputed,False,1691175.2237269927,15.911752237269926,0.2503012974488181,-0.5327557529147559,0.46982373457141785,0.7784465685006708,0.8855944914797146,0.18895769303807258,1.7213954961241695,95.0,5768.191612318006,283180.82034116774,11536383.224636013,171.57142857142858,84.0,756.0,1592906.8072272008,0.24440308638929276,97422.82888792855,845.5876118634964,513415.332589376,1691175.2237269927,0.2503012974488181,1592906.8072272008,0.24440308638929276,f8677295362d3d0b2898408dfa67f0d3533387ac349fa40e4653df2722c15f36,True,True,True,True,-1111667.0771944572,-0.026079432599574792,1.1102230246251565e-16,-0.04895194928800256,-0.06281067953636887,-0.07355181128767141,0.062273093861636264,-3822.1605186502375,-12.0,-202902.56061914115,-1047071.8999365345,-0.02639595957506269,-64039.343719325014,-555.8335385972285,-0.026079432599574792,-0.02639595957506269,5.0,True
start_2014,start_date,PHASE7A_FIXED_FOUR_STATE,quarterly,pre_tax,2014,2014-01-02,2026-08-31,5.0,next_open,False,phase8c_recomputed,False,662330.7168764025,5.623307168764025,0.16106557518791376,-0.5563239872438749,0.2895175812674561,0.5896414990608743,0.6567289184628893,0.20400103092032107,1.6931766672532356,79.0,4102.015942990622,0.0,8204031.885981243,211.78947368421052,126.0,754.0,,,,,,,,,,f5a2eea64c1ebda96e92afa5178d8a226df058535594a22e7ee55df3d803aa66,True,True,True,True,-536354.7035770922,-0.03835959260590549,1.1102230246251565e-16,-0.06895189401403579,-0.09284185350957097,-0.10766785726516559,0.1178993895825724,-3287.5069725760995,-8.0,0.0,,,,,,,5.0,True
start_2014,start_date,PHASE7A_FIXED_FOUR_STATE,quarterly,after_tax,2014,2014-01-02,2026-08-31,5.0,next_open,False,phase8c_recomputed,False,478343.19427553646,3.7834319427553647,0.13159928983398728,-0.556323987243875,0.23655152905765012,0.5202955277315223,0.5805426368162637,0.21892108325011694,1.6901459824515899,79.0,3315.9191621556347,102857.48489330876,6631838.32431127,211.78947368421052,126.0,754.0,478104.0226783987,0.13155458699680334,0.0,239.17159713776823,-25351.48722676211,478343.19427553646,0.13159928983398728,478104.0226783987,0.13155458699680334,037ecd7f954a77798966de44e4fcbdaf6d95972029474e0d88eb70501c7af78a,True,True,True,True,-326355.6658325356,-0.03333756217309114,0.0,-0.05992472540731378,-0.08148298505334406,-0.09394130942151357,0.11846412331633638,-2244.3947183602622,-8.0,-87569.50714102194,-326192.4879996193,-0.03333961199339197,0.0,-163.1778329162678,-0.03333756217309114,-0.03333961199339197,5.0,True
start_2014,start_date,QQQ_BUY_HOLD,none,benchmark,2014,2014-01-02,2026-08-31,5.0,next_open,False,phase8c_recomputed_benchmark,False,904431.5543739038,8.044315543739037,0.1899923422059122,-0.351187300463749,0.5410000360349705,0.9218845913623014,1.185557353188765,0.094531733032353,0.0,1.0,49.97501249375313,0.0,99950.02498750626,,,,,,,,,,,,,c092a252f199c68b4c4ac0acd5575c7b5fb25e39c79348a8faf10906160e86d5,True,True,,,-296078.3373972351,-0.009566385330231242,0.0,-0.02724012319807312,-0.0570951013109845,-0.06655671463387747,0.0,0.0,0.0,0.0,,,,,,,5.0,True
start_2015,start_date,FIXED_MA200_QQQ_TO_QLD,weekly,pre_tax,2015,2015-01-02,2026-08-31,5.0,next_open,False,phase8c_recomputed,False,1315210.6995547328,12.152106995547328,0.24728171690391387,-0.49154420130742704,0.5030711709062685,0.8189828068832444,0.8992026495042228,0.17841518868110323,1.8862390535185565,23.0,3383.682849215704,0.0,6767365.698431408,209.0909090909091,161.0,585.0,,,,,,,,,,5b0487fa03c86c0dd476191b0f706078ca4b67020758b136ab2b33ec64c5d725,True,True,True,True,-1880772.3890151104,-0.04142382115641885,1.1102230246251565e-16,-0.08427283049263568,-0.11446923234197537,-0.14178004856730542,0.2759980976284917,-4767.255660612131,0.0,0.0,,,,,,,5.0,True
start_2015,start_date,FIXED_MA200_QQQ_TO_QLD,weekly,after_tax,2015,2015-01-02,2026-08-31,5.0,next_open,False,phase8c_recomputed,False,919081.9239926906,8.190819239926906,0.2095305499634208,-0.49154420130742715,0.4262700066567845,0.724420302254745,0.778378816364288,0.20562205434726968,1.8862390535185565,23.0,2760.9607155878966,150755.33113686417,5521921.431175793,209.0909090909091,161.0,585.0,872448.631534419,0.20414127851882302,46173.7514962753,459.54096199634535,227288.9564177962,919081.9239926906,0.2095305499634208,872448.631534419,0.20414127851882302,459e94eb0a588aa57149e7af403e877a0ec74a623bed909fd4549a49ed3e96fe,True,True,True,True,-1040383.7359121691,-0.033834836707500315,0.0,-0.06883376228934285,-0.0903439489656438,-0.09205812953884052,0.2759980976284919,-3100.216785417212,0.0,-199511.133142458,-987595.7115161989,-0.034493162968963764,-52267.83252801411,-520.1918679560846,-0.033834836707500315,-0.034493162968963764,5.0,True
start_2015,start_date,FIXED_MA200_QQQ_TO_QLD,monthly,pre_tax,2015,2015-01-02,2026-08-31,5.0,next_open,False,phase8c_recomputed,False,1200838.4705455096,11.008384705455097,0.23758812148841324,-0.517154219036865,0.45941445074332254,0.7781185036856696,0.8721308916075577,0.16668591096975333,1.3718102207407683,17.0,3050.4229415703167,0.0,6100845.883140634,290.875,241.5,611.0,,,,,,,,,,507ce0e68962d60e3bd26d40709d1787f41d5217ef3c84a948d8dc22e3e9fc15,True,True,True,True,-1693387.4507565752,-0.04179419807128726,0.0,-0.08081573451943158,-0.11207552747083105,-0.1386318536111807,0.20072588918435752,-4231.144316552982,0.0,0.0,,,,,,,5.0,True
start_2015,start_date,FIXED_MA200_QQQ_TO_QLD,monthly,after_tax,2015,2015-01-02,2026-08-31,5.0,next_open,False,phase8c_recomputed,False,834968.7792718647,7.3496877927186475,0.19961542478285899,-0.517154219036865,0.38598819739809476,0.6874107585192818,0.760244436330108,0.19329665933434823,1.3718102207407685,17.0,2436.929221158925,166535.86159183452,4873858.44231785,290.875,241.5,611.0,818031.3006363573,0.19750891190070163,16519.994245871396,417.48438963593236,81319.19392503763,834968.7792718647,0.19961542478285899,818031.3006363573,0.19750891190070163,fc1183c257b725f2fd45d646fe51f826729fbd2838b476703beddc278ff02ae0,True,True,True,True,-934888.8540488313,-0.034520213340145434,0.010623992415697558,-0.05763685767686044,-0.09112292440462011,-0.10142855656911609,0.20072588918435774,-2690.869891784238,0.0,-215010.07724273927,-915924.4803080136,-0.03477645695452436,-18496.92931379333,-467.4444270244157,-0.034520213340145434,-0.03477645695452436,5.0,True
start_2015,start_date,FIXED_MA200_QQQ_TO_QLD,bimonthly,pre_tax,2015,2015-01-02,2026-08-31,5.0,next_open,False,phase8c_recomputed,False,1918791.1913072618,18.187911913072618,0.28834418806781836,-0.517154219036865,0.557559384519425,0.8614589949524325,0.9767757713406865,0.16736925245837073,0.8573813879629802,11.0,2203.520233504457,0.0,4407040.467008914,427.4,544.0,756.0,,,,,,,,,,8f43e6c7038e867005244883257a4cb961a3ba56459e4e65e734df0eee9597a3,True,True,True,True,-2705823.4755802955,-0.03569839663950303,0.0,-0.06902853215813809,-0.0956952541375653,-0.12021461307758707,0.12545368074022356,-3036.866773796547,0.0,0.0,,,,,,,5.0,True
start_2015,start_date,FIXED_MA200_QQQ_TO_QLD,bimonthly,after_tax,2015,2015-01-02,2026-08-31,5.0,next_open,False,phase8c_recomputed,False,1337259.6930663465,12.372596930663464,0.2490613685953076,-0.517154219036865,0.4815998002668396,0.7756674191159648,0.8670369623528009,0.19950166340930442,0.8573813879629802,11.0,1787.5634935594417,195013.43172702636,3575126.987118883,427.4,544.0,756.0,1240774.0417983893,0.24106524395896667,95817.02142142413,668.6298465331732,471656.5169649231,1337259.6930663465,0.2490613685953076,1240774.0417983893,0.24106524395896667,943866e5de7d047f553adfdda94bc46a7af305213a2b00a186aa750bd414b8ff,True,True,True,True,-1498897.3421612917,-0.02842398469678753,0.0,-0.05496229876984016,-0.07544546897121784,-0.08391617498291548,0.12545368074022356,-1964.4870822337261,0.0,-247160.82046985684,-1390749.2487190801,-0.029435378101056564,-107398.64477113089,-749.4486710806458,-0.02842398469678753,-0.029435378101056564,5.0,True
start_2015,start_date,FIXED_MA200_QQQ_TO_QLD,quarterly,pre_tax,2015,2015-01-02,2026-08-31,5.0,next_open,False,phase8c_recomputed,False,533815.1298835201,4.338151298835201,0.1544648846291472,-0.517154219036865,0.29868244121998794,0.5802991232423494,0.6490336521027952,0.19595904859502178,1.0288576655555763,13.0,1841.3899752531543,0.0,3682779.9505063086,387.6666666666667,347.5,754.0,,,,,,,,,,3f8a950ff51fe68ea086a3f0c73d0ca40b09f2e3d071029931f8708c2a63a913,True,True,True,True,-752770.5550256902,-0.051190497321109474,0.0,-0.09898497476525547,-0.13278280084086158,-0.158522381841409,0.15054441688826825,-2526.201226428283,0.0,0.0,,,,,,,5.0,True
start_2015,start_date,FIXED_MA200_QQQ_TO_QLD,quarterly,after_tax,2015,2015-01-02,2026-08-31,5.0,next_open,False,phase8c_recomputed,False,402252.99674981966,3.0225299674981967,0.12678640329151003,-0.5375438077036498,0.23586245711420772,0.5120839126549961,0.5656509391784583,0.22632322606120545,1.0288576655555763,13.0,1546.4754301576693,82440.55393979799,3092950.8603153387,387.6666666666667,347.5,754.0,402051.87025144475,0.1267380758872212,0.0,201.12649837490983,-21318.818436362548,402252.99674981966,0.12678640329151003,402051.87025144475,0.1267380758872212,b6e9bdda5faff9311f0d16a5f6d00fc2df118e85e8c8c9d27a4a64a8dc765c31,True,True,True,True,-450366.0424377338,-0.04309426928407256,0.0034402269820321685,-0.07815914367903054,-0.111363975695972,-0.12813384473631073,0.15054441688826825,-1691.2754738461042,0.0,-120844.63822228285,-450140.859416515,-0.04309976265835136,0.0,-225.18302121886688,-0.04309426928407256,-0.04309976265835136,5.0,True
start_2015,start_date,PHASE7A_FIXED_FOUR_STATE,weekly,pre_tax,2015,2015-01-02,2026-08-31,5.0,next_open,False,phase8c_recomputed,False,1331469.608489209,12.314696084892091,0.2485966429731914,-0.49154420130742715,0.505746263127436,0.8153576208418629,0.8917397376430073,0.18717793018949305,4.590930429129931,537.0,9633.360407200194,0.0,19266720.814400386,70.3125,28.5,585.0,,,,,,,,,,e4e35ae9dcb61b40cc816aaad159c429983e8fa0e880ccc485db46ee8dce53dc,True,True,True,True,-2038443.4614795668,-0.045118289033935,-1.1102230246251565e-16,-0.09178887455884488,-0.11764616039321474,-0.1475151461917411,0.3581053147955009,-15045.815988036251,-178.0,0.0,,,,,,,5.0,True
start_2015,start_date,PHASE7A_FIXED_FOUR_STATE,weekly,after_tax,2015,2015-01-02,2026-08-31,5.0,next_open,False,phase8c_recomputed,False,918408.0292695541,8.18408029269554,0.20945446779799148,-0.49154420130742704,0.426115224716062,0.7229349691143895,0.7898265193985966,0.19820926242144418,4.594308177806737,537.0,7702.413193290673,150626.10045476753,15404826.386581343,70.3125,28.5,585.0,871808.9295517659,0.20406553535057026,46139.89570315336,459.204014634777,227122.30225524667,918408.0292695541,0.20945446779799148,871808.9295517659,0.20406553535057026,eb9c00aa9742d5001a3d2aa5809bbe12dec4dac0215c9b36f4ece2d02ba7374b,True,True,True,True,-1106270.579441743,-0.03689467716261796,1.1102230246251565e-16,-0.07505871712957679,-0.09868190171906355,-0.12480560524556905,0.3561624451440393,-9633.565939433645,-178.0,-212146.04693245166,-1050139.5228706654,-0.03754131137086847,-55577.9212813564,-553.1352897208715,-0.03689467716261796,-0.03754131137086847,5.0,True
start_2015,start_date,PHASE7A_FIXED_FOUR_STATE,monthly,pre_tax,2015,2015-01-02,2026-08-31,5.0,next_open,False,phase8c_recomputed,False,1150880.0579544255,10.508800579544255,0.23308632084925685,-0.517154219036865,0.4507095026380157,0.7603623305132046,0.8480139161091963,0.17566155074521264,2.8961372728729424,162.0,6466.950108632525,0.0,12933900.217265053,107.0625,42.0,611.0,,,,,,,,,,384bc6e1aa8c0732d3388a3c17b7582b0f22ef9b1f4004138fac812f8684eaa5,True,True,True,True,-1781184.3821444558,-0.047513197974478505,0.0,-0.09187433114819388,-0.11920685407300768,-0.1485661098688713,0.20792649930452978,-10217.862785884754,-49.0,0.0,,,,,,,5.0,True
start_2015,start_date,PHASE7A_FIXED_FOUR_STATE,monthly,after_tax,2015,2015-01-02,2026-08-31,5.0,next_open,False,phase8c_recomputed,False,790230.154570259,6.90230154570259,0.19396325337581155,-0.517154219036865,0.3750588243039839,0.6705642500384211,0.7476772975559739,0.19190519169101633,2.89604758161737,162.0,5107.575371881427,156246.66506203593,10215150.743762854,107.0625,42.0,611.0,774200.2062746601,0.19186666565102972,15634.833218313901,395.11507728512953,76962.01436531579,790230.154570259,0.19396325337581155,774200.2062746601,0.19186666565102972,c2b6994ae3d505c18bd21de5d63584dbfd621f811caec2244f4e29a9db1a5c3f,True,True,True,True,-953793.6613143963,-0.038844546491911824,-1.1102230246251565e-16,-0.07511211368294546,-0.09888670694817558,-0.12263718832897696,0.20777254344598006,-6403.263355207622,-49.0,-219357.89255022063,-934445.8004575116,-0.039092855701179596,-18870.964026227462,-476.8968306571981,-0.038844546491911824,-0.039092855701179596,5.0,True
start_2015,start_date,PHASE7A_FIXED_FOUR_STATE,bimonthly,pre_tax,2015,2015-01-02,2026-08-31,5.0,next_open,False,phase8c_recomputed,False,1880586.0245902324,17.805860245902323,0.28612397667690925,-0.5306679735877728,0.5391770201289228,0.8470013599868743,0.9578304149268495,0.17564719584497815,1.7638675573431186,84.0,5513.251108868687,0.0,11026502.217737373,167.47368421052633,84.0,756.0,,,,,,,,,,60e421c6740960a6cb1ba807fcc89156ee5dfa67d2266dbc2995cfe1772588b7,True,True,True,True,-2923542.416043183,-0.041615278072475004,0.0,-0.07842055700312922,-0.1028258062898949,-0.12998575424743408,0.10464870363369116,-8673.491155195861,-23.0,0.0,,,,,,,5.0,True
start_2015,start_date,PHASE7A_FIXED_FOUR_STATE,bimonthly,after_tax,2015,2015-01-02,2026-08-31,5.0,next_open,False,phase8c_recomputed,False,1264897.524205041,11.648975242050408,0.24311638302833272,-0.532755752914756,0.4563374148438952,0.7575081847962922,0.8553489507839778,0.1932011794660808,1.7639512135612694,84.0,4267.632166206038,205376.19830799123,8535264.332412077,167.47368421052633,84.0,756.0,1191398.6489884285,0.2367507781591076,72866.42645450986,632.4487621025205,384003.84180772817,1264897.524205041,0.24311638302833272,1191398.6489884285,0.2367507781591076,bcf9128dfd04ae8ce305752ab39b588e91f8f8b5f59ca4420e3ce542a79cac71,True,True,True,True,-1537944.776716409,-0.0332643470200602,0.0,-0.06243826901552524,-0.08374906324074749,-0.10379735198340823,0.10482881129873611,-5322.719964762206,-23.0,-280707.1826523177,-1448580.0581753068,-0.034048267805247834,-88595.74615274371,-768.9723883582044,-0.0332643470200602,-0.034048267805247834,5.0,True
start_2015,start_date,PHASE7A_FIXED_FOUR_STATE,quarterly,pre_tax,2015,2015-01-02,2026-08-31,5.0,next_open,False,phase8c_recomputed,False,459068.6046165752,3.590686046165752,0.13962596721746734,-0.556323987243875,0.25097959178283585,0.53754682004995,0.5924002985827553,0.21186491565277427,1.8000513036045518,70.0,2836.460622077795,0.0,5672921.2441555895,195.55555555555554,126.0,754.0,,,,,,,,,,704f5d00f81f6246c1dbe236689437db3b934814d3462f0e46cd3501b966e3ef,True,True,True,True,-739616.8158369195,-0.05979920057635191,0.0,-0.10748988349865601,-0.1449365325204952,-0.17199647714529953,0.22477402593388862,-4553.062293488926,-17.0,0.0,,,,,,,5.0,True
start_2015,start_date,PHASE7A_FIXED_FOUR_STATE,quarterly,after_tax,2015,2015-01-02,2026-08-31,5.0,next_open,False,phase8c_recomputed,False,352803.9953390905,2.5280399533909055,0.11418225129849446,-0.5563239872438748,0.20524416332319784,0.47763119564283896,0.5269427805354199,0.22535943968215394,1.7981119465120583,70.0,2432.144842107102,69172.13198332026,4864289.684214203,195.55555555555554,126.0,754.0,352627.593341421,0.11413446448108822,0.0,176.40199766954527,-18698.093938465463,352803.9953390905,0.11418225129849446,352627.593341421,0.11413446448108822,15a0c2d28e46d564bac3ea69e0e4325a58082c76efb527a900ff866d5f477c51,True,True,True,True,-451894.8647689815,-0.05075460070858395,2.220446049250313e-16,-0.09123209114176606,-0.12414731714202742,-0.14754116570235742,0.2264300873768048,-3128.169038408795,-17.0,-121254.86005101044,-451668.917336597,-0.05075973450910709,0.0,-225.94743238449075,-0.05075460070858395,-0.05075973450910709,5.0,True
start_2015,start_date,QQQ_BUY_HOLD,none,benchmark,2015,2015-01-02,2026-08-31,5.0,next_open,False,phase8c_recomputed_benchmark,False,751619.6014669283,6.5161960146692826,0.18884495293394132,-0.35118730046374913,0.537732864157013,0.9005150336413164,1.16186489597821,0.09820637340611181,0.0,1.0,49.97501249375313,0.0,99950.02498750626,,,,,,,,,,,,,d4ce6c6b86e4806a6bf3a1b7a05b7e8420af0bd2c00305cffb7d286b3adb8aa8,True,True,,,-448890.2903042106,-0.01071377460220213,-1.1102230246251565e-16,-0.03050729507603056,-0.07846465903196953,-0.09024917184443249,0.0,0.0,0.0,0.0,,,,,,,5.0,True
start_2016,start_date,FIXED_MA200_QQQ_TO_QLD,weekly,pre_tax,2016,2016-01-04,2026-08-31,5.0,next_open,False,phase8c_recomputed,False,1554617.6342820702,14.546176342820702,0.29368793001096005,-0.49154420130742715,0.5974802046892186,0.9238090218715403,1.0192842510472053,0.14726912086267907,1.8764580325459057,21.0,3894.9538433561324,0.0,7789907.686712264,208.2,120.0,585.0,,,,,,,,,,2a75e304d025ed25c5e445d1b87fa103442a9e4f5a3ad7cc19ec7114cfe06cf6,True,True,True,True,-1641365.454287773,0.0049823919506273295,0.0,0.010136203290314394,-0.00964301735367945,-0.021698447024322887,0.26621707665584093,-4255.984666471702,-2.0,0.0,,,,,,,5.0,True
start_2016,start_date,FIXED_MA200_QQQ_TO_QLD,weekly,after_tax,2016,2016-01-04,2026-08-31,5.0,next_open,False,phase8c_recomputed,False,1064159.9158119422,9.641599158119423,0.24847787438470004,-0.49154420130742704,0.5055046397125418,0.8131340021381283,0.8744015231460772,0.18390799684181425,1.8764580325459062,21.0,3102.726426294162,178576.48360472117,6205452.852588325,208.2,120.0,585.0,1010165.5119607109,0.24239179647514697,53462.32389332536,532.0799579059711,263166.74326027744,1064159.9158119422,0.24847787438470004,1010165.5119607109,0.24239179647514697,299f64bc9abec84de5f6ba01e78a2b69384a27bd4f8668c8262bffb2f1cb0474,True,True,True,True,-895305.7440929175,0.005112487713778924,1.1102230246251565e-16,0.010400870766414438,-0.0016302490822605042,0.003964577242948741,0.2662170766558416,-2758.4510747109466,-2.0,-171689.980674601,-849878.8310899071,0.003757354987360184,-44979.260130964045,-447.6528720464588,0.005112487713778924,0.003757354987360184,5.0,True
start_2016,start_date,FIXED_MA200_QQQ_TO_QLD,monthly,pre_tax,2016,2016-01-04,2026-08-31,5.0,next_open,False,phase8c_recomputed,False,1376218.3977026048,12.762183977026048,0.27897381822635414,-0.517154219036865,0.5394402829119483,0.8651695743073092,0.9606304678660594,0.1345968003820015,1.313520622782134,15.0,3380.534435097854,0.0,6761068.870195708,302.57142857142856,274.0,611.0,,,,,,,,,,a32f561173fc4ee0db7da94bc0c84b15197bcdb2f1e6ee551a0e7f69bba50678,True,True,True,True,-1518007.52359948,-0.0004085013333463561,0.0,-0.0007899023508057823,-0.025024456849191412,-0.050132277352679,0.14243629122572332,-3901.0328230254445,-2.0,0.0,,,,,,,5.0,True
start_2016,start_date,FIXED_MA200_QQQ_TO_QLD,monthly,after_tax,2016,2016-01-04,2026-08-31,5.0,next_open,False,phase8c_recomputed,False,940570.0296230225,8.405700296230226,0.2340967446329929,-0.517154219036865,0.45266331785703845,0.761259752500505,0.8323227354510256,0.1705639982886392,1.313520622782134,15.0,2637.136788335013,190822.52721695098,5274273.576670025,302.57142857142856,274.0,611.0,921490.4123038803,0.23172553409270757,18609.33230433062,470.2850148115113,91603.90009515441,940570.0296230225,0.2340967446329929,921490.4123038803,0.23172553409270757,7c2c23af044d223ae84f169afbd84e26a01be1740e7995ab1601b7b0c69b6f14,True,True,True,True,-829287.6036976734,-3.889349001151565e-05,0.010623992415697558,0.00903826278208325,-0.017273930423396866,-0.029350257448198414,0.14243629122572332,-2490.66232460815,-2.0,-190723.4116176228,-812465.3686404906,-0.0005598347625184186,-16407.591255334108,-414.64380184883674,-3.889349001151565e-05,-0.0005598347625184186,5.0,True
start_2016,start_date,FIXED_MA200_QQQ_TO_QLD,bimonthly,pre_tax,2016,2016-01-04,2026-08-31,5.0,next_open,False,phase8c_recomputed,False,2199026.5998283355,20.990265998283355,0.3364829838056673,-0.517154219036865,0.6506434085219778,0.9506071129732764,1.0691078753715824,0.143139580628991,0.7505832130183625,9.0,2409.943371859408,0.0,4819886.743718816,482.0,566.5,756.0,,,,,,,,,,0c261895fa4468ca28a24682c3d5fab129598a07b6640f73d0baeb7d1ea0e73f,True,True,True,True,-2425588.0670592217,0.012440399098345933,0.0,0.02405549184441469,-0.006547136116721419,-0.027882509046691206,0.01865550579560582,-2830.4436354415957,-2.0,0.0,,,,,,,5.0,True
start_2016,start_date,FIXED_MA200_QQQ_TO_QLD,bimonthly,after_tax,2016,2016-01-04,2026-08-31,5.0,next_open,False,phase8c_recomputed,False,1508324.7346469357,14.083247346469356,0.2900229665486025,-0.5171542190368651,0.5608055699298633,0.8529965750536906,0.9438063049167149,0.18402343896812381,0.7505832130183625,9.0,1906.4770026098918,223221.21810538054,3812954.005219784,482.0,566.5,756.0,1399496.4381682817,0.28098862151228077,108074.13411133071,754.1623673234678,531991.7997112022,1508324.7346469357,0.2900229665486025,1399496.4381682817,0.28098862151228077,4ee1e4ceb54a50f8811620d2275512eac8d714d3719edaa13ec5fb0ce6b8fa5a,True,True,True,True,-1327832.3005807025,0.012537613256507374,-1.1102230246251565e-16,0.024243470893183572,0.0018836869665079803,-0.007146832419001492,0.01865550579560582,-1845.573573183276,-2.0,-218953.03409150266,-1232026.8523491877,0.010487999452257535,-95141.5320812243,-663.9161502903512,0.012537613256507374,0.010487999452257535,5.0,True
start_2016,start_date,FIXED_MA200_QQQ_TO_QLD,quarterly,pre_tax,2016,2016-01-04,2026-08-31,5.0,next_open,False,phase8c_recomputed,False,564822.5620172428,4.648225620172428,0.1764248813843794,-0.5171542190368651,0.34114559040618214,0.6291966922032659,0.7007145555363776,0.19184261696953442,0.9382290162729531,11.0,1845.4469069999873,0.0,3690893.813999974,427.6,442.0,754.0,,,,,,,,,,efe79921f50cd085e3a09db44f4a339bf5417a2fa4ec0aa38387c59cfe34918d,True,True,True,True,-721763.1228919675,-0.029230500565877282,-1.1102230246251565e-16,-0.05652182557906127,-0.08388523187994512,-0.10684147840782654,0.05991576760564499,-2522.14429468145,-2.0,0.0,,,,,,,5.0,True
start_2016,start_date,FIXED_MA200_QQQ_TO_QLD,quarterly,after_tax,2016,2016-01-04,2026-08-31,5.0,next_open,False,phase8c_recomputed,False,422452.2602735557,3.224522602735557,0.1447929551207574,-0.5409840346856819,0.2676473718949651,0.5531205896975063,0.607431264221453,0.22696430923373956,0.9382290162729531,11.0,1523.0069763983536,87860.52894428543,3046013.952796707,427.6,442.0,754.0,422241.03414341895,0.1447392256268285,0.0,211.22613013677787,-22389.34975642769,422452.2602735557,0.1447929551207574,422241.03414341895,0.1447392256268285,e3f530e0f8bac971f53ac65cedfc256592b3b8957fb89705dee5aabb61a36302,True,True,True,True,-430166.77891399775,-0.025087717454825187,1.1102230246251565e-16,-0.04637422889827314,-0.07032729865346177,-0.08635351969331606,0.05991576760564499,-1714.74392760542,-2.0,-115424.66321779542,-429951.6955245408,-0.025098612918744045,0.0,-215.08338945699884,-0.025087717454825187,-0.025098612918744045,5.0,True
start_2016,start_date,PHASE7A_FIXED_FOUR_STATE,weekly,pre_tax,2016,2016-01-04,2026-08-31,5.0,next_open,False,phase8c_recomputed,False,1609703.704041551,15.097037040415511,0.2979223290502713,-0.49154420130742715,0.6060946874316625,0.926809952198219,1.0184946471422645,0.15250239970740986,4.562980523506046,472.0,11362.806824104879,0.0,22725613.648209754,70.25581395348837,28.0,585.0,,,,,,,,,,e11e0455da50d6a5cb80e1ad37ac2bcc11655d39727f21ba04d33bbcb9c438ea,True,True,True,True,-1760209.3659272247,0.004207397043144878,-1.1102230246251565e-16,0.008559549745381645,-0.006193829036858611,-0.020760236692483947,0.3301554091716161,-13316.369571131567,-243.0,0.0,,,,,,,5.0,True
start_2016,start_date,PHASE7A_FIXED_FOUR_STATE,weekly,after_tax,2016,2016-01-04,2026-08-31,5.0,next_open,False,phase8c_recomputed,False,1078968.681371383,9.789686813713828,0.2500981445603174,-0.49154420130742704,0.5088009255222569,0.8177358295846309,0.897193349297343,0.1664051311203319,4.567897102007435,472.0,8798.84210540471,181416.3142318425,17597684.210809417,70.25581395348837,28.0,585.0,1024222.895649557,0.24400416816034998,54206.30138114025,539.4843406856914,266828.9509285762,1078968.681371383,0.2500981445603174,1024222.895649557,0.24400416816034998,78d48d84622973f6510ca39aef73933d5cd1161316cf733f332e64c7df5828d4,True,True,True,True,-945709.927339914,0.0037489995997079806,1.1102230246251565e-16,0.007626983676618071,-0.003881041248822159,-0.0174387753468227,0.3297513693447369,-8537.137027319608,-243.0,-181355.8331553767,-897725.5567728744,0.0023973214389112485,-47511.51560336951,-472.854963669957,0.0037489995997079806,0.0023973214389112485,5.0,True
start_2016,start_date,PHASE7A_FIXED_FOUR_STATE,monthly,pre_tax,2016,2016-01-04,2026-08-31,5.0,next_open,False,phase8c_recomputed,False,1355875.028268672,12.55875028268672,0.27718757350058576,-0.517154219036865,0.5359862944110036,0.854274262834702,0.9433874060886905,0.13876448996680063,2.903990203283269,142.0,7453.255071329168,0.0,14906510.142658336,105.06896551724138,41.0,611.0,,,,,,,,,,a605e2f009a808f163a7d31491bc03052706a867dd1ae219a7cbcd77fd5af2af,True,True,True,True,-1576189.4118302092,-0.00341194532314959,0.0,-0.0065975393752059075,-0.02529492175151027,-0.05319261988937707,0.21577942971485653,-9231.557823188112,-69.0,0.0,,,,,,,5.0,True
start_2016,start_date,PHASE7A_FIXED_FOUR_STATE,monthly,after_tax,2016,2016-01-04,2026-08-31,5.0,next_open,False,phase8c_recomputed,False,908059.1411265814,8.080591411265814,0.23002946751466258,-0.517154219036865,0.44479859014408446,0.7497400785435996,0.8288074034128883,0.16061176353471698,2.9047564844898073,142.0,5720.551178139798,183345.52220552383,11441102.356279597,105.06896551724138,41.0,611.0,889639.0125128852,0.22766607189684196,17966.099043132814,454.0295705632907,88437.60296890384,908059.1411265814,0.23002946751466258,889639.0125128852,0.22766607189684196,c7101aa6e09978c2d4539fb701b43c2b78e0eb449dff14e125e1be434527258d,True,True,True,True,-835964.674758074,-0.0027783323530607973,-1.1102230246251565e-16,-0.0053723478428449045,-0.019710878442997126,-0.041507082472062584,0.21648144631841726,-5790.287548949251,-69.0,-192259.03540673273,-819006.9942192865,-0.0032934494553673588,-16539.698201408548,-417.98233737903695,-0.0027783323530607973,-0.0032934494553673588,5.0,True
start_2016,start_date,PHASE7A_FIXED_FOUR_STATE,bimonthly,pre_tax,2016,2016-01-04,2026-08-31,5.0,next_open,False,phase8c_recomputed,False,2217315.73614565,21.1731573614565,0.3375222159408371,-0.5306679735877728,0.636032760105902,0.9430197971418167,1.0574980742025275,0.14750910187023827,1.6683607543681496,72.0,6337.124249538447,0.0,12674248.499076892,175.1875,82.5,756.0,,,,,,,,,,e9eff47df801acb5ab8a9b20c5386e45d1d3ebb261c8b2a8a24c272939892728,True,True,True,True,-2586812.704487765,0.009782961191452832,0.0,0.01843518297385005,-0.006807369134952501,-0.030318094971756082,0.009141900658722113,-7849.6180145261005,-35.0,0.0,,,,,,,5.0,True
start_2016,start_date,PHASE7A_FIXED_FOUR_STATE,bimonthly,after_tax,2016,2016-01-04,2026-08-31,5.0,next_open,False,phase8c_recomputed,False,1459466.3617386024,13.594663617386024,0.2860426383949721,-0.532755752914756,0.5369114023265003,0.8403960388625448,0.9416510716613502,0.16985790500308307,1.6687589248094952,72.0,4770.497043542266,240889.09255676414,9540994.087084532,175.1875,82.5,756.0,1374661.7558700875,0.2788379859266792,84074.87268764559,729.7331808693012,443072.0111093543,1459466.3617386024,0.2860426383949721,1374661.7558700875,0.2788379859266792,58944724ae40333de09e673ad9a94a818440597e6802afad8cf3c1c45e828303,True,True,True,True,-1343375.9391828475,0.009661908346579207,0.0,0.018135718467079842,-0.0008612091744949479,-0.01749523110603579,0.009636522546961901,-4819.855087425978,-35.0,-245194.28840354475,-1265316.9512936478,0.008038939962323743,-77387.29991960798,-671.6879695914237,0.009661908346579207,0.008038939962323743,5.0,True
start_2016,start_date,PHASE7A_FIXED_FOUR_STATE,quarterly,pre_tax,2016,2016-01-04,2026-08-31,5.0,next_open,False,phase8c_recomputed,False,492536.051648345,3.92536051648345,0.16140256871189518,-0.5563239872438749,0.29012333175046323,0.5855685688270386,0.642014373050918,0.20671580508531243,1.7441462838791686,63.0,2917.1777834690097,0.0,5834355.566938018,200.3125,125.5,754.0,,,,,,,,,,3da2400b92cdf419a213cd36f194e282d70bfcc146af02b2414a15124465a938,True,True,True,True,-706149.3688051496,-0.03802259908192407,1.1102230246251565e-16,-0.06834614353102864,-0.09691478374340667,-0.12238240267713685,0.16886900620850542,-4472.345132097711,-24.0,0.0,,,,,,,5.0,True
start_2016,start_date,PHASE7A_FIXED_FOUR_STATE,quarterly,after_tax,2016,2016-01-04,2026-08-31,5.0,next_open,False,phase8c_recomputed,False,374557.2139980137,2.745572139980137,0.13193786353314985,-0.5563239872438749,0.23716011992722588,0.517969034355549,0.5686258820222528,0.22182220634797808,1.7414838120829086,63.0,2458.5637193248594,75009.07258563316,4917127.4386497205,200.3125,125.5,754.0,374369.9353910147,0.1318847373776344,0.0,187.27860699900685,-19850.982599937648,374557.2139980137,0.13193786353314985,374369.9353910147,0.1318847373776344,899f3c65e1375a5fb4c6a4f864e173d3d7cdb7c7088e169af8c904d8b391eadc,True,True,True,True,-430141.64611005835,-0.03299898847392857,1.1102230246251565e-16,-0.05931613453773801,-0.08380947842931741,-0.10585806421552446,0.1698019529476551,-3101.7501611910375,-24.0,-115417.91944869755,-429926.5752870033,-0.03300946161256091,0.0,-215.07082305502917,-0.03299898847392857,-0.03300946161256091,5.0,True
start_2016,start_date,QQQ_BUY_HOLD,none,benchmark,2016,2016-01-04,2026-08-31,5.0,next_open,False,phase8c_recomputed_benchmark,False,705403.0012922576,6.054030012922576,0.20122052798631596,-0.351187300463749,0.5729721083894569,0.9367695502590326,1.2019663955069657,0.10099363937225657,0.0,1.0,49.97501249375313,0.0,99950.02498750626,,,,,,,,,,,,,cd1b6bc2d6cc9f6a5b5a96ca78aff13b4dc8e7814f7174cb23e9531cf8c279a6,True,True,,,-495106.8904788813,0.0016618004501725014,0.0,0.004731949156413284,-0.04221014241425325,-0.05014767231567685,0.0,0.0,0.0,0.0,,,,,,,5.0,True
start_2018,start_date,FIXED_MA200_QQQ_TO_QLD,weekly,pre_tax,2018,2018-01-02,2026-08-31,5.0,next_open,False,phase8c_recomputed,False,877875.2992980178,7.778752992980177,0.2851199750775999,-0.49154420130742715,0.5800495139994072,0.8680902181448696,0.9711832585397164,0.16106657725495005,1.6162574340398566,15.0,2071.351593899998,0.0,4142703.187799996,236.71428571428572,211.0,494.0,,,,,,,,,,50cdcf1781c2288414ac123a8d7af7e128f1dfd6edc37ed0388cf76203000ebc,True,True,True,True,-2318107.7892718255,-0.003585562982732826,0.0,-0.007294487399497007,-0.06536182108035016,-0.06979943953181178,0.006016478149791782,-6079.586915927837,-8.0,0.0,,,,,,,5.0,True
start_2018,start_date,FIXED_MA200_QQQ_TO_QLD,weekly,after_tax,2018,2018-01-02,2026-08-31,5.0,next_open,False,phase8c_recomputed,False,654061.440384002,5.540614403840021,0.24217909369831836,-0.49154420130742715,0.49269036854500897,0.7703964105994096,0.8397847696419665,0.19416919905007102,1.6162574340398566,15.0,1758.272374587664,99933.18238001797,3516544.749175328,236.71428571428572,211.0,494.0,620875.0207201244,0.23473228552611403,32859.388943685684,327.030720192001,161749.39179761597,654061.440384002,0.24217909369831836,620875.0207201244,0.23473228552611403,1409efc41768af34c51244c1754cd80569d2cc9b77c145b86205da34cb730120,True,True,True,True,-1305404.2195208576,-0.0011862929726027538,0.0,-0.0024134004011183707,-0.044367840620979204,-0.030652176261162012,0.006016478149792004,-4102.905126417445,-8.0,-250333.28189930422,-1239169.3223304935,-0.0039021559616727597,-65582.19508060372,-652.7021097604289,-0.0011862929726027538,-0.0039021559616727597,5.0,True
start_2018,start_date,FIXED_MA200_QQQ_TO_QLD,monthly,pre_tax,2018,2018-01-02,2026-08-31,5.0,next_open,False,phase8c_recomputed,False,818367.1529568924,7.183671529568924,0.2747453470730379,-0.517154219036865,0.5312638608744539,0.8280529080092367,0.931286566958722,0.14447397485423263,1.1544695957427547,11.0,1927.4386605990046,0.0,3854877.321198009,335.6,274.0,542.0,,,,,,,,,,cb7b2f72ad78c59dcd0f055d8f490faba7751059bc5d5f64e117313e45e08235,True,True,True,True,-2075858.7683451925,-0.004636972486662616,0.0,-0.00896632438830025,-0.062141123147263944,-0.0794761782600164,-0.016614735813656134,-5354.128597524294,-6.0,0.0,,,,,,,5.0,True
start_2018,start_date,FIXED_MA200_QQQ_TO_QLD,monthly,after_tax,2018,2018-01-02,2026-08-31,5.0,next_open,False,phase8c_recomputed,False,604671.90313829,5.0467190313829,0.23096763330681447,-0.517154219036865,0.4466126830347875,0.7333148374016651,0.8142787574217873,0.17874855038906642,1.1544695957427547,11.0,1597.2414763246634,113571.11726763373,3194482.9526493265,335.6,274.0,542.0,592406.0344074526,0.2280579550847195,11963.532779268393,302.33595156914504,58890.14412635192,604671.90313829,0.23096763330681447,592406.0344074526,0.2280579550847195,05115c89a6db53bf8d73cbf136baef5bf2846a6d9576a435b307b93a1e15694b,True,True,True,True,-1165185.730182406,-0.003168004816189951,0.010623992415697558,0.0029876279598323174,-0.04521884552223676,-0.04739423547743671,-0.016614735813656134,-3530.5576366184996,-6.0,-267974.82156694005,-1141549.7465369185,-0.004227413770506505,-23053.390780396334,-582.5928650912031,-0.003168004816189951,-0.004227413770506505,5.0,True
start_2018,start_date,FIXED_MA200_QQQ_TO_QLD,bimonthly,pre_tax,2018,2018-01-02,2026-08-31,5.0,next_open,False,phase8c_recomputed,False,1197151.7350802599,10.971517350802598,0.33198752233643725,-0.517154219036865,0.6419507182107543,0.906744230588655,1.0420078650089415,0.15527656704265425,0.6926817574456527,7.0,1286.7583389106721,0.0,2573516.677821344,503.6666666666667,544.0,756.0,,,,,,,,,,6c847b323f8cc00b199162848e9ee3d565457cf1bb9d8402690f166d99416f29,True,True,True,True,-3427462.9318072973,0.007944937629115856,0.0,0.01536280153319125,-0.050410018501342746,-0.054982519409332076,-0.03924594977710394,-3953.6286683903318,-4.0,0.0,,,,,,,5.0,True
start_2018,start_date,FIXED_MA200_QQQ_TO_QLD,bimonthly,after_tax,2018,2018-01-02,2026-08-31,5.0,next_open,False,phase8c_recomputed,False,896746.8962104763,7.967468962104762,0.28828019461616816,-0.517154219036865,0.5574356429945674,0.8217358731420337,0.9320749540101164,0.19433347200012807,0.6926817574456527,7.0,1096.1492866086967,122375.03199420976,2192298.573217394,503.6666666666667,544.0,756.0,832045.0221077814,0.2771876309000756,64253.500654589596,448.37344810523814,316285.9987919744,896746.8962104763,0.28828019461616816,832045.0221077814,0.2771876309000756,76dfb8364a383193508f2b382a1d77225c856143f5115e0887eb922effe0bd7e,True,True,True,True,-1939410.139017162,0.010794841324073046,0.0,0.020873543957887652,-0.029377014945148994,-0.018878183325599984,-0.03924594977710394,-2655.9012891844714,-4.0,-319799.22020267346,-1799478.268409688,0.006687008840052355,-138962.16553796543,-969.7050695085809,0.010794841324073046,0.006687008840052355,5.0,True
start_2018,start_date,FIXED_MA200_QQQ_TO_QLD,quarterly,pre_tax,2018,2018-01-02,2026-08-31,5.0,next_open,False,phase8c_recomputed,False,285044.0780263429,1.8504407802634288,0.12857736616890203,-0.517154219036865,0.24862480365791328,0.5093689425358454,0.5649404283015901,0.2112377028510933,1.1544695957427547,11.0,956.0801598588064,0.0,1912160.3197176124,327.0,253.0,500.0,,,,,,,,,,66cb37de18274b2b6d780ef68a1f3463e2215d857e89862a442b42f8a85b3fa7,True,True,True,True,-1001541.6068828674,-0.07707801578135465,0.0,-0.14904261232733013,-0.2037129815473656,-0.24261560564261409,0.27615634707544656,-3411.511041822631,-2.0,0.0,,,,,,,5.0,True
start_2018,start_date,FIXED_MA200_QQQ_TO_QLD,quarterly,after_tax,2018,2018-01-02,2026-08-31,5.0,next_open,False,phase8c_recomputed,False,237412.31781718813,1.3741231781718812,0.1049981305034764,-0.517154219036865,0.20303059829816775,0.4543432617391282,0.5013726005858742,0.23278201758638362,1.1544695957427547,11.0,869.0715580346599,38209.61658469436,1738143.11606932,327.0,253.0,500.0,237293.61165827952,0.1049343161114713,0.0,118.70615890859406,-12582.504391504976,237412.31781718813,0.1049981305034764,237293.61165827952,0.1049343161114713,70e4fc869612ec90ab1eb30bd72233108ee924d2da660ca2c01cc2b0db13eca2,True,True,True,True,-615206.7213703654,-0.0648825420721062,0.023829815648817032,-0.11099100249507052,-0.1691046266118399,-0.19241218332889487,0.27615634707544656,-2368.6793459691135,-2.0,-165075.57557738648,-614899.1180096802,-0.06490352243410125,0.0,-307.6033606851827,-0.0648825420721062,-0.06490352243410125,5.0,True
start_2018,start_date,PHASE7A_FIXED_FOUR_STATE,weekly,pre_tax,2018,2018-01-02,2026-08-31,5.0,next_open,False,phase8c_recomputed,False,878992.2835484237,7.789922835484237,0.2853086893149026,-0.49154420130742704,0.580433435194695,0.8653929232513592,0.9599146472260439,0.16676489098714536,4.341761898992296,308.0,5912.079020415633,0.0,11824158.040831268,67.9090909090909,28.0,455.0,,,,,,,,,,d96d3596527940bbb455a67db66ced7ae6933b0a031fb4de9045e4172d8f8d02,True,True,True,True,-2490920.7864203523,-0.008406242692223787,0.0,-0.017101702491585824,-0.06761085798371846,-0.07934023660870448,0.10893678465786572,-18767.097374820813,-407.0,0.0,,,,,,,5.0,True
start_2018,start_date,PHASE7A_FIXED_FOUR_STATE,weekly,after_tax,2018,2018-01-02,2026-08-31,5.0,next_open,False,phase8c_recomputed,False,649284.2324892633,5.492842324892633,0.24112800852684546,-0.49154420130742704,0.49055203557581284,0.769894098473982,0.8531447661275141,0.17919251563074393,4.345924002925185,308.0,4961.393452761375,99017.0721723721,9922786.905522747,67.9090909090909,28.0,455.0,616340.2035492958,0.23368750156328666,32619.38682372291,324.64211624463167,160567.98830284475,649284.2324892633,0.24112800852684546,616340.2035492958,0.23368750156328666,dc81200902bccf654e849866bc82c6f01be97e8bba405cce76571affd17f1651,True,True,True,True,-1375394.3762220335,-0.005221136433763984,1.1102230246251565e-16,-0.010621906269825954,-0.05172277235947098,-0.06148735851665155,0.10777827026248676,-12374.585679962944,-407.0,-263755.0752148471,-1305608.2488731355,-0.007919345158152069,-69098.43016078684,-687.6971881110168,-0.005221136433763984,-0.007919345158152069,5.0,True
start_2018,start_date,PHASE7A_FIXED_FOUR_STATE,monthly,pre_tax,2018,2018-01-02,2026-08-31,5.0,next_open,False,phase8c_recomputed,False,778362.1826837587,6.783621826837587,0.26738900588008563,-0.517154219036865,0.5170392042398189,0.8088490827003867,0.9020560172667316,0.14884797219588447,2.6418008398525186,98.0,4067.4568423815035,0.0,8134913.684763006,108.95238095238095,42.0,481.0,,,,,,,,,,e9039753a736be297bbf66817c3225693166a6e52d9c6809e5064cfc3e1b340e,True,True,True,True,-2153702.2574151224,-0.013210512943649722,0.0,-0.025544629546390696,-0.07072010188582556,-0.09452400871133604,-0.04640993371589408,-12617.356052135776,-113.0,0.0,,,,,,,5.0,True
start_2018,start_date,PHASE7A_FIXED_FOUR_STATE,monthly,after_tax,2018,2018-01-02,2026-08-31,5.0,next_open,False,phase8c_recomputed,False,567862.701577754,4.67862701577754,0.22207219840372372,-0.517154219036865,0.4294119437279375,0.7132948276941049,0.795680973930489,0.17014278192088214,2.6412309965441763,98.0,3335.569825559898,105105.56627031538,6671139.651119797,108.95238095238095,42.0,481.0,556343.5135378584,0.2191835466103611,11235.256689106704,283.931350788877,55305.22613392421,567862.701577754,0.22207219840372372,556343.5135378584,0.2191835466103611,8a1cabcec034b26d0e9194b39f3b751d7dff57918f10f971e3647870383a68b2,True,True,True,True,-1176161.1143069013,-0.010735601463999656,-1.1102230246251565e-16,-0.02075899425899186,-0.05615612929249181,-0.07463351195446188,-0.04704404162721376,-8175.268901529151,-113.0,-270498.9913419412,-1152302.4931943133,-0.011775974741848216,-23270.540555434658,-588.0805571534506,-0.010735601463999656,-0.011775974741848216,5.0,True
start_2018,start_date,PHASE7A_FIXED_FOUR_STATE,bimonthly,pre_tax,2018,2018-01-02,2026-08-31,5.0,next_open,False,phase8c_recomputed,False,1165474.8577597882,10.654748577597882,0.3278691820737034,-0.5306679735877728,0.6178424144517808,0.8918936269272661,1.019595255205138,0.16016281783319,1.6768522125137486,55.0,3260.7390647080256,0.0,6521478.129416051,152.57142857142858,82.5,756.0,,,,,,,,,,a3662f22c60ce50ef1f47b105c084dbf096ab839f3a0c56da56f7e5d0772e364,True,True,True,True,-3638653.582873627,0.00012992732431915677,0.0,0.00024483731972879674,-0.05793353934950307,-0.06822091396914565,0.017633358804321153,-10926.00319935652,-52.0,0.0,,,,,,,5.0,True
start_2018,start_date,PHASE7A_FIXED_FOUR_STATE,bimonthly,after_tax,2018,2018-01-02,2026-08-31,5.0,next_open,False,phase8c_recomputed,False,843765.5859560092,7.437655859560092,0.27925233199181454,-0.532755752914756,0.5241657747738983,0.801012795052062,0.9152148499642491,0.18081034139926844,1.6759299705360982,55.0,2668.5284637700615,128510.78564786293,5337056.927540123,152.57142857142858,82.5,756.0,794737.2494089613,0.27043967928782653,48606.45375406999,421.8827929780046,256154.526664829,843765.5859560092,0.27925233199181454,794737.2494089613,0.27043967928782653,69682a757417461c5ae5c598a53ec09a6b388074fe5932f25fd109581949616c,True,True,True,True,-1959076.7149654408,0.00287160194342162,0.0,0.005390090914477841,-0.0402444529849777,-0.04393145280313693,0.016807568273564888,-6921.823667198182,-52.0,-357572.59531244595,-1845241.457754774,-0.0003593666765289161,-112855.71885318359,-979.5383574827204,0.00287160194342162,-0.0003593666765289161,5.0,True
start_2018,start_date,PHASE7A_FIXED_FOUR_STATE,quarterly,pre_tax,2018,2018-01-02,2026-08-31,5.0,next_open,False,phase8c_recomputed,False,239715.6354625616,1.3971563546256158,0.10623080111787386,-0.5563239872438748,0.19095132252729138,0.4555496941351252,0.4957796277769624,0.2277636745158726,1.9083662288736452,50.0,1380.2347201107102,0.0,2760469.44022142,175.0,126.0,442.0,,,,,,,,,,ab7c87849665aadf7aeb9d309c4f34a5e6d4e927a074aaa9e9589368c3cce4de,True,True,True,True,-958969.784990933,-0.09319436667594538,2.220446049250313e-16,-0.16751815275420048,-0.22693365843532004,-0.2686171479510925,0.333088951202982,-6009.288195456011,-37.0,0.0,,,,,,,5.0,True
start_2018,start_date,PHASE7A_FIXED_FOUR_STATE,quarterly,after_tax,2018,2018-01-02,2026-08-31,5.0,next_open,False,phase8c_recomputed,False,203093.06634315135,1.0309306634315134,0.08525386646814725,-0.556323987243875,0.15324499468467936,0.4079859092925935,0.4450297181640178,0.24057595120921701,1.9043591197754486,50.0,1270.8209917408612,29000.89048716017,2541641.9834817224,175.0,126.0,442.0,202991.51980997977,0.08519119232079087,0.0,101.54653317157567,-10763.634434143518,203093.06634315135,0.08525386646814725,202991.51980997977,0.08519119232079087,1a0d8187113d76e2d7da64beb941f740ec6a7f2262e6c759ea2062394d403245,True,True,True,True,-601605.7937649207,-0.07968298553893116,0.0,-0.14323125978028453,-0.1937926034922729,-0.22945422807375948,0.3326772606401951,-4289.492888775036,-37.0,-161426.10154717055,-601304.9908680383,-0.07970300666940444,0.0,-300.80289688246035,-0.07968298553893116,-0.07970300666940444,5.0,True
start_2018,start_date,QQQ_BUY_HOLD,none,benchmark,2018,2018-01-02,2026-08-31,5.0,next_open,False,phase8c_recomputed_benchmark,False,483304.3165816696,3.8330431658166964,0.19952951747539371,-0.351187300463749,0.5681569840706412,0.8846355981632992,1.1627007374276042,0.1113221253186099,0.0,1.0,49.97501249375313,0.0,99950.02498750626,,,,,,,,,,,,,1b14e9ba80f933d43932c9f5375471427b0d5cec5963808f59125b0f19a7fafd,True,True,,,-717205.5751894693,-2.9210060749740308e-05,0.0,-8.317516240241574e-05,-0.09434409450998671,-0.0894133303950384,0.0,0.0,0.0,0.0,,,,,,,5.0,True
start_2020,start_date,FIXED_MA200_QQQ_TO_QLD,weekly,pre_tax,2020,2020-01-02,2026-08-31,5.0,next_open,False,phase8c_recomputed,False,561990.3168634395,4.619903168634395,0.2958411585120577,-0.49154420130742704,0.6018607436018342,0.8747468635383006,0.9798023445621258,0.1711182442869448,1.500857924921633,11.0,1201.6326254760422,0.0,2403265.2509520845,246.8,211.0,494.0,,,,,,,,,,2fe40032f5e1e07ec3cda37bb8da5356273c6ea83c0b32485813cd26ae5136b3,True,True,True,True,-2633992.7717064037,0.007135620451725,1.1102230246251565e-16,0.014516742202929978,-0.05870517568691924,-0.06118035350940243,-0.10938303096843183,-6949.305884351793,-12.0,0.0,,,,,,,5.0,True
start_2020,start_date,FIXED_MA200_QQQ_TO_QLD,weekly,after_tax,2020,2020-01-02,2026-08-31,5.0,next_open,False,phase8c_recomputed,False,444333.6656070349,3.4433366560703496,0.25093933376043975,-0.49154420130742704,0.510512245069685,0.7769048026809757,0.8504741264758249,0.19900825708446349,1.500857924921633,11.0,1055.997865107543,59714.34335663343,2111995.7302150857,246.8,211.0,494.0,421788.62230197963,0.24119868308857262,22322.876472251755,222.16683280351748,109883.7138678403,444333.6656070349,0.25093933376043975,421788.62230197963,0.24119868308857262,7667864f9b6d1dbfd8e71102f3dfc48f7b5e27ce5bacd53e4704519ac651c5f6,True,True,True,True,-1515131.9942978248,0.00757394708951864,1.1102230246251565e-16,0.015408476123557613,-0.03785944853941303,-0.019962819427303602,-0.1093830309684316,-4805.179635897566,-12.0,-290552.12092268874,-1438255.7207486383,0.0025642416007858326,-76118.70755203765,-757.5659971489124,0.00757394708951864,0.0025642416007858326,5.0,True
start_2020,start_date,FIXED_MA200_QQQ_TO_QLD,monthly,pre_tax,2020,2020-01-02,2026-08-31,5.0,next_open,False,phase8c_recomputed,False,498326.23718515655,3.9832623718515654,0.27266197898579625,-0.517154219036865,0.5272353370597944,0.8081064066850818,0.9097220977933401,0.15354579862908926,1.2006863399373064,9.0,1124.8583825623857,0.0,2249716.7651247717,313.75,325.5,542.0,,,,,,,,,,58ce9dc12d17e91668814d7f4c2b5ef50d0d7bda8d469cc871729faa57fdb407,True,True,True,True,-2395899.6841169284,-0.006720340573904249,0.0,-0.012994848202959708,-0.08208762447141882,-0.10104064742539831,0.02960200838089566,-6156.708875560913,-8.0,0.0,,,,,,,5.0,True
start_2020,start_date,FIXED_MA200_QQQ_TO_QLD,monthly,after_tax,2020,2020-01-02,2026-08-31,5.0,next_open,False,phase8c_recomputed,False,391928.24017066875,2.9192824017066874,0.22759222371139431,-0.517154219036865,0.44008579130468345,0.7146976958082291,0.7968778907057625,0.18506822188740185,1.2006863399373064,9.0,974.4484659951681,64643.342367471865,1948896.9319903364,313.75,325.5,542.0,383977.91153642733,0.22382123333162696,7754.364514156056,195.96412008533437,38170.63506845216,391928.24017066875,0.22759222371139431,383977.91153642733,0.22382123333162696,7deb8d275405f021a9ded6d5812b3f76aaf48f1b96726e65502d1ac73c79233d,True,True,True,True,-1377929.3931500271,-0.0065434144116101045,0.010623992415697558,-0.00353926377027175,-0.06383598711567284,-0.06479510219346152,0.02960200838089566,-4153.350646947994,-8.0,-316902.59646710195,-1349977.8694079434,-0.008464135523599037,-27262.55904550867,-688.9646965750137,-0.0065434144116101045,-0.008464135523599037,5.0,True
start_2020,start_date,FIXED_MA200_QQQ_TO_QLD,bimonthly,pre_tax,2020,2020-01-02,2026-08-31,5.0,next_open,False,phase8c_recomputed,False,728978.5731584125,6.289785731584125,0.3474528929619729,-0.517154219036865,0.6718554739997296,0.9097896224607963,1.0524438633040691,0.16669543325666833,0.6003431699686531,5.0,734.7305373868359,0.0,1469461.0747736716,544.0,544.0,544.0,,,,,,,,,,9fb44cd7d5903ca0755817cec7b26e7792eff5439249ea211a3fc24e4d41b568,True,True,True,True,-3895636.093729145,0.023410308254651513,0.0,0.045267557322166474,-0.04736462662920149,-0.04454652111420443,-0.13158453725410357,-4505.656469914168,-6.0,0.0,,,,,,,5.0,True
start_2020,start_date,FIXED_MA200_QQQ_TO_QLD,bimonthly,after_tax,2020,2020-01-02,2026-08-31,5.0,next_open,False,phase8c_recomputed,False,577969.7221420495,4.779697221420495,0.30130683098337396,-0.517154219036865,0.5826247179120384,0.826021273915977,0.9464181731888699,0.20467473214368653,0.6003431699686531,5.0,648.9734279770253,69810.23941394748,1297946.8559540506,544.0,544.0,544.0,536268.1847793518,0.28675907837507575,41412.55250162672,288.98486107102474,203852.0920582167,577969.7221420495,0.30130683098337396,536268.1847793518,0.28675907837507575,49e67b40385d52cca83983bc0d16d3012b9c85044e1f0a34f18ee1e98257787a,True,True,True,True,-2258187.3130855886,0.023821477691278847,0.0,0.046062618875358674,-0.025091614171205645,-0.00453496414684651,-0.13158453725410357,-3103.0771478161423,-6.0,-372364.01278293575,-2095255.1057381176,0.016258456315052516,-161803.1136909283,-1129.0936565427942,0.023821477691278847,0.016258456315052516,5.0,True
start_2020,start_date,FIXED_MA200_QQQ_TO_QLD,quarterly,pre_tax,2020,2020-01-02,2026-08-31,5.0,next_open,False,phase8c_recomputed,False,242452.50842624935,1.4245250842624935,0.14219808706734338,-0.517154219036865,0.27496263557932393,0.5394322271120152,0.5861827344682136,0.19763261037338653,1.2006863399373064,9.0,746.8178960869456,0.0,1493635.792173891,298.25,315.5,500.0,,,,,,,,,,439fb2d2094d69a7c8613aec21cec547e20a22ca7186151b804cecac01fb3ddf,True,True,True,True,-1044133.1764829609,-0.0634572948829133,0.0,-0.12270478040591948,-0.1736496969711958,-0.2213732994759906,0.32237309126999836,-3620.773305594492,-4.0,0.0,,,,,,,5.0,True
start_2020,start_date,FIXED_MA200_QQQ_TO_QLD,quarterly,after_tax,2020,2020-01-02,2026-08-31,5.0,next_open,False,phase8c_recomputed,False,206920.79176841714,1.0692079176841713,0.11534586061882202,-0.517154219036865,0.22303958156551298,0.47791482394685303,0.5169856476294551,0.22315918830405262,1.2006863399373064,9.0,684.8612041692126,30027.966355773122,1369722.408338425,298.25,315.5,500.0,206817.33137253294,0.11526212312231676,0.0,103.46039588420857,-10966.498263685702,206920.79176841714,0.11534586061882202,206817.33137253294,0.11526212312231676,de3809f62e5d3b79cdc3f9e818a6fc1b16d56a9c5fb8df200eea2c73ed846c43,True,True,True,True,-645698.2474191363,-0.054534811956760576,0.023829815648817032,-0.09098201922772528,-0.14553306440411506,-0.17679913628531396,0.32237309126999836,-2552.889699834561,-4.0,-173257.22580630772,-645375.3982954267,-0.05457571542325579,0.0,-322.8491237095682,-0.054534811956760576,-0.05457571542325579,5.0,True
start_2020,start_date,PHASE7A_FIXED_FOUR_STATE,weekly,pre_tax,2020,2020-01-02,2026-08-31,5.0,next_open,False,phase8c_recomputed,False,567795.548062216,4.677955480622161,0.2978419053615724,-0.49154420130742704,0.6059310730741239,0.8796719933469905,0.9750083069949828,0.17523263729912003,4.175960318611882,202.0,3473.442602372801,0.0,6946885.204745601,69.73913043478261,28.0,455.0,,,,,,,,,,df8f24865fba30ea31fdf9f2f83bd73e2a3d56511b78c626b006a1eb2c97ce67,True,True,True,True,-2802117.52190656,0.004126973354446006,0.0,0.008395935387843001,-0.05333178788808712,-0.06424657683976565,-0.05686479572254832,-21205.733792863644,-513.0,0.0,,,,,,,5.0,True
start_2020,start_date,PHASE7A_FIXED_FOUR_STATE,weekly,after_tax,2020,2020-01-02,2026-08-31,5.0,next_open,False,phase8c_recomputed,False,446462.1451917044,3.4646214519170435,0.25183709800197374,-0.49154420130742715,0.5123386611664389,0.7831297149128164,0.8667853426661232,0.19016254315623085,4.179427446687493,202.0,3040.9345781641864,60122.51522548208,6081869.156328373,69.73913043478261,28.0,455.0,423809.1049732378,0.24208945673701687,22429.80914587074,223.2310725958522,110410.08686128841,446462.1451917044,0.25183709800197374,423809.1049732378,0.24208945673701687,fe85b33edf8614da28dd3df70fda21f23cde21af98caf1bf8977bda99cadbd3f,True,True,True,True,-1578216.4635195925,0.005487953041364291,0.0,0.011164719320800098,-0.03848715592063667,-0.047846781978042485,-0.05871828597520512,-14295.044554560132,-513.0,-302649.6321617371,-1498139.3474491937,0.0004826100155781443,-79288.00783863902,-789.1082317597962,0.005487953041364291,0.0004826100155781443,5.0,True
start_2020,start_date,PHASE7A_FIXED_FOUR_STATE,monthly,pre_tax,2020,2020-01-02,2026-08-31,5.0,next_open,False,phase8c_recomputed,False,477413.67880873755,3.7741367880873753,0.2644973966791977,-0.517154219036865,0.5114478175809742,0.7926400111399705,0.8832943599511642,0.1558957057400841,2.529059240899728,62.0,2292.9144079527937,0.0,4585828.815905587,115.14285714285714,51.0,481.0,,,,,,,,,,821a6ee9049938e562ceb8fa8baaf0d21995dd9d7397459dea113a3cb33fbe44,True,True,True,True,-2454650.7612901437,-0.016102122144537656,0.0,-0.031136016205235317,-0.08692917344624174,-0.11328566602690338,-0.15915153266868476,-14391.898486564485,-149.0,0.0,,,,,,,5.0,True
start_2020,start_date,PHASE7A_FIXED_FOUR_STATE,monthly,after_tax,2020,2020-01-02,2026-08-31,5.0,next_open,False,phase8c_recomputed,False,373536.0871111996,2.7353608711119963,0.21876635305877112,-0.517154219036865,0.4230195655489306,0.698422389196392,0.7779870965026874,0.1807673712317166,2.5266370498883552,62.0,1972.2445831873783,60413.42965340887,3944489.166374756,115.14285714285714,51.0,481.0,365958.8463183712,0.2150224745103444,7390.4727492728425,186.7680435555998,36379.38837938884,373536.0871111996,0.21876635305877112,365958.8463183712,0.2150224745103444,32a1a3f7c6975a09be5f47b08409ea29f8dec897f6ce2ba78218607e1af222cc,True,True,True,True,-1370487.7287734556,-0.014041446808952252,-1.1102230246251565e-16,-0.027151372437998755,-0.07102856779020472,-0.09232738938226348,-0.16163798828303477,-9538.594143901671,-149.0,-315191.1279588477,-1342687.1604138005,-0.01593704684186492,-27115.32449526852,-685.2438643867279,-0.014041446808952252,-0.01593704684186492,5.0,True
start_2020,start_date,PHASE7A_FIXED_FOUR_STATE,bimonthly,pre_tax,2020,2020-01-02,2026-08-31,5.0,next_open,False,phase8c_recomputed,False,686997.6177085184,5.869976177085184,0.3355079728443977,-0.5306679735877728,0.6322370852268975,0.8855230818660127,1.017400810581066,0.17075580143582428,1.6264696252295443,37.0,1812.7757133129585,0.0,3625551.4266259163,146.2,43.0,544.0,,,,,,,,,,2705fdfb12fc7549031dcd24c7f70df758d462ca8e6cdc2e0e25273175cf9d90,True,True,True,True,-4117130.822924897,0.007768718095013449,0.0,0.014639508094845488,-0.06430408441075652,-0.07041535859321768,-0.03274922847988315,-12373.96655075159,-70.0,0.0,,,,,,,5.0,True
start_2020,start_date,PHASE7A_FIXED_FOUR_STATE,bimonthly,after_tax,2020,2020-01-02,2026-08-31,5.0,next_open,False,phase8c_recomputed,False,534333.9251355174,4.343339251355173,0.2860612562853071,-0.5306679735877728,0.5390588287272858,0.7975541821579999,0.9179482765858027,0.1909896144955463,1.6261158016642703,37.0,1565.224235456384,72033.01671405393,3130448.470912767,146.2,43.0,544.0,503285.60561870894,0.2745553883230636,30781.15255424071,267.1669625677587,162215.7337917129,534333.9251355174,0.2860612562853071,503285.60561870894,0.2745553883230636,d329a0f1c1b4462487620284bc755dacf8fb3cdaa8f9c7e6ea4d4aec19f838de,True,True,True,True,-2268508.3757859324,0.009680526236914178,0.002087779326983119,0.02028314486786542,-0.043703065879039826,-0.0411980261815833,-0.03300660059826299,-8025.12789551186,-70.0,-414050.36424625496,-2136693.1015450265,0.0037563423587081424,-130681.02005301285,-1134.2541878929662,0.009680526236914178,0.0037563423587081424,5.0,True
start_2020,start_date,PHASE7A_FIXED_FOUR_STATE,quarterly,pre_tax,2020,2020-01-02,2026-08-31,5.0,next_open,False,phase8c_recomputed,False,206411.73026072152,1.0641173026072153,0.11493349896103999,-0.5563239872438748,0.20659454130396285,0.4752127557387551,0.5044931924865403,0.21147630461694925,1.9916780004692534,37.0,1067.5346242568337,0.0,2135069.2485136674,159.72727272727272,64.0,442.0,,,,,,,,,,fde24a24b014c9c0eb7f959387dc3d6e026fad8a41a7131199370e8f1d258607,True,True,True,True,-992273.6901927731,-0.08449166883277925,2.220446049250313e-16,-0.15187493397752902,-0.20727059683169013,-0.2599035832415145,0.4164007227985902,-6321.988291309887,-50.0,0.0,,,,,,,5.0,True
start_2020,start_date,PHASE7A_FIXED_FOUR_STATE,quarterly,after_tax,2020,2020-01-02,2026-08-31,5.0,next_open,False,phase8c_recomputed,False,179256.50816682685,0.7925650816682686,0.09157227005476032,-0.5563239872438748,0.16460241182197657,0.4227772397831441,0.4505680743168358,0.225368820345347,1.9860711390816654,37.0,992.6649144269081,22604.937022971993,1985329.8288538158,159.72727272727272,64.0,442.0,179166.87991274343,0.09149031742250835,0.0,89.62825408341342,-9500.331835990539,179256.50816682685,0.09157227005476032,179166.87991274343,0.09149031742250835,1e0d07dd69517fef8ce315d539ed79966f2fffa3dace6feeee69bd3449a74e72,True,True,True,True,-625442.3519412451,-0.0733645819523181,2.220446049250313e-16,-0.13187384264298732,-0.1790012730017223,-0.22391587192094148,0.41438927994641195,-4567.648966088989,-50.0,-167822.0550113587,-625129.6307652745,-0.07340388156768696,0.0,-312.7211759706226,-0.0733645819523181,-0.07340388156768696,5.0,True
start_2020,start_date,QQQ_BUY_HOLD,none,benchmark,2020,2020-01-02,2026-08-31,5.0,next_open,False,phase8c_recomputed_benchmark,False,347102.94832305453,2.4710294832305455,0.20541165518717852,-0.351187300463749,0.5849062734214159,0.8766940767875095,1.164673137206317,0.122570756720588,0.0,1.0,49.97501249375313,0.0,99950.02498750626,,,,,,,,,,,,,59c702739296f821f5d42db80f092b9e538627a4883325088d7ab64515ca210b,True,True,,,-853406.9434480844,0.005852927651035067,0.0,0.016666114188372272,-0.10228561588577634,-0.08744093061632552,0.0,0.0,0.0,0.0,,,,,,,5.0,True
