start,end,ending_value,total_return,cagr,annualized_volatility,max_drawdown,worst_day,worst_week,worst_month,worst_calendar_year,sharpe,sortino,calmar,ulcer_index,max_drawdown_start,max_drawdown_trough,recovery_date,recovery_trading_days,time_under_water_days,number_of_trades,annual_turnover,gross_traded_notional,average_holding_period_days,mean_holding_period_days,median_holding_period_days,max_holding_period_days,mean_holding_trading_days,median_holding_trading_days,max_holding_trading_days,mean_holding_calendar_days,median_holding_calendar_days,max_holding_calendar_days,mean_holding_days,median_holding_days,max_holding_days,win_rate,tax_paid,transaction_costs,terminal_liquidation_wealth,terminal_liquidation_tax,terminal_liquidation_cost,terminal_unrealized_gain_after_cost,terminal_loss_pool_before_liquidation,terminal_liquidation_cagr,after_tax_wealth_tax_paid_to_date,after_tax_tax_paid_to_date,after_tax_terminal_liquidation,after_tax_cagr_tax_paid_to_date,after_tax_cagr_terminal_liquidation,strategy,rule,signal_asset,held_asset,frequency,ma_window,tax_mode,result_type,cumulative_realized_tax_paid,tax_semantics
2013-01-02,2026-08-31,815159.6845312995,7.151596845312994,0.16603892232933593,0.1657796952965932,-0.2654952729591783,-0.0950248899466487,-0.10626674281650261,-0.1587057685148321,-0.1309865080771987,1.0118831052499135,1.1337544502915877,0.6253931396920409,0.0831412098052224,2020-02-19,2020-03-16,2020-08-06,100,2993,23,1.6102409558900646,6675329.030486633,254.63636363636363,254.63636363636363,211.0,662,254.63636363636363,211.0,662,369.45454545454544,308.0,959,254.63636363636363,211.0,662,0.5454545454545454,0.0,3337.6645152433166,,,,,,,,,,,,QQQ_MA200_QQQ_weekly_OOS,QQQ_MA200_QQQ,QQQ,QQQ,weekly,200,pre_tax,stitched_OOS,0.0,pre-tax; no realized tax is charged
2013-01-02,2026-08-31,787979.0794125561,6.879790794125562,0.16314750770288922,0.17275002681614796,-0.2855936616729168,-0.1197878912841468,-0.11250907739993599,-0.08747025661336716,-0.08445960102786665,0.9634348389843547,1.0959473769636205,0.571257452799278,0.07599461573022721,2020-02-19,2020-03-16,2020-08-06,100,2998,17,1.1710843315564108,5481007.215456108,353.875,353.875,358.0,671,353.875,358.0,671,513.5,519.0,972,353.875,358.0,671,0.75,0.0,2740.503607728054,,,,,,,,,,,,QQQ_MA200_QQQ_monthly_OOS,QQQ_MA200_QQQ,QQQ,QQQ,monthly,200,pre_tax,stitched_OOS,0.0,pre-tax; no realized tax is charged
2013-01-02,2026-08-31,1020462.2574182758,9.204622574182759,0.1853731838414847,0.18213788798626737,-0.28559366167291667,-0.11978789128414669,-0.11250907739993599,-0.08747025661336727,-0.1313882969989938,1.0269101240641003,1.17945450731788,0.6490801748036972,0.07600612911088843,2020-02-19,2020-03-16,2020-06-03,55,2969,11,0.7319277072227567,3655093.892752184,528.2,528.2,589.0,756,528.2,589.0,756,766.6,853.0,1096,528.2,589.0,756,0.8,0.0,1827.546946376092,,,,,,,,,,,,QQQ_MA200_QQQ_bimonthly_OOS,QQQ_MA200_QQQ,QQQ,QQQ,bimonthly,200,pre_tax,stitched_OOS,0.0,pre-tax; no realized tax is charged
2013-01-02,2026-08-31,523519.0321189974,4.235190321189974,0.12884369508020765,0.17491493753036538,-0.28559366167291667,-0.1197878912841468,-0.11250907739993599,-0.08747025661336727,-0.08740271224958085,0.782090138488591,0.8876459985715491,0.4511433983705463,0.08529017376378903,2020-02-19,2020-03-16,2021-01-08,207,3049,13,0.8783132486673081,4070635.434534114,471.6666666666667,471.6666666666667,471.0,754,471.6666666666667,471.0,754,684.0,684.0,1094,471.6666666666667,471.0,754,1.0,0.0,2035.317717267057,,,,,,,,,,,,QQQ_MA200_QQQ_quarterly_OOS,QQQ_MA200_QQQ,QQQ,QQQ,quarterly,200,pre_tax,stitched_OOS,0.0,pre-tax; no realized tax is charged
2013-01-02,2026-08-31,3195983.088569843,30.95983088569843,0.2887055380603327,0.33227629583649915,-0.49154420130742715,-0.20885849905358878,-0.20885849905358878,-0.326714723162982,-0.24751174064472392,0.9334520392252198,1.0409826980715282,0.5873440013989042,0.1656303941824654,2020-02-19,2020-03-16,2020-08-25,113,3062,23,1.6102409558900648,16301877.019655671,254.63636363636363,254.63636363636363,211.0,662,254.63636363636363,211.0,662,369.45454545454544,308.0,959,254.63636363636363,211.0,662,0.5454545454545454,0.0,8150.938509827835,,,,,,,,,,,,QQQ_MA200_QLD_weekly_OOS,QQQ_MA200_QLD,QQQ,QLD,weekly,200,pre_tax,stitched_OOS,0.0,pre-tax; no realized tax is charged
2013-01-02,2026-08-31,2894225.921302085,27.942259213020847,0.2793823195597005,0.3450357898220336,-0.517154219036865,-0.2428099192840193,-0.2487068947604143,-0.2112204161550857,-0.16756984756721371,0.8901940311565006,1.0107627452187384,0.5402301852627541,0.1548537299186674,2020-02-19,2020-03-20,2020-08-26,110,3071,17,1.1710843315564108,14563134.516246598,353.875,353.875,358.0,671,353.875,358.0,671,513.5,519.0,972,353.875,358.0,671,0.625,0.0,7281.567258123298,,,,,,,,,,,,QQQ_MA200_QLD_monthly_OOS,QQQ_MA200_QLD,QQQ,QLD,monthly,200,pre_tax,stitched_OOS,0.0,pre-tax; no realized tax is charged
2013-01-02,2026-08-31,4624614.666887557,45.24614666887557,0.3240425847073214,0.3634228736168391,-0.517154219036865,-0.2428099192840193,-0.2487068947604143,-0.2112204161550857,-0.25761677236835645,0.9571542490899978,1.0969903844182736,0.6265879166775631,0.15548140637627103,2020-02-19,2020-03-20,2020-07-01,71,3035,11,0.7319277072227567,10480774.01460201,528.2,528.2,589.0,756,528.2,589.0,756,766.6,853.0,1096,528.2,589.0,756,0.8,0.0,5240.387007301004,,,,,,,,,,,,QQQ_MA200_QLD_bimonthly_OOS,QQQ_MA200_QLD,QQQ,QLD,bimonthly,200,pre_tax,stitched_OOS,0.0,pre-tax; no realized tax is charged
2013-01-02,2026-08-31,1286585.6849092103,11.865856849092102,0.20565538195025668,0.34930731387777697,-0.517154219036865,-0.2428099192840193,-0.2487068947604143,-0.2112204161550857,-0.18912702371412737,0.713081924083211,0.8075560339442042,0.3976674159852434,0.18176438370688766,2020-02-19,2020-03-20,2021-04-13,267,3112,13,0.8783132486673081,8735182.403362874,471.6666666666667,471.6666666666667,471.0,754,471.6666666666667,471.0,754,684.0,684.0,1094,471.6666666666667,471.0,754,0.8333333333333334,0.0,4367.591201681437,,,,,,,,,,,,QQQ_MA200_QLD_quarterly_OOS,QQQ_MA200_QLD,QQQ,QLD,quarterly,200,pre_tax,stitched_OOS,0.0,pre-tax; no realized tax is charged
2013-01-02,2026-08-31,858211.0202923741,7.58211020292374,0.1704407042382785,0.23447694147614964,-0.3621375575558742,-0.11569839529275194,-0.21098752427186385,-0.21333009111383372,-0.27663584529248286,0.790862154179453,0.9026620547961332,0.4706518301736246,0.1581337468178441,2015-05-21,2016-06-27,2017-09-11,304,3114,37,2.6349397460019244,10898668.56275406,156.27777777777777,156.27777777777777,55.0,663,156.27777777777777,55.0,663,226.88888888888889,79.5,959,156.27777777777777,55.0,663,0.3888888888888889,0.0,5449.33428137703,,,,,,,,,,,,SPY_MA200_SSO_weekly_OOS,SPY_MA200_SSO,SPY,SSO,weekly,200,pre_tax,stitched_OOS,0.0,pre-tax; no realized tax is charged
2013-01-02,2026-08-31,601413.8982391555,5.014138982391556,0.1403656270756073,0.24443074214173877,-0.4674158037520192,-0.11569839529275183,-0.21098752427186374,-0.2042352204596165,-0.403106539670268,0.6615559367319036,0.7645592330215225,0.3003014146053056,0.19876074875863084,2022-01-03,2023-03-13,2024-11-08,419,3133,25,1.7566264973346162,7607031.267581275,235.75,235.75,178.5,671,235.75,178.5,671,342.75,259.0,972,235.75,178.5,671,0.5,0.0,3803.5156337906374,,,,,,,,,,,,SPY_MA200_SSO_monthly_OOS,SPY_MA200_SSO,SPY,SSO,monthly,200,pre_tax,stitched_OOS,0.0,pre-tax; no realized tax is charged
2013-01-02,2026-08-31,1263671.761393514,11.63671761393514,0.20407022827008148,0.24138672830796987,-0.35213506789904747,-0.1196593324301245,-0.21098752427186362,-0.15461444024131155,-0.16800524864114108,0.8920516444696377,1.0216897708078712,0.5795225948032695,0.1143068617933263,2025-02-19,2025-04-08,2026-01-09,190,3042,15,1.0246987901118594,6372738.408080219,359.85714285714283,359.85714285714283,333.0,671,359.85714285714283,333.0,671,521.8571428571429,485.0,972,359.85714285714283,333.0,671,0.8571428571428571,0.0,3186.3692040401097,,,,,,,,,,,,SPY_MA200_SSO_bimonthly_OOS,SPY_MA200_SSO,SPY,SSO,bimonthly,200,pre_tax,stitched_OOS,0.0,pre-tax; no realized tax is charged
2013-01-02,2026-08-31,485353.7488372972,3.8535374883729716,0.12260523939729562,0.2875146183622284,-0.604698508291589,-0.233582434803694,-0.29728679862982565,-0.29796557450968464,-0.38860239491602644,0.5487935824827513,0.5839703056095282,0.20275432751386033,0.20384847137872597,2018-09-20,2020-03-23,2021-08-24,359,3165,13,0.8783132486673079,3638788.0377756874,471.8333333333333,471.8333333333333,502.0,693,471.8333333333333,502.0,693,684.5,729.5,1006,471.8333333333333,502.0,693,0.8333333333333334,0.0,1819.394018887844,,,,,,,,,,,,SPY_MA200_SSO_quarterly_OOS,SPY_MA200_SSO,SPY,SSO,quarterly,200,pre_tax,stitched_OOS,0.0,pre-tax; no realized tax is charged
