date,asset,side,shares,price,notional,transaction_cost,realized_gain,strategy,tax_mode
2013-01-07,RISK,BUY,1681.716698583239,59.43333087654365,99950.02498750626,49.97501249375313,0.0,QQQ_MA200_QQQ_weekly_OOS,pre_tax
2015-08-24,RISK,SELL,1681.716698583239,86.95873971245753,146239.96466219326,73.11998233109664,46166.84467986216,QQQ_MA200_QQQ_weekly_OOS,pre_tax
2015-10-12,RISK,BUY,1479.6737722180665,98.73378884182935,146093.79778097168,73.04689889048585,0.0,QQQ_MA200_QQQ_weekly_OOS,pre_tax
2016-01-11,RISK,SELL,1479.6737722180665,97.19807574797389,143821.44339434188,71.91072169717094,-2417.3120072174643,QQQ_MA200_QQQ_weekly_OOS,pre_tax
2016-03-21,RISK,BUY,1440.4080496076356,99.74791092348406,143677.69382573184,71.83884691286592,0.0,QQQ_MA200_QQQ_weekly_OOS,pre_tax
2016-05-02,RISK,SELL,1440.4080496076356,98.64040285951161,142082.43029538056,71.04121514769028,-1738.1435924118268,QQQ_MA200_QQQ_weekly_OOS,pre_tax
2016-05-31,RISK,BUY,1382.990704988972,102.63295216574093,141940.4188707975,70.97020943539874,0.0,QQQ_MA200_QQQ_weekly_OOS,pre_tax
2016-06-20,RISK,SELL,1382.990704988972,100.52680638637572,139027.63883458366,69.51381941729183,-3053.264065066527,QQQ_MA200_QQQ_weekly_OOS,pre_tax
2016-07-05,RISK,BUY,1384.435470109841,100.32152720257126,138888.68067482894,69.44434033741447,0.0,QQQ_MA200_QQQ_weekly_OOS,pre_tax
2018-10-29,RISK,SELL,1384.435470109841,161.0995867692778,223031.98214342623,111.51599107171312,83962.34113718817,QQQ_MA200_QQQ_weekly_OOS,pre_tax
2019-02-19,RISK,BUY,1361.405301868632,163.66107970618407,222809.06162154378,111.40453081077189,0.0,QQQ_MA200_QQQ_weekly_OOS,pre_tax
2019-03-11,RISK,SELL,1361.405301868632,164.10985707893892,223420.02951617088,111.71001475808544,387.8533490582777,QQQ_MA200_QQQ_weekly_OOS,pre_tax
2019-03-18,RISK,BUY,1311.2662112675005,170.2146514742382,223196.7211408424,111.59836057042119,0.0,QQQ_MA200_QQQ_weekly_OOS,pre_tax
2020-03-16,RISK,SELL,1311.2662112675005,167.64744420772877,219830.42899494816,109.91521449747408,-3587.8057209621184,QQQ_MA200_QQQ_weekly_OOS,pre_tax
2020-04-13,RISK,BUY,1138.2182031134691,192.94253757804694,219610.70842623757,109.80535421311879,0.0,QQQ_MA200_QQQ_weekly_OOS,pre_tax
2022-01-24,RISK,SELL,1138.2182031134691,336.5033910595923,383014.28511343815,191.5071425567191,163102.26419043075,QQQ_MA200_QQQ_weekly_OOS,pre_tax
2023-01-30,RISK,BUY,1332.912521260207,287.0641967396339,382631.46223976155,191.31573111988078,0.0,QQQ_MA200_QQQ_weekly_OOS,pre_tax
2023-03-13,RISK,SELL,1332.912521260207,280.9883548940412,374532.8965665743,187.26644828328716,-8477.147852590424,QQQ_MA200_QQQ_weekly_OOS,pre_tax
2023-03-20,RISK,BUY,1252.9212803612315,298.62893759374526,374158.5508428696,187.0792754214348,0.0,QQQ_MA200_QQQ_weekly_OOS,pre_tax
2025-03-10,RISK,SELL,1252.9212803612315,479.8773847046623,601248.5872605648,300.6242936302824,226602.33284864348,QQQ_MA200_QQQ_weekly_OOS,pre_tax
2025-05-19,RISK,BUY,1174.9733637790432,511.2010686059385,600647.6391473609,300.32381957368045,0.0,QQQ_MA200_QQQ_weekly_OOS,pre_tax
2026-03-23,RISK,SELL,1174.9733637790432,589.8718065319924,693083.6607193161,346.54183035965804,91789.15592202183,QQQ_MA200_QQQ_weekly_OOS,pre_tax
2026-04-13,RISK,BUY,1137.2839910500174,608.8109292631304,692390.9234272429,346.19546171362146,0.0,QQQ_MA200_QQQ_weekly_OOS,pre_tax
2013-01-07,RISK,BUY,1681.716698583239,59.43333087654365,99950.02498750626,49.97501249375313,0.0,QQQ_MA200_QQQ_weekly_OOS,after_tax
2015-08-24,RISK,SELL,1681.716698583239,86.95873971245753,146239.96466219326,73.11998233109664,46166.84467986216,QQQ_MA200_QQQ_weekly_OOS,after_tax
2015-10-12,RISK,BUY,1384.7305156799252,98.73378884182935,136719.6903379792,68.35984516898961,0.0,QQQ_MA200_QQQ_weekly_OOS,after_tax
2016-01-11,RISK,SELL,1384.7305156799252,97.19807574797389,134593.14155358833,67.29657077679417,-2262.2052003366407,QQQ_MA200_QQQ_weekly_OOS,after_tax
2016-03-21,RISK,BUY,1347.9842778673965,99.74791092348406,134458.61567497405,67.22930783748703,0.0,QQQ_MA200_QQQ_weekly_OOS,after_tax
2016-05-02,RISK,SELL,1347.9842778673965,98.64040285951161,132965.71221712782,66.48285610856391,-1626.615621792298,QQQ_MA200_QQQ_weekly_OOS,after_tax
2016-05-31,RISK,BUY,1294.2511167371624,102.63295216574093,132832.81295454197,66.41640647727098,0.0,QQQ_MA200_QQQ_weekly_OOS,after_tax
2016-06-20,RISK,SELL,1294.2511167371624,100.52680638637572,130106.93142758729,65.05346571379364,-2857.351399145744,QQQ_MA200_QQQ_weekly_OOS,after_tax
2016-07-05,RISK,BUY,1295.6031785148464,100.32152720257126,129976.88951711495,64.98844475855748,0.0,QQQ_MA200_QQQ_weekly_OOS,after_tax
2018-10-29,RISK,SELL,1295.6031785148464,161.0995867692778,208721.13667570462,104.36056833785231,78574.89814549328,QQQ_MA200_QQQ_weekly_OOS,after_tax
2019-02-19,RISK,BUY,1184.9353974735373,163.66107970618407,193927.80653259548,96.96390326629775,0.0,QQQ_MA200_QQQ_weekly_OOS,after_tax
2019-03-11,RISK,SELL,1184.9353974735373,164.10985707893892,194459.57872715787,97.22978936357894,337.5785019325267,QQQ_MA200_QQQ_weekly_OOS,after_tax
2019-03-18,RISK,BUY,1140.8928070963004,170.2146514742382,194196.67152936204,97.09833576468102,0.0,QQQ_MA200_QQQ_weekly_OOS,after_tax
2020-03-16,RISK,SELL,1140.8928070963004,167.64744420772877,191267.76322467608,95.63388161233804,-3121.640522062982,QQQ_MA200_QQQ_weekly_OOS,after_tax
2020-04-13,RISK,BUY,990.3290038892944,192.94253757804694,191076.59104754,95.53829552376999,0.0,QQQ_MA200_QQQ_weekly_OOS,after_tax
2022-01-24,RISK,SELL,990.3290038892944,336.5033910595923,333249.0680734157,166.62453403670787,141910.31419631524,QQQ_MA200_QQQ_weekly_OOS,after_tax
2023-01-30,RISK,BUY,1061.5575204608194,287.0641967396339,304735.15690400265,152.36757845200134,0.0,QQQ_MA200_QQQ_weekly_OOS,after_tax
2023-03-13,RISK,SELL,1061.5575204608194,280.9883548940412,298285.30129968317,149.14265064984158,-6751.365833421296,QQQ_MA200_QQQ_weekly_OOS,after_tax
2023-03-20,RISK,BUY,997.8509365756169,298.62893759374526,297987.16506650014,148.99358253325008,0.0,QQQ_MA200_QQQ_weekly_OOS,after_tax
2025-03-10,RISK,SELL,997.8509365756169,479.8773847046623,478846.0977690049,239.42304888450244,180470.51607108698,QQQ_MA200_QQQ_weekly_OOS,after_tax
2025-05-19,RISK,BUY,866.7706495929599,511.2010686059385,443094.08230818453,221.54704115409226,0.0,QQQ_MA200_QQQ_weekly_OOS,after_tax
2026-03-23,RISK,SELL,866.7706495929599,589.8718065319924,511283.5689243078,255.6417844621539,67712.29779050703,QQQ_MA200_QQQ_weekly_OOS,after_tax
2026-04-13,RISK,BUY,816.3842633611498,608.8109292631304,497023.66201269784,248.51183100634893,0.0,QQQ_MA200_QQQ_weekly_OOS,after_tax
2013-01-02,RISK,BUY,1674.9119306526272,59.67479433295389,99950.02498750626,49.97501249375313,0.0,QQQ_MA200_QQQ_monthly_OOS,pre_tax
2015-09-01,RISK,SELL,1674.9119306526272,93.86154699198785,157209.82488639266,78.60491244319633,57131.21997394944,QQQ_MA200_QQQ_monthly_OOS,pre_tax
2015-11-02,RISK,BUY,1494.0781293907737,105.11678776208028,157052.6936271359,78.52634681356794,0.0,QQQ_MA200_QQQ_monthly_OOS,pre_tax
2016-02-01,RISK,SELL,1494.0781293907737,96.15882677309172,143668.8000295523,71.83440001477615,-13534.254344411922,QQQ_MA200_QQQ_monthly_OOS,pre_tax
2016-04-01,RISK,BUY,1420.8504955749902,101.01358550741942,143525.20302802353,71.76260151401176,0.0,QQQ_MA200_QQQ_monthly_OOS,pre_tax
2016-05-02,RISK,SELL,1420.8504955749902,98.64040285951161,140153.26528665374,70.07663264332687,-3513.7769755271147,QQQ_MA200_QQQ_monthly_OOS,pre_tax
2016-06-01,RISK,BUY,1367.6853888593157,102.37236078083242,140013.18206297894,70.00659103148948,0.0,QQQ_MA200_QQQ_monthly_OOS,pre_tax
2018-11-01,RISK,SELL,1367.6853888593157,161.91841045116647,221453.4441613859,110.72672208069295,81259.52878529477,QQQ_MA200_QQQ_monthly_OOS,pre_tax
2019-03-01,RISK,BUY,1328.2894480452521,166.5541360086706,221232.10138861093,110.61605069430547,0.0,QQQ_MA200_QQQ_monthly_OOS,pre_tax
2020-04-01,RISK,SELL,1328.2894480452521,178.25000066836228,236767.59500184475,118.38379750092237,15306.493765038613,QQQ_MA200_QQQ_monthly_OOS,pre_tax
2020-05-01,RISK,BUY,1143.042935477401,206.93093705416155,236530.9457314781,118.26547286573906,0.0,QQQ_MA200_QQQ_monthly_OOS,pre_tax
2022-02-01,RISK,SELL,1143.042935477401,354.51975345573044,405231.2996747626,202.6156498373813,168379.47282058134,QQQ_MA200_QQQ_monthly_OOS,pre_tax
2023-02-01,RISK,BUY,1403.1401870365275,288.5144867416885,404826.2708894805,202.41313544474025,0.0,QQQ_MA200_QQQ_monthly_OOS,pre_tax
2025-04-01,RISK,SELL,1403.1401870365275,464.538472789733,651812.5995958488,325.9062997979244,246458.00927112566,QQQ_MA200_QQQ_monthly_OOS,pre_tax
2025-06-02,RISK,BUY,1266.3985224007474,514.1834116366912,651161.112739681,325.5805563698405,0.0,QQQ_MA200_QQQ_monthly_OOS,pre_tax
2026-04-01,RISK,SELL,1266.3985224007474,580.8416686249938,735577.0308954767,367.78851544773835,83722.54908397805,QQQ_MA200_QQQ_monthly_OOS,pre_tax
2026-05-01,RISK,BUY,1099.3625044318799,668.425399726581,734841.8214692944,367.4209107346472,0.0,QQQ_MA200_QQQ_monthly_OOS,pre_tax
2013-01-02,RISK,BUY,1674.9119306526272,59.67479433295389,99950.02498750626,49.97501249375313,0.0,QQQ_MA200_QQQ_monthly_OOS,after_tax
2015-09-01,RISK,SELL,1674.9119306526272,93.86154699198785,157209.82488639266,78.60491244319633,57131.21997394944,QQQ_MA200_QQQ_monthly_OOS,after_tax
2015-11-02,RISK,BUY,1383.72080796656,105.11678776208028,145452.28649299513,72.72614324649757,0.0,QQQ_MA200_QQQ_monthly_OOS,after_tax
2016-02-01,RISK,SELL,1383.72080796656,96.15882677309172,133056.96947557895,66.52848473778948,-12534.571645400458,QQQ_MA200_QQQ_monthly_OOS,after_tax
2016-04-01,RISK,BUY,1315.9019980691335,101.01358550741942,132923.97900134049,66.46198950067024,0.0,QQQ_MA200_QQQ_monthly_OOS,after_tax
2016-05-02,RISK,SELL,1315.9019980691335,98.64040285951161,129801.1032131756,64.9005516065878,-3254.2383292721497,QQQ_MA200_QQQ_monthly_OOS,after_tax
2016-06-01,RISK,BUY,1266.6638337636036,102.37236078083242,129671.36697807998,64.83568348904,0.0,QQQ_MA200_QQQ_monthly_OOS,after_tax
2018-11-01,RISK,SELL,1266.6638337636036,161.91841045116647,205096.19453898325,102.54809726949163,75257.44378014472,QQQ_MA200_QQQ_monthly_OOS,after_tax
2019-03-01,RISK,BUY,1157.6787584632461,166.5541360086706,192816.18539143642,96.40809269571821,0.0,QQQ_MA200_QQQ_monthly_OOS,after_tax
2020-04-01,RISK,SELL,1157.6787584632461,178.25000066836228,206356.23946982244,103.17811973491122,13340.467865955376,QQQ_MA200_QQQ_monthly_OOS,after_tax
2020-05-01,RISK,BUY,983.1358596589408,206.93093705416155,203441.2246907733,101.72061234538664,0.0,QQQ_MA200_QQQ_monthly_OOS,after_tax
2022-02-01,RISK,SELL,983.1358596589408,354.51975345573044,348541.0825797753,174.27054128988766,144823.86673536676,QQQ_MA200_QQQ_monthly_OOS,after_tax
2023-02-01,RISK,BUY,1104.923547812929,288.5144867416885,318786.45028605266,159.39322514302634,0.0,QQQ_MA200_QQQ_monthly_OOS,after_tax
2025-04-01,RISK,SELL,1104.923547812929,464.538472789733,513279.4974504316,256.6397487252158,194077.01419051067,QQQ_MA200_QQQ_monthly_OOS,after_tax
2025-06-02,RISK,BUY,920.604247122409,514.1834116366912,473359.4325526278,236.6797162763139,0.0,QQQ_MA200_QQQ_monthly_OOS,after_tax
2026-04-01,RISK,SELL,920.604247122409,580.8416686249938,534725.3070418362,267.3626535209181,60861.832119411265,QQQ_MA200_QQQ_monthly_OOS,after_tax
2026-05-01,RISK,BUY,780.6898824212133,668.425399726581,521832.946719897,260.9164733599485,0.0,QQQ_MA200_QQQ_monthly_OOS,after_tax
2013-01-02,RISK,BUY,1674.9119306526272,59.67479433295389,99950.02498750626,49.97501249375313,0.0,QQQ_MA200_QQQ_bimonthly_OOS,pre_tax
2015-09-01,RISK,SELL,1674.9119306526272,93.86154699198785,157209.82488639266,78.60491244319633,57131.21997394944,QQQ_MA200_QQQ_bimonthly_OOS,pre_tax
2015-11-02,RISK,BUY,1494.0781293907737,105.11678776208028,157052.6936271359,78.52634681356794,0.0,QQQ_MA200_QQQ_bimonthly_OOS,pre_tax
2016-03-01,RISK,SELL,1494.0781293907737,96.01965717355068,143460.869774602,71.730434887301,-13742.080634234764,QQQ_MA200_QQQ_bimonthly_OOS,pre_tax
2016-07-01,RISK,BUY,1428.8474771254917,100.3028544990235,143317.480599415,71.6587402997075,0.0,QQQ_MA200_QQQ_bimonthly_OOS,pre_tax
2018-11-01,RISK,SELL,1428.8474771254917,161.91841045116647,231356.71227331905,115.67835613665953,87851.8945774677,QQQ_MA200_QQQ_bimonthly_OOS,pre_tax
2019-03-01,RISK,BUY,1387.6897729490156,166.5541360086706,231125.4711815916,115.5627355907958,0.0,QQQ_MA200_QQQ_bimonthly_OOS,pre_tax
2022-03-01,RISK,SELL,1387.6897729490156,336.34780851003364,466746.4140231876,233.3732070115938,235272.0068989936,QQQ_MA200_QQQ_bimonthly_OOS,pre_tax
2023-03-01,RISK,BUY,1622.4777250868137,287.38755155531885,466279.9008657431,233.13995043287156,0.0,QQQ_MA200_QQQ_bimonthly_OOS,pre_tax
2025-05-01,RISK,SELL,1622.4777250868137,480.5532222946606,779686.8988917788,389.8434494458894,312784.0146261569,QQQ_MA200_QQQ_bimonthly_OOS,pre_tax
2025-07-01,RISK,BUY,1423.715390806972,547.0950210069877,778907.6016415121,389.45380082075604,0.0,QQQ_MA200_QQQ_bimonthly_OOS,pre_tax
2013-01-02,RISK,BUY,1674.9119306526272,59.67479433295389,99950.02498750626,49.97501249375313,0.0,QQQ_MA200_QQQ_bimonthly_OOS,after_tax
2015-09-01,RISK,SELL,1674.9119306526272,93.86154699198785,157209.82488639266,78.60491244319633,57131.21997394944,QQQ_MA200_QQQ_bimonthly_OOS,after_tax
2015-11-02,RISK,BUY,1383.72080796656,105.11678776208028,145452.28649299513,72.72614324649757,0.0,QQQ_MA200_QQQ_bimonthly_OOS,after_tax
2016-03-01,RISK,SELL,1383.72080796656,96.01965717355068,132864.39760485766,66.43219880242883,-12727.047230186377,QQQ_MA200_QQQ_bimonthly_OOS,after_tax
2016-07-01,RISK,BUY,1323.3082973480516,100.3028544990235,132731.59960625213,66.36579980312607,0.0,QQQ_MA200_QQQ_bimonthly_OOS,after_tax
2018-11-01,RISK,SELL,1323.3082973480516,161.91841045116647,214267.97604343607,107.13398802171804,81362.8766493591,QQQ_MA200_QQQ_bimonthly_OOS,after_tax
2019-03-01,RISK,BUY,1201.5157317449668,166.5541360086706,200117.4146016086,100.0587073008043,0.0,QQQ_MA200_QQQ_bimonthly_OOS,after_tax
2022-03-01,RISK,SELL,1201.5157317449668,336.34780851003364,404127.18326274905,202.06359163137452,203707.6463622083,QQQ_MA200_QQQ_bimonthly_OOS,after_tax
2023-03-01,RISK,BUY,1260.878312181908,287.38755155531885,362360.7309471615,181.18036547358076,0.0,QQQ_MA200_QQQ_bimonthly_OOS,after_tax
2025-05-01,RISK,SELL,1260.878312181908,480.5532222946606,605919.1358404689,302.95956792023446,243074.26495991374,QQQ_MA200_QQQ_bimonthly_OOS,after_tax
2025-07-01,RISK,BUY,1016.1994519569638,547.0950210069877,555957.6605156845,277.9788302578423,0.0,QQQ_MA200_QQQ_bimonthly_OOS,after_tax
2013-01-02,RISK,BUY,1674.9119306526272,59.67479433295389,99950.02498750626,49.97501249375313,0.0,QQQ_MA200_QQQ_quarterly_OOS,pre_tax
2015-10-01,RISK,SELL,1674.9119306526272,94.30266997903755,157948.6670402873,78.97433352014366,57869.692706767164,QQQ_MA200_QQQ_quarterly_OOS,pre_tax
2016-01-04,RISK,BUY,1553.6825929344805,101.55922324526374,157790.79730811313,78.89539865405656,0.0,QQQ_MA200_QQQ_quarterly_OOS,pre_tax
2019-01-02,RISK,SELL,1553.6825929344805,144.1642273096665,223985.4504948785,111.99272524743925,66003.76506286388,QQQ_MA200_QQQ_quarterly_OOS,pre_tax
2019-04-01,RISK,BUY,1288.8017674562504,173.61985576942988,223761.5769811405,111.88078849057025,0.0,QQQ_MA200_QQQ_quarterly_OOS,pre_tax
2020-04-01,RISK,SELL,1288.8017674562504,178.25000066836228,229728.9159104631,114.86445795523156,5740.593682876788,QQQ_MA200_QQQ_quarterly_OOS,pre_tax
2020-07-01,RISK,BUY,958.9763247007676,239.31696319324513,229499.30180160707,114.74965090080354,0.0,QQQ_MA200_QQQ_quarterly_OOS,pre_tax
2022-04-01,RISK,SELL,958.9763247007676,353.3801084265365,338883.1576012387,169.44157880061934,109099.6645699302,QQQ_MA200_QQQ_quarterly_OOS,pre_tax
2023-04-03,RISK,BUY,1082.0599249696286,312.8703281475286,338544.44380053785,169.27222190026893,0.0,QQQ_MA200_QQQ_quarterly_OOS,pre_tax
2025-04-01,RISK,SELL,1082.0599249696286,464.538472789733,502658.4650123644,251.3292325061822,163693.41975742008,QQQ_MA200_QQQ_quarterly_OOS,pre_tax
2025-07-01,RISK,BUY,917.8589430894656,547.0950210069877,502156.05775098276,251.07802887549138,0.0,QQQ_MA200_QQQ_quarterly_OOS,pre_tax
2026-04-01,RISK,SELL,917.8589430894656,580.8416686249938,533130.7200664583,266.5653600332292,30457.018926566816,QQQ_MA200_QQQ_quarterly_OOS,pre_tax
2026-07-01,RISK,BUY,730.3965413614302,729.1900024414062,532597.855778536,266.298927889268,0.0,QQQ_MA200_QQQ_quarterly_OOS,pre_tax
2013-01-02,RISK,BUY,1674.9119306526272,59.67479433295389,99950.02498750626,49.97501249375313,0.0,QQQ_MA200_QQQ_quarterly_OOS,after_tax
2015-10-01,RISK,SELL,1674.9119306526272,94.30266997903755,157948.6670402873,78.97433352014366,57869.692706767164,QQQ_MA200_QQQ_quarterly_OOS,after_tax
2016-01-04,RISK,BUY,1437.9830777013403,101.55922324526374,146040.44441118184,73.02022220559093,0.0,QQQ_MA200_QQQ_quarterly_OOS,after_tax
2019-01-02,RISK,SELL,1437.9830777013403,144.1642273096665,207305.71928118984,103.65285964059493,61088.60178816182,QQQ_MA200_QQQ_quarterly_OOS,after_tax
2019-04-01,RISK,BUY,1121.384238113872,173.61985576942988,194694.56968344247,97.34728484172123,0.0,QQQ_MA200_QQQ_quarterly_OOS,after_tax
2020-04-01,RISK,SELL,1121.384238113872,178.25000066836228,199886.74119328862,99.94337059664431,4994.880854407762,QQQ_MA200_QQQ_quarterly_OOS,after_tax
2020-07-01,RISK,BUY,830.1657715796471,239.31696319324513,198672.75140141835,99.33637570070918,0.0,QQQ_MA200_QQQ_quarterly_OOS,after_tax
2022-04-01,RISK,SELL,830.1657715796471,353.3801084265365,293364.070372815,146.68203518640752,94445.30056050955,QQQ_MA200_QQQ_quarterly_OOS,after_tax
2023-04-03,RISK,BUY,875.4229914072149,312.8703281475286,273893.87858946645,136.94693929473323,0.0,QQQ_MA200_QQQ_quarterly_OOS,after_tax
2025-04-01,RISK,SELL,875.4229914072149,464.538472789733,406667.65947332716,203.33382973666357,132433.50011482928,QQQ_MA200_QQQ_quarterly_OOS,after_tax
2025-07-01,RISK,BUY,693.4275768213645,547.0950210069877,379370.774707909,189.6853873539545,0.0,QQQ_MA200_QQQ_quarterly_OOS,after_tax
2026-04-01,RISK,SELL,693.4275768213645,580.8416686249938,402771.63079150737,201.3858153957537,23009.78488084866,QQQ_MA200_QQQ_quarterly_OOS,after_tax
2026-07-01,RISK,BUY,545.3955174463255,729.1900024414062,397696.9586982181,198.84847934910906,0.0,QQQ_MA200_QQQ_quarterly_OOS,after_tax
2013-01-07,RISK,BUY,57259.813836045876,1.7455527409449292,99950.02498750626,49.97501249375313,0.0,QQQ_MA200_QLD_weekly_OOS,pre_tax
2015-08-24,RISK,SELL,57259.813836045876,3.432666745387014,196553.85880204593,98.27692940102297,96455.58187264488,QQQ_MA200_QLD_weekly_OOS,pre_tax
2015-10-12,RISK,BUY,44632.07191266245,4.399468694962183,196357.40317105938,98.1787015855297,0.0,QQQ_MA200_QLD_weekly_OOS,pre_tax
2016-01-11,RISK,SELL,44632.07191266245,4.215746027529573,188157.47986622097,94.07873993311048,-8392.180746357073,QQQ_MA200_QLD_weekly_OOS,pre_tax
2016-03-21,RISK,BUY,42915.91090813426,4.379947027582518,187969.41641807882,93.98470820903941,0.0,QQQ_MA200_QLD_weekly_OOS,pre_tax
2016-05-02,RISK,SELL,42915.91090813426,4.257564817205552,182717.2723808004,91.3586361904002,-5437.487381677842,QQQ_MA200_QLD_weekly_OOS,pre_tax
2016-05-31,RISK,BUY,39638.06818561934,4.605033867105126,182534.64642139932,91.26732321069966,0.0,QQQ_MA200_QLD_weekly_OOS,pre_tax
2016-06-20,RISK,SELL,39638.06818561934,4.412542996675287,174904.68017419212,87.45234008709606,-7808.685910504981,QQQ_MA200_QLD_weekly_OOS,pre_tax
2016-07-05,RISK,BUY,39887.589768488375,4.38055705839344,174729.8629026537,87.36493145132685,0.0,QQQ_MA200_QLD_weekly_OOS,pre_tax
2018-10-29,RISK,SELL,39887.589768488375,10.144939535035777,404657.18639962625,202.32859319981313,229637.6299723214,QQQ_MA200_QLD_weekly_OOS,pre_tax
2019-02-19,RISK,BUY,39990.435263591426,10.1087354707727,404252.73144070606,202.12636572035302,0.0,QQQ_MA200_QLD_weekly_OOS,pre_tax
2019-03-11,RISK,SELL,39990.435263591426,10.137084270374908,405386.4122759987,202.69320613799934,728.8612634342862,QQQ_MA200_QLD_weekly_OOS,pre_tax
2019-03-18,RISK,BUY,37158.16944214247,10.898847670260327,404981.2284556329,202.49061422781648,0.0,QQQ_MA200_QLD_weekly_OOS,pre_tax
2020-03-16,RISK,SELL,37158.16944214247,9.445307493430235,350970.3362740186,175.4851681370093,-54388.86796397914,QQQ_MA200_QLD_weekly_OOS,pre_tax
2020-04-13,RISK,BUY,28954.183714096736,12.109460408117469,350619.54133521405,175.30977066760704,0.0,QQQ_MA200_QLD_weekly_OOS,pre_tax
2022-01-24,RISK,SELL,28954.183714096736,33.0985388893131,958341.1756693468,479.1705878346734,607067.1539756304,QQQ_MA200_QLD_weekly_OOS,pre_tax
2023-01-30,RISK,BUY,46021.23239226592,20.803078571744038,957383.3134247998,478.69165671239995,0.0,QQQ_MA200_QLD_weekly_OOS,pre_tax
2023-03-13,RISK,SELL,46021.23239226592,19.663863781418385,904955.2448145164,452.4776224072582,-53359.23788940301,QQQ_MA200_QLD_weekly_OOS,pre_tax
2023-03-20,RISK,BUY,40814.32987088097,22.150326727921968,904050.7418211986,452.0253709105993,0.0,QQQ_MA200_QLD_weekly_OOS,pre_tax
2025-03-10,RISK,SELL,40814.32987088097,47.364473139597685,1933149.2308800211,966.5746154400106,1027679.8890724718,QQQ_MA200_QLD_weekly_OOS,pre_tax
2025-05-19,RISK,BUY,37567.573127228665,51.406489346552455,1931217.0477407107,965.6085238703554,0.0,QQQ_MA200_QLD_weekly_OOS,pre_tax
2026-03-23,RISK,SELL,37567.573127228665,64.02386157339181,2405221.101545962,1202.610550772981,471835.83473060816,QQQ_MA200_QLD_weekly_OOS,pre_tax
2026-04-13,RISK,BUY,35416.480100039975,67.84460442333032,2402817.0824539624,1201.4085412269812,0.0,QQQ_MA200_QLD_weekly_OOS,pre_tax
2013-01-07,RISK,BUY,57259.813836045876,1.7455527409449292,99950.02498750626,49.97501249375313,0.0,QQQ_MA200_QLD_weekly_OOS,after_tax
2015-08-24,RISK,SELL,57259.813836045876,3.432666745387014,196553.85880204593,98.27692940102297,96455.58187264488,QQQ_MA200_QLD_weekly_OOS,after_tax
2015-10-12,RISK,BUY,40180.36189131017,4.399468694962183,176772.24429307054,88.38612214653527,0.0,QQQ_MA200_QLD_weekly_OOS,after_tax
2016-01-11,RISK,SELL,40180.36189131017,4.215746027529573,169390.20102799145,84.69510051399573,-7555.124487739609,QQQ_MA200_QLD_weekly_OOS,after_tax
2016-03-21,RISK,BUY,38635.37490615222,4.379947027582518,169220.8954797376,84.6104477398688,0.0,QQQ_MA200_QLD_weekly_OOS,after_tax
2016-05-02,RISK,SELL,38635.37490615222,4.257564817205552,164492.61289997993,82.24630644998996,-4895.139333947533,QQQ_MA200_QLD_weekly_OOS,after_tax
2016-05-31,RISK,BUY,35684.472087408525,4.605033867105126,164328.2024922838,82.1641012461419,0.0,QQQ_MA200_QLD_weekly_OOS,after_tax
2016-06-20,RISK,SELL,35684.472087408525,4.412542996675287,157459.26739934925,78.72963369967462,-7029.828827880352,QQQ_MA200_QLD_weekly_OOS,after_tax
2016-07-05,RISK,BUY,35909.10578846075,4.38055705839344,157301.88682223848,78.65094341111924,0.0,QQQ_MA200_QLD_weekly_OOS,after_tax
2018-10-29,RISK,SELL,35909.10578846075,10.144939535035777,364295.7069811375,182.14785349056876,206733.02136199738,QQQ_MA200_QLD_weekly_OOS,after_tax
2019-02-19,RISK,BUY,32240.44911613635,10.1087354707727,325910.1715739299,162.95508578696496,0.0,QQQ_MA200_QLD_weekly_OOS,after_tax
2019-03-11,RISK,SELL,32240.44911613635,10.137084270374908,326824.1496050084,163.4120748025042,587.6108704890357,QQQ_MA200_QLD_weekly_OOS,after_tax
2019-03-18,RISK,BUY,29946.117715252294,10.898847670260327,326378.175294219,163.1890876471095,0.0,QQQ_MA200_QLD_weekly_OOS,after_tax
2020-03-16,RISK,SELL,29946.117715252294,9.445307493430235,282850.2900550164,141.4251450275082,-43832.499471877236,QQQ_MA200_QLD_weekly_OOS,after_tax
2020-04-13,RISK,BUY,23334.44857130154,12.109460408117469,282567.5811194292,141.28379055971462,0.0,QQQ_MA200_QLD_weekly_OOS,after_tax
2022-01-24,RISK,SELL,23334.44857130154,33.0985388893131,772336.1534979005,386.1680767489502,489241.12051116256,QQQ_MA200_QLD_weekly_OOS,after_tax
2023-01-30,RISK,BUY,32741.531950530683,20.803078571744038,681124.6617261576,340.56233086307884,0.0,QQQ_MA200_QLD_weekly_OOS,after_tax
2023-03-13,RISK,SELL,32741.531950530683,19.663863781418385,643825.0242701932,321.9125121350966,-37962.11229896266,QQQ_MA200_QLD_weekly_OOS,after_tax
2023-03-20,RISK,BUY,29037.112133735976,22.150326727921968,643181.5209975593,321.5907604987797,0.0,QQQ_MA200_QLD_weekly_OOS,after_tax
2025-03-10,RISK,SELL,29037.112133735976,47.364473139597685,1375327.5177098236,687.6637588549117,731136.7421929106,QQQ_MA200_QLD_weekly_OOS,after_tax
2025-05-19,RISK,BUY,23989.283087622083,51.406489346552455,1233204.8254752755,616.6024127376378,0.0,QQQ_MA200_QLD_weekly_OOS,after_tax
2026-03-23,RISK,SELL,23989.283087622083,64.02386157339181,1535886.5396468255,767.9432698234127,301297.1684889889,QQQ_MA200_QLD_weekly_OOS,after_tax
2026-04-13,RISK,BUY,21713.937348081054,67.84460442333032,1473173.4898535374,736.5867449267687,0.0,QQQ_MA200_QLD_weekly_OOS,after_tax
2013-01-02,RISK,BUY,56792.19162693324,1.7599254778557578,99950.02498750626,49.97501249375313,0.0,QQQ_MA200_QLD_monthly_OOS,pre_tax
2015-09-01,RISK,SELL,56792.19162693324,4.004880768822511,227445.9560659878,113.7229780329939,127332.2330879548,QQQ_MA200_QLD_monthly_OOS,pre_tax
2015-11-02,RISK,BUY,45657.40611359653,4.976599485541127,227218.6237760668,113.60931188803339,0.0,QQQ_MA200_QLD_monthly_OOS,pre_tax
2016-02-01,RISK,SELL,45657.40611359653,4.097667973657485,187088.89079195797,93.54444539597898,-40336.88674139287,QQQ_MA200_QLD_monthly_OOS,pre_tax
2016-04-01,RISK,BUY,41700.22104382145,4.482036083272873,186901.89539886254,93.45094769943127,0.0,QQQ_MA200_QLD_monthly_OOS,pre_tax
2016-05-02,RISK,SELL,41700.22104382145,4.257564817205552,177541.39398586878,88.77069699293439,-9542.723057686118,QQQ_MA200_QLD_monthly_OOS,pre_tax
2016-06-01,RISK,BUY,38748.09810870426,4.57735863114206,177363.94131821676,88.68197065910839,0.0,QQQ_MA200_QLD_monthly_OOS,pre_tax
2018-11-01,RISK,SELL,38748.09810870426,10.25087243510065,397201.8108150921,198.60090540754607,219550.58662080867,QQQ_MA200_QLD_monthly_OOS,pre_tax
2019-03-01,RISK,BUY,37948.73872117249,10.456337176880792,396804.8075059316,198.4024037529658,0.0,QQQ_MA200_QLD_monthly_OOS,pre_tax
2020-04-01,RISK,SELL,37948.73872117249,10.422928032946222,395536.9726318605,197.76848631593026,-1664.0057641399326,QQQ_MA200_QLD_monthly_OOS,pre_tax
2020-05-01,RISK,BUY,28590.588369172507,13.820689110229623,395141.6333288802,197.5708166644401,0.0,QQQ_MA200_QLD_monthly_OOS,pre_tax
2022-02-01,RISK,SELL,28590.588369172507,36.61481947444583,1046839.231805442,523.419615902721,650976.6080439948,QQQ_MA200_QLD_monthly_OOS,pre_tax
2023-02-01,RISK,BUY,49796.79085805792,21.001211076284598,1045792.9157316735,522.8964578658367,0.0,QQQ_MA200_QLD_monthly_OOS,pre_tax
2025-04-01,RISK,SELL,49796.79085805792,44.0057077774389,2191343.0267539374,1095.6715133769687,1143931.5430510212,QQQ_MA200_QLD_monthly_OOS,pre_tax
2025-06-02,RISK,BUY,42228.73363860657,51.840360584475505,2189152.778851135,1094.5763894255676,0.0,QQQ_MA200_QLD_monthly_OOS,pre_tax
2026-04-01,RISK,SELL,42228.73363860657,61.85860985691658,2612210.758902213,1306.1053794511065,420657.2982822014,QQQ_MA200_QLD_monthly_OOS,pre_tax
2026-05-01,RISK,BUY,32072.53978076708,81.36555045013495,2609599.853595964,1304.7999267979822,0.0,QQQ_MA200_QLD_monthly_OOS,pre_tax
2013-01-02,RISK,BUY,56792.19162693324,1.7599254778557578,99950.02498750626,49.97501249375313,0.0,QQQ_MA200_QLD_monthly_OOS,after_tax
2015-09-01,RISK,SELL,56792.19162693324,4.004880768822511,227445.9560659878,113.7229780329939,127332.2330879548,QQQ_MA200_QLD_monthly_OOS,after_tax
2015-11-02,RISK,BUY,40462.16869917061,4.976599485541127,201364.00793217073,100.68200396608536,0.0,QQQ_MA200_QLD_monthly_OOS,after_tax
2016-02-01,RISK,SELL,40462.16869917061,4.097667973657485,165800.53282331774,82.90026641165888,-35747.05737923074,QQQ_MA200_QLD_monthly_OOS,after_tax
2016-04-01,RISK,BUY,36955.26141957821,4.482036083272873,165634.81514933144,82.81740757466572,0.0,QQQ_MA200_QLD_monthly_OOS,after_tax
2016-05-02,RISK,SELL,36955.26141957821,4.257564817205552,157339.42083062985,78.66971041531492,-8456.88143669159,QQQ_MA200_QLD_monthly_OOS,after_tax
2016-06-01,RISK,BUY,34339.05287009971,4.57735863114206,157182.16004019443,78.59108002009722,0.0,QQQ_MA200_QLD_monthly_OOS,after_tax
2018-11-01,RISK,SELL,34339.05287009971,10.25087243510065,352005.250513569,176.00262525678448,194568.49676809768,QQQ_MA200_QLD_monthly_OOS,after_tax
2019-03-01,RISK,BUY,30710.766250623397,10.456337176880792,321122.1268768894,160.5610634384447,0.0,QQQ_MA200_QLD_monthly_OOS,after_tax
2020-04-01,RISK,SELL,30710.766250623397,10.422928032946222,320096.10646688135,160.04805323344067,-1346.6295266798697,QQQ_MA200_QLD_monthly_OOS,after_tax
2020-05-01,RISK,BUY,23137.49826640669,13.820689110229623,319776.1703284837,159.88808516424186,0.0,QQQ_MA200_QLD_monthly_OOS,after_tax
2022-02-01,RISK,SELL,23137.49826640669,36.61481947444583,847175.3221147843,423.58766105739215,526815.676040079,QQQ_MA200_QLD_monthly_OOS,after_tax
2023-02-01,RISK,BUY,35218.58232495676,21.001211076284598,739632.881213923,369.8164406069615,0.0,QQQ_MA200_QLD_monthly_OOS,after_tax
2025-04-01,RISK,SELL,35218.58232495676,44.0057077774389,1549818.642127722,774.9093210638611,809041.0351521282,QQQ_MA200_QLD_monthly_OOS,after_tax
2025-06-02,RISK,BUY,26697.249660054815,51.840360584475505,1383995.0489910077,691.9975244955039,0.0,QQQ_MA200_QLD_monthly_OOS,after_tax
2026-04-01,RISK,SELL,26697.249660054815,61.85860985691658,1651454.7509740295,825.7273754870148,265941.97708303924,QQQ_MA200_QLD_monthly_OOS,after_tax
2026-05-01,RISK,BUY,19612.784521477435,81.36555045013495,1595805.008449898,797.9025042249491,0.0,QQQ_MA200_QLD_monthly_OOS,after_tax
2013-01-02,RISK,BUY,56792.19162693324,1.7599254778557578,99950.02498750626,49.97501249375313,0.0,QQQ_MA200_QLD_bimonthly_OOS,pre_tax
2015-09-01,RISK,SELL,56792.19162693324,4.004880768822511,227445.9560659878,113.7229780329939,127332.2330879548,QQQ_MA200_QLD_bimonthly_OOS,pre_tax
2015-11-02,RISK,BUY,45657.40611359653,4.976599485541127,227218.6237760668,113.60931188803339,0.0,QQQ_MA200_QLD_bimonthly_OOS,pre_tax
2016-03-01,RISK,SELL,45657.40611359653,4.061998270463953,185460.3046672994,92.73015233364971,-41964.65857298908,QQQ_MA200_QLD_bimonthly_OOS,pre_tax
2016-07-01,RISK,BUY,42324.56511196666,4.377479994332151,185274.93704644256,92.63746852322129,0.0,QQQ_MA200_QLD_bimonthly_OOS,pre_tax
2018-11-01,RISK,SELL,42324.56511196666,10.25087243510065,433863.7178338817,216.93185891694085,248279.21145999894,QQQ_MA200_QLD_bimonthly_OOS,pre_tax
2019-03-01,RISK,BUY,41451.424490960286,10.456337176880792,433430.070939495,216.7150354697475,0.0,QQQ_MA200_QLD_bimonthly_OOS,pre_tax
2022-03-01,RISK,SELL,41451.424490960286,32.654064465527455,1353557.4875157608,676.7787437578804,919233.9227970382,QQQ_MA200_QLD_bimonthly_OOS,pre_tax
2023-03-01,RISK,BUY,65562.16735150704,20.624769758129208,1352204.6064687686,676.1023032343843,0.0,QQQ_MA200_QLD_bimonthly_OOS,pre_tax
2025-05-01,RISK,SELL,65562.16735150704,45.64644299625848,2992679.734721725,1496.3398673608624,1638302.686082361,QQQ_MA200_QLD_bimonthly_OOS,pre_tax
2025-07-01,RISK,BUY,51247.9474331226,58.337722783542695,2989688.550579075,1494.8442752895373,0.0,QQQ_MA200_QLD_bimonthly_OOS,pre_tax
2013-01-02,RISK,BUY,56792.19162693324,1.7599254778557578,99950.02498750626,49.97501249375313,0.0,QQQ_MA200_QLD_bimonthly_OOS,after_tax
2015-09-01,RISK,SELL,56792.19162693324,4.004880768822511,227445.9560659878,113.7229780329939,127332.2330879548,QQQ_MA200_QLD_bimonthly_OOS,after_tax
2015-11-02,RISK,BUY,40462.16869917061,4.976599485541127,201364.00793217073,100.68200396608536,0.0,QQQ_MA200_QLD_bimonthly_OOS,after_tax
2016-03-01,RISK,SELL,40462.16869917061,4.061998270463953,164357.25927525168,82.17862963762585,-37189.609290522785,QQQ_MA200_QLD_bimonthly_OOS,after_tax
2016-07-01,RISK,BUY,37508.563001117116,4.377479994332151,164192.98415353728,82.09649207676864,0.0,QQQ_MA200_QLD_bimonthly_OOS,after_tax
2018-11-01,RISK,SELL,37508.563001117116,10.25087243510065,384495.49454838753,192.24774727419378,220028.16615549932,QQQ_MA200_QLD_bimonthly_OOS,after_tax
2019-03-01,RISK,BUY,33184.28767682875,10.456337176880792,346986.10092353163,173.49305046176582,0.0,QQQ_MA200_QLD_bimonthly_OOS,after_tax
2022-03-01,RISK,SELL,33184.28767682875,32.654064465527455,1083601.8690417744,541.8009345208873,735900.4741332603,QQQ_MA200_QLD_bimonthly_OOS,after_tax
2023-03-01,RISK,BUY,45241.49118075588,20.624769758129208,933095.3391175232,466.5476695587616,0.0,QQQ_MA200_QLD_bimonthly_OOS,after_tax
2025-05-01,RISK,SELL,45241.49118075588,45.64644299625848,2065113.1482481041,1032.556574124052,1130518.704886898,QQQ_MA200_QLD_bimonthly_OOS,after_tax
2025-07-01,RISK,BUY,31429.045903893217,58.337722783542695,1833498.9672925605,916.7494836462803,0.0,QQQ_MA200_QLD_bimonthly_OOS,after_tax
2013-01-02,RISK,BUY,56792.19162693324,1.7599254778557578,99950.02498750626,49.97501249375313,0.0,QQQ_MA200_QLD_quarterly_OOS,pre_tax
2015-10-01,RISK,SELL,56792.19162693324,4.0128714863326636,227899.76642606105,113.94988321303053,127785.816542848,QQQ_MA200_QLD_quarterly_OOS,pre_tax
2016-01-04,RISK,BUY,49453.02290272376,4.603803108263218,227671.98055257174,113.83599027628587,0.0,QQQ_MA200_QLD_quarterly_OOS,pre_tax
2019-01-02,RISK,SELL,49453.02290272376,7.930691094749013,392196.64834305027,196.09832417152515,164214.73347603076,QQQ_MA200_QLD_quarterly_OOS,pre_tax
2019-04-01,RISK,BUY,34672.94288030056,11.300011338744342,391804.64769503125,195.90232384751562,0.0,QQQ_MA200_QLD_quarterly_OOS,pre_tax
2020-04-01,RISK,SELL,34672.94288030056,10.422928032946222,361393.58833182784,180.69679416591393,-30787.658481216873,QQQ_MA200_QLD_quarterly_OOS,pre_tax
2020-07-01,RISK,BUY,19752.53417088486,18.277775004796442,361032.37534998695,180.5161876749935,0.0,QQQ_MA200_QLD_quarterly_OOS,pre_tax
2022-04-01,RISK,SELL,19752.53417088486,35.6666172610934,704506.0762096192,352.2530381048096,342940.93163385236,QQQ_MA200_QLD_quarterly_OOS,pre_tax
2023-04-03,RISK,BUY,29063.774543422544,24.215778344925518,703801.9222104092,351.9009611052046,0.0,QQQ_MA200_QLD_quarterly_OOS,pre_tax
2025-04-01,RISK,SELL,29063.774543422544,44.0057077774389,1278971.9694672201,639.48598473361,574178.6603109721,QQQ_MA200_QLD_quarterly_OOS,pre_tax
2025-07-01,RISK,BUY,21901.671434878102,58.337722783542695,1277693.6366641545,638.8468183320773,0.0,QQQ_MA200_QLD_quarterly_OOS,pre_tax
2026-04-01,RISK,SELL,21901.671434878102,61.85860985691658,1354806.948504499,677.4034742522495,75797.06154776015,QQQ_MA200_QLD_quarterly_OOS,pre_tax
2026-07-01,RISK,BUY,14257.37716496292,94.93000030517578,1353452.8186209362,676.7264093104682,0.0,QQQ_MA200_QLD_quarterly_OOS,pre_tax
2013-01-02,RISK,BUY,56792.19162693324,1.7599254778557578,99950.02498750626,49.97501249375313,0.0,QQQ_MA200_QLD_quarterly_OOS,after_tax
2015-10-01,RISK,SELL,56792.19162693324,4.0128714863326636,227899.76642606105,113.94988321303053,127785.816542848,QQQ_MA200_QLD_quarterly_OOS,after_tax
2016-01-04,RISK,BUY,43817.09220306544,4.603803108263218,201725.26527952868,100.86263263976434,0.0,QQQ_MA200_QLD_quarterly_OOS,after_tax
2019-01-02,RISK,SELL,43817.09220306544,7.930691094749013,347499.8229326475,173.74991146632374,145499.94510901268,QQQ_MA200_QLD_quarterly_OOS,after_tax
2019-04-01,RISK,BUY,28106.958937815583,11.300011338744342,317608.95469493774,158.80447734746886,0.0,QQQ_MA200_QLD_quarterly_OOS,after_tax
2020-04-01,RISK,SELL,28106.958937815583,10.422928032946222,292956.8102338264,146.4784051169132,-24957.42734357575,QQQ_MA200_QLD_quarterly_OOS,after_tax
2020-07-01,RISK,BUY,16012.01457792288,18.277775004796442,292663.9998287951,146.33199991439756,0.0,QQQ_MA200_QLD_quarterly_OOS,after_tax
2022-04-01,RISK,SELL,16012.01457792288,35.6666172610934,571094.3955298234,285.5471977649117,277998.51650334906,QQQ_MA200_QLD_quarterly_OOS,after_tax
2023-04-03,RISK,BUY,21438.252848416032,24.215778344925518,519143.9790797107,259.5719895398554,0.0,QQQ_MA200_QLD_quarterly_OOS,after_tax
2025-04-01,RISK,SELL,21438.252848416032,44.0057077774389,943405.490106243,471.70274505312153,423530.2362919394,QQQ_MA200_QLD_quarterly_OOS,after_tax
2025-07-01,RISK,BUY,14681.159056254975,58.337722783542695,856465.3871649001,428.23269358245005,0.0,QQQ_MA200_QLD_quarterly_OOS,after_tax
2026-04-01,RISK,SELL,14681.159056254975,61.85860985691658,908156.0903082142,454.0780451541071,50808.39240457758,QQQ_MA200_QLD_quarterly_OOS,after_tax
2026-07-01,RISK,BUY,9448.34950544554,94.93000030517578,896931.8214353526,448.4659107176763,0.0,QQQ_MA200_QLD_quarterly_OOS,after_tax
2013-01-02,RISK,BUY,27323.080259336843,3.6580804228085277,99950.02498750626,49.97501249375313,0.0,SPY_MA200_SSO_weekly_OOS,pre_tax
2014-10-20,RISK,SELL,27323.080259336843,6.294836199085759,171994.31468699905,85.99715734349952,71908.31752965554,SPY_MA200_SSO_weekly_OOS,pre_tax
2014-10-27,RISK,BUY,25242.69659349874,6.806816604955954,171822.40632649232,85.91120316324616,0.0,SPY_MA200_SSO_weekly_OOS,pre_tax
2015-08-24,RISK,SELL,25242.69659349874,6.25295796116513,157841.52062559384,78.92076031279692,-14145.717664374504,SPY_MA200_SSO_weekly_OOS,pre_tax
2015-10-26,RISK,BUY,20550.590615025925,7.67295504738412,157683.7579862879,78.84187899314395,0.0,SPY_MA200_SSO_weekly_OOS,pre_tax
2015-11-16,RISK,SELL,20550.590615025925,7.298464383441565,149987.7536624552,74.9938768312276,-7849.840079657093,SPY_MA200_SSO_weekly_OOS,pre_tax
2015-11-23,RISK,BUY,19188.29669590781,7.808814051595654,149837.84086519136,74.91892043259568,0.0,SPY_MA200_SSO_weekly_OOS,pre_tax
2015-12-14,RISK,SELL,19188.29669590781,7.261842286542456,139342.38435306624,69.67119217653313,-10640.046624734241,SPY_MA200_SSO_weekly_OOS,pre_tax
2015-12-28,RISK,BUY,18480.617453692903,7.532384237371399,139203.11160508718,69.60155580254359,0.0,SPY_MA200_SSO_weekly_OOS,pre_tax
2016-01-04,RISK,SELL,18480.617453692903,7.20648781811078,133180.34455120336,66.59017227560169,-6158.958781961963,SPY_MA200_SSO_weekly_OOS,pre_tax
2016-03-14,RISK,BUY,18329.526161910588,7.2586290331946985,133047.230763546,66.523615381773,0.0,SPY_MA200_SSO_weekly_OOS,pre_tax
2018-10-29,RISK,SELL,18329.526161910588,12.981956136431302,237953.10463549325,118.97655231774662,104720.37370424776,SPY_MA200_SSO_weekly_OOS,pre_tax
2018-11-12,RISK,BUY,17274.056458549207,13.761404046488598,237715.27044795154,118.85763522397578,0.0,SPY_MA200_SSO_weekly_OOS,pre_tax
2018-11-19,RISK,SELL,17274.056458549207,13.341703825966086,230465.34514298014,115.23267257149007,-7484.015612766874,SPY_MA200_SSO_weekly_OOS,pre_tax
2018-12-03,RISK,BUY,16422.806962345025,14.019223114587883,230234.9949729222,115.1174974864611,0.0,SPY_MA200_SSO_weekly_OOS,pre_tax
2018-12-10,RISK,SELL,16422.806962345025,12.33801637864248,202624.86128469667,101.31243064234833,-27826.56361635434,SPY_MA200_SSO_weekly_OOS,pre_tax
2019-02-19,RISK,BUY,14960.443088666996,13.530504175946032,202422.33768521174,101.21116884260587,0.0,SPY_MA200_SSO_weekly_OOS,pre_tax
2019-06-03,RISK,SELL,14960.443088666996,13.331679925472988,199447.8388013629,99.72391940068145,-3175.4339720921125,SPY_MA200_SSO_weekly_OOS,pre_tax
2019-06-10,RISK,BUY,13540.75759757972,14.714722510966272,199248.4906366439,99.62424531832195,0.0,SPY_MA200_SSO_weekly_OOS,pre_tax
2020-03-02,RISK,SELL,13540.75759757972,15.436006553204635,209015.223011596,104.50761150579801,9562.60051812799,SPY_MA200_SSO_weekly_OOS,pre_tax
2020-06-01,RISK,BUY,14228.454251525867,14.675263282487325,208806.31224396825,104.40315612198413,0.0,SPY_MA200_SSO_weekly_OOS,pre_tax
2022-01-24,RISK,SELL,14228.454251525867,29.372715778559456,417928.3426983052,208.9641713491526,208808.66312686584,SPY_MA200_SSO_weekly_OOS,pre_tax
2022-01-31,RISK,BUY,13636.09072776247,30.618058470769444,417510.6232153484,208.7553116076742,0.0,SPY_MA200_SSO_weekly_OOS,pre_tax
2022-02-14,RISK,SELL,13636.09072776247,30.35537291856893,413928.61919266975,206.96430959633489,-3997.723643882666,SPY_MA200_SSO_weekly_OOS,pre_tax
2022-03-21,RISK,BUY,13354.93472008461,30.96345329284668,413514.8974343563,206.75744871717814,0.0,SPY_MA200_SSO_weekly_OOS,pre_tax
2022-04-18,RISK,SELL,13354.93472008461,29.80452373661742,398037.46886573784,199.01873443286894,-15883.204751768499,SPY_MA200_SSO_weekly_OOS,pre_tax
2022-12-05,RISK,BUY,16433.421308265304,24.197008210101163,397639.63031614694,198.81981515807348,0.0,SPY_MA200_SSO_weekly_OOS,pre_tax
2022-12-12,RISK,SELL,16433.421308265304,22.98983715856044,377801.67983503663,188.9008399175183,-20225.671136185934,SPY_MA200_SSO_weekly_OOS,pre_tax
2023-01-17,RISK,BUY,16042.828712756505,23.526029836716287,377424.0669616383,188.71203348081914,0.0,SPY_MA200_SSO_weekly_OOS,pre_tax
2023-03-13,RISK,SELL,16042.828712756505,21.268237470504747,341202.69076153735,170.6013453807687,-36580.68957896251,SPY_MA200_SSO_weekly_OOS,pre_tax
2023-03-20,RISK,BUY,15205.713327565325,22.416683206103855,340861.6585868632,170.4308292934316,0.0,SPY_MA200_SSO_weekly_OOS,pre_tax
2023-10-30,RISK,SELL,15205.713327565325,24.234643293041422,368505.0385097916,184.25251925489582,27288.69657438004,SPY_MA200_SSO_weekly_OOS,pre_tax
2023-11-06,RISK,BUY,13721.26750470909,26.82964365393923,368136.7176317208,184.06835881586042,0.0,SPY_MA200_SSO_weekly_OOS,pre_tax
2025-03-17,RISK,SELL,13721.26750470909,41.39679408362681,568016.4854588021,284.00824272940105,199411.69122553605,SPY_MA200_SSO_weekly_OOS,pre_tax
2025-05-19,RISK,BUY,12886.466841421774,44.0344711876856,567448.7528396529,283.72437641982646,0.0,SPY_MA200_SSO_weekly_OOS,pre_tax
2026-03-23,RISK,SELL,12886.466841421774,53.139928955486916,684785.9324403909,342.3929662201955,116711.06225809804,SPY_MA200_SSO_weekly_OOS,pre_tax
2026-04-13,RISK,BUY,12209.574749099083,56.0299193696557,684101.4887298059,342.050744364903,0.0,SPY_MA200_SSO_weekly_OOS,pre_tax
2013-01-02,RISK,BUY,27323.080259336843,3.6580804228085277,99950.02498750626,49.97501249375313,0.0,SPY_MA200_SSO_weekly_OOS,after_tax
2014-10-20,RISK,SELL,27323.080259336843,6.294836199085759,171994.31468699905,85.99715734349952,71908.31752965554,SPY_MA200_SSO_weekly_OOS,after_tax
2014-10-27,RISK,BUY,23097.659476091416,6.806816604955954,157221.5320574773,78.61076602873865,0.0,SPY_MA200_SSO_weekly_OOS,after_tax
2015-08-24,RISK,SELL,23097.659476091416,6.25295796116513,144428.69370530703,72.21434685265352,-12943.663465051679,SPY_MA200_SSO_weekly_OOS,after_tax
2015-10-26,RISK,BUY,18804.272447686133,7.67295504738412,144284.33718985945,72.14216859492973,0.0,SPY_MA200_SSO_weekly_OOS,after_tax
2015-11-16,RISK,SELL,18804.272447686133,7.298464383441565,137242.3127159688,68.62115635798439,-7182.787798843579,SPY_MA200_SSO_weekly_OOS,after_tax
2015-11-23,RISK,BUY,17557.741557708072,7.808814051595654,137105.13899011575,68.55256949505788,0.0,SPY_MA200_SSO_weekly_OOS,after_tax
2015-12-14,RISK,SELL,17557.741557708072,7.261842286542456,127501.55009994829,63.750775049974145,-9735.89223471249,SPY_MA200_SSO_weekly_OOS,after_tax
2015-12-28,RISK,BUY,16910.198451747343,7.532384237371399,127374.11226876393,63.68705613438197,0.0,SPY_MA200_SSO_weekly_OOS,after_tax
2016-01-04,RISK,SELL,16910.198451747343,7.20648781811078,121863.139144353,60.9315695721765,-5635.5917501174845,SPY_MA200_SSO_weekly_OOS,after_tax
2016-03-14,RISK,BUY,16771.9463757671,7.2586290331946985,121741.33690632766,60.87066845316383,0.0,SPY_MA200_SSO_weekly_OOS,after_tax
2018-10-29,RISK,SELL,16771.9463757671,12.981956136431302,217732.67217278644,108.86633608639322,95821.59826191922,SPY_MA200_SSO_weekly_OOS,after_tax
2018-11-12,RISK,BUY,14916.095755338529,13.761404046488598,205266.42048532705,102.63321024266352,0.0,SPY_MA200_SSO_weekly_OOS,after_tax
2018-11-19,RISK,SELL,14916.095755338529,13.341703825966086,199006.13180747654,99.50306590373827,-6462.424953996902,SPY_MA200_SSO_weekly_OOS,after_tax
2018-12-03,RISK,BUY,14181.044377711409,14.019223114587883,198807.22512900832,99.40361256450416,0.0,SPY_MA200_SSO_weekly_OOS,after_tax
2018-12-10,RISK,SELL,14181.044377711409,12.33801637864248,174965.95779845922,87.48297889922961,-24028.153922012832,SPY_MA200_SSO_weekly_OOS,after_tax
2019-02-19,RISK,BUY,12918.297574650349,13.530504175946032,174791.07927992003,87.39553963996002,0.0,SPY_MA200_SSO_weekly_OOS,after_tax
2019-06-03,RISK,SELL,12918.297574650349,13.331679925472988,172222.60844725245,86.11130422362623,-2741.9776765311544,SPY_MA200_SSO_weekly_OOS,after_tax
2019-06-10,RISK,BUY,11692.403426490253,14.714722510966272,172050.4719070753,86.02523595353765,0.0,SPY_MA200_SSO_weekly_OOS,after_tax
2020-03-02,RISK,SELL,11692.403426490253,15.436006553204635,180484.01591401588,90.24200795700794,8257.276763030037,SPY_MA200_SSO_weekly_OOS,after_tax
2020-06-01,RISK,BUY,12286.227417137796,14.675263282487325,180303.62209501138,90.15181104750569,0.0,SPY_MA200_SSO_weekly_OOS,after_tax
2022-01-24,RISK,SELL,12286.227417137796,29.372715778559456,360879.86591433315,180.43993295716658,180305.65207531708,SPY_MA200_SSO_weekly_OOS,after_tax
2022-01-31,RISK,BUY,10744.625475846316,30.618058470769444,328979.57106598146,164.48978553299074,0.0,SPY_MA200_SSO_weekly_OOS,after_tax
2022-02-14,RISK,SELL,10744.625475846316,30.35537291856893,326157.1131896711,163.07855659483553,-3150.02621843823,SPY_MA200_SSO_weekly_OOS,after_tax
2022-03-21,RISK,BUY,10523.087201930879,30.96345329284668,325831.11907353945,162.91555953676973,0.0,SPY_MA200_SSO_weekly_OOS,after_tax
2022-04-18,RISK,SELL,10523.087201930879,29.80452373661742,313635.60229244386,156.81780114622194,-12515.250141778612,SPY_MA200_SSO_weekly_OOS,after_tax
2022-12-05,RISK,BUY,12948.796012673374,24.197008210101163,313322.12342958286,156.66106171479143,0.0,SPY_MA200_SSO_weekly_OOS,after_tax
2022-12-12,RISK,SELL,12948.796012673374,22.98983715856044,297690.71173077764,148.84535586538883,-15936.918116385408,SPY_MA200_SSO_weekly_OOS,after_tax
2023-01-17,RISK,BUY,12641.026635352035,23.526029836716287,297393.16979001724,148.6965848950086,0.0,SPY_MA200_SSO_weekly_OOS,after_tax
2023-03-13,RISK,SELL,12641.026635352035,21.268237470504747,268852.3563516427,134.42617817582135,-28823.93620144541,SPY_MA200_SSO_weekly_OOS,after_tax
2023-03-20,RISK,BUY,11981.417406173494,22.416683206103855,268583.63835428975,134.29181917714487,0.0,SPY_MA200_SSO_weekly_OOS,after_tax
2023-10-30,RISK,SELL,11981.417406173494,24.234643293041422,290365.37698365224,145.18268849182613,21502.2641216935,SPY_MA200_SSO_weekly_OOS,after_tax
2023-11-06,RISK,BUY,10811.740940667027,26.82964365393923,290075.15671680204,145.03757835840102,0.0,SPY_MA200_SSO_weekly_OOS,after_tax
2025-03-17,RISK,SELL,10811.740940667027,41.39679408362681,447571.41340631054,223.78570670315528,157127.433404447,SPY_MA200_SSO_weekly_OOS,after_tax
2025-05-19,RISK,BUY,9608.904119347093,44.0344711876856,423123.01158862305,211.56150579431153,0.0,SPY_MA200_SSO_weekly_OOS,after_tax
2026-03-23,RISK,SELL,9608.904119347093,53.139928955486916,510616.4822421901,255.30824112109505,87026.60090665164,SPY_MA200_SSO_weekly_OOS,after_tax
2026-04-13,RISK,BUY,8788.795483122445,56.0299193696557,492435.50227574486,246.21775113787243,0.0,SPY_MA200_SSO_weekly_OOS,after_tax
2013-01-02,RISK,BUY,27323.080259336843,3.6580804228085277,99950.02498750626,49.97501249375313,0.0,SPY_MA200_SSO_monthly_OOS,pre_tax
2015-09-01,RISK,SELL,27323.080259336843,6.626267773461516,181050.04619414624,90.52502309707312,80959.52117104914,SPY_MA200_SSO_monthly_OOS,pre_tax
2015-11-02,RISK,BUY,23360.080216410017,7.742656915222327,180869.0866277353,90.43454331386765,0.0,SPY_MA200_SSO_monthly_OOS,pre_tax
2016-01-04,RISK,SELL,23360.080216410017,7.20648781811078,168344.13350964943,84.17206675482471,-12699.559728154563,SPY_MA200_SSO_monthly_OOS,pre_tax
2016-04-01,RISK,BUY,22507.641764504806,7.4719455403524195,168175.87350614154,84.08793675307076,0.0,SPY_MA200_SSO_monthly_OOS,pre_tax
2018-11-01,RISK,SELL,22507.641764504806,13.243374467740427,298077.12827309105,149.03856413654552,129668.12826605991,SPY_MA200_SSO_monthly_OOS,pre_tax
2018-12-03,RISK,BUY,21240.77758624457,14.019223114587883,297779.2001089001,148.88960005445006,0.0,SPY_MA200_SSO_monthly_OOS,pre_tax
2019-01-02,RISK,SELL,21240.77758624457,10.809249178341002,229596.8576714381,114.79842883571905,-68446.03046635218,SPY_MA200_SSO_monthly_OOS,pre_tax
2019-03-01,RISK,BUY,16494.506041768993,13.905683199848397,229367.37555482498,114.68368777741249,0.0,SPY_MA200_SSO_monthly_OOS,pre_tax
2019-06-03,RISK,SELL,16494.506041768993,13.331679925472988,219899.4750776446,109.9497375388223,-9692.533902496594,SPY_MA200_SSO_monthly_OOS,pre_tax
2019-07-01,RISK,BUY,14104.595028573407,15.575043810355778,219679.68549735713,109.83984274867856,0.0,SPY_MA200_SSO_monthly_OOS,pre_tax
2020-03-02,RISK,SELL,14104.595028573407,15.436006553204635,217718.62129135663,108.85931064567832,-2179.763359394856,SPY_MA200_SSO_monthly_OOS,pre_tax
2020-06-01,RISK,BUY,14820.927385645447,14.675263282487325,217501.0114749735,108.75050573748675,0.0,SPY_MA200_SSO_monthly_OOS,pre_tax
2022-03-01,RISK,SELL,14820.927385645447,29.635400614170223,439224.12054712937,219.61206027356468,221394.7465061448,SPY_MA200_SSO_monthly_OOS,pre_tax
2022-04-01,RISK,BUY,13645.68660713547,32.15559088829184,438785.11592889135,219.39255796444567,0.0,SPY_MA200_SSO_monthly_OOS,pre_tax
2022-05-02,RISK,SELL,13645.68660713547,26.382579479570605,360008.4114660637,180.00420573303185,-79176.10122652509,SPY_MA200_SSO_monthly_OOS,pre_tax
2022-12-01,RISK,BUY,14498.761702843245,24.805468931758373,359648.58296884625,179.82429148442313,0.0,SPY_MA200_SSO_monthly_OOS,pre_tax
2023-01-03,RISK,SELL,14498.761702843245,21.942644766542635,318141.17760024214,159.07058880012107,-41846.30024888867,SPY_MA200_SSO_monthly_OOS,pre_tax
2023-02-01,RISK,BUY,13125.000916997333,24.215098911127928,317823.1954137352,158.91159770686758,0.0,SPY_MA200_SSO_monthly_OOS,pre_tax
2023-11-01,RISK,SELL,13125.000916997333,24.88461812655356,326610.6357301439,163.30531786507197,8465.223400836869,SPY_MA200_SSO_monthly_OOS,pre_tax
2023-12-01,RISK,BUY,11164.833432248864,29.224277307682,326284.18831811985,163.14209415905992,0.0,SPY_MA200_SSO_monthly_OOS,pre_tax
2025-04-01,RISK,SELL,11164.833432248864,40.71270051197146,454550.5197931944,227.27525989659722,127875.91412101896,SPY_MA200_SSO_monthly_OOS,pre_tax
2025-06-02,RISK,BUY,10357.702465651042,43.84140188820704,454096.1964350803,227.04809821754017,0.0,SPY_MA200_SSO_monthly_OOS,pre_tax
2026-04-01,RISK,SELL,10357.702465651042,52.347155776245074,542196.2644534328,271.09813222671636,87601.92178790813,SPY_MA200_SSO_monthly_OOS,pre_tax
2026-05-01,RISK,BUY,8556.17997447345,63.30562713355779,541654.3391516303,270.82716957581516,0.0,SPY_MA200_SSO_monthly_OOS,pre_tax
2013-01-02,RISK,BUY,27323.080259336843,3.6580804228085277,99950.02498750626,49.97501249375313,0.0,SPY_MA200_SSO_monthly_OOS,after_tax
2015-09-01,RISK,SELL,27323.080259336843,6.626267773461516,181050.04619414624,90.52502309707312,80959.52117104914,SPY_MA200_SSO_monthly_OOS,after_tax
2015-11-02,RISK,BUY,21236.945024936733,7.742656915222327,164430.37925552277,82.21518962776139,0.0,SPY_MA200_SSO_monthly_OOS,after_tax
2016-01-04,RISK,SELL,21236.945024936733,7.20648781811078,153043.78561609492,76.52189280804745,-11545.330721863662,SPY_MA200_SSO_monthly_OOS,after_tax
2016-04-01,RISK,BUY,20461.982423244295,7.4719455403524195,152890.8183141298,76.4454091570649,0.0,SPY_MA200_SSO_monthly_OOS,after_tax
2018-11-01,RISK,SELL,20461.982423244295,13.243374467740427,270985.6955833469,135.49284779167346,117882.93901226833,SPY_MA200_SSO_monthly_OOS,after_tax
2018-12-03,RISK,BUY,17770.111367591726,14.019223114587883,249123.15603334282,124.56157801667142,0.0,SPY_MA200_SSO_monthly_OOS,after_tax
2019-01-02,RISK,SELL,17770.111367591726,10.809249178341002,192081.56169916896,96.04078084958448,-57262.19669304011,SPY_MA200_SSO_monthly_OOS,after_tax
2019-03-01,RISK,BUY,13799.363423750821,13.905683199848397,191889.57613025425,95.94478806512713,0.0,SPY_MA200_SSO_monthly_OOS,after_tax
2019-06-03,RISK,SELL,13799.363423750821,13.331679925472988,183968.69634072503,91.98434817036252,-8108.8089257647225,SPY_MA200_SSO_monthly_OOS,after_tax
2019-07-01,RISK,BUY,11799.955224560303,15.575043810355778,183784.81958276327,91.89240979138164,0.0,SPY_MA200_SSO_monthly_OOS,after_tax
2020-03-02,RISK,SELL,11799.955224560303,15.436006553204635,182144.1861738341,91.07209308691705,-1823.5979118074756,SPY_MA200_SSO_monthly_OOS,after_tax
2020-06-01,RISK,BUY,12399.241465833458,14.675263282487325,181962.13301424007,90.98106650712003,0.0,SPY_MA200_SSO_monthly_OOS,after_tax
2022-03-01,RISK,SELL,12399.241465833458,29.635400614170223,367456.48815180577,183.7282440759029,185219.64582698268,SPY_MA200_SSO_monthly_OOS,after_tax
2022-04-01,RISK,BUY,10670.754319273827,32.15559088829184,343124.41036004224,171.56220518002112,0.0,SPY_MA200_SSO_monthly_OOS,after_tax
2022-05-02,RISK,SELL,10670.754319273827,26.382579479570605,281522.02393521304,140.76101196760652,-61914.709641976806,SPY_MA200_SSO_monthly_OOS,after_tax
2022-12-01,RISK,BUY,11337.848253369357,24.805468931758373,281240.6426019445,140.62032130097225,0.0,SPY_MA200_SSO_monthly_OOS,after_tax
2023-01-03,RISK,SELL,11337.848253369357,21.942644766542635,248782.3766406497,124.39118832032484,-32723.27747091613,SPY_MA200_SSO_monthly_OOS,after_tax
2023-02-01,RISK,BUY,10263.584695861822,24.215098911127928,248533.71859303286,124.26685929651643,0.0,SPY_MA200_SSO_monthly_OOS,after_tax
2023-11-01,RISK,SELL,10263.584695861822,24.88461812655356,255405.3857660608,127.7026928830304,6619.6976208483975,SPY_MA200_SSO_monthly_OOS,after_tax
2023-12-01,RISK,BUY,8730.758517409035,29.224277307682,255150.1080191682,127.57505400958411,0.0,SPY_MA200_SSO_monthly_OOS,after_tax
2025-04-01,RISK,SELL,8730.758517409035,40.71270051197146,355452.756761618,177.72637838080902,99997.34731005944,SPY_MA200_SSO_monthly_OOS,after_tax
2025-06-02,RISK,BUY,8044.112118282097,43.84140188820704,352665.15221140184,176.33257610570092,0.0,SPY_MA200_SSO_monthly_OOS,after_tax
2026-04-01,RISK,SELL,8044.112118282097,52.347155776245074,421086.39013729367,210.54319506864684,68034.36215471744,SPY_MA200_SSO_monthly_OOS,after_tax
2026-05-01,RISK,BUY,6426.778456705321,63.30562713355779,406851.2406501691,203.42562032508454,0.0,SPY_MA200_SSO_monthly_OOS,after_tax
2013-01-02,RISK,BUY,27323.080259336843,3.6580804228085277,99950.02498750626,49.97501249375313,0.0,SPY_MA200_SSO_bimonthly_OOS,pre_tax
2015-09-01,RISK,SELL,27323.080259336843,6.626267773461516,181050.04619414624,90.52502309707312,80959.52117104914,SPY_MA200_SSO_bimonthly_OOS,pre_tax
2015-11-02,RISK,BUY,23360.080216410017,7.742656915222327,180869.0866277353,90.43454331386765,0.0,SPY_MA200_SSO_bimonthly_OOS,pre_tax
2016-01-04,RISK,SELL,23360.080216410017,7.20648781811078,168344.13350964943,84.17206675482471,-12699.559728154563,SPY_MA200_SSO_bimonthly_OOS,pre_tax
2016-05-02,RISK,BUY,21991.42837646742,7.64733743653064,168175.87350614154,84.08793675307076,0.0,SPY_MA200_SSO_bimonthly_OOS,pre_tax
2018-11-01,RISK,SELL,21991.42837646742,13.243374467740427,291240.7210700509,145.62036053502544,122835.13926662126,SPY_MA200_SSO_bimonthly_OOS,pre_tax
2019-03-01,RISK,BUY,20923.073085667562,13.905683199848397,290949.6258965676,145.4748129482838,0.0,SPY_MA200_SSO_bimonthly_OOS,pre_tax
2020-03-02,RISK,SELL,20923.073085667562,15.436006553204635,322968.693263544,161.484346631772,31712.108207396348,SPY_MA200_SSO_bimonthly_OOS,pre_tax
2020-07-01,RISK,BUY,21138.682580079516,15.263292059552349,322645.88597392524,161.32294298696263,0.0,SPY_MA200_SSO_bimonthly_OOS,pre_tax
2022-03-01,RISK,SELL,21138.682580079516,29.635400614170223,626453.3267164378,313.2266633582189,303332.89113616734,SPY_MA200_SSO_bimonthly_OOS,pre_tax
2023-03-01,RISK,BUY,27322.279772067595,22.90537948080204,625827.1864598497,312.91359322992486,0.0,SPY_MA200_SSO_bimonthly_OOS,pre_tax
2023-11-01,RISK,SELL,27322.279772067595,24.88461812655356,679904.4984747609,339.95224923738044,53424.44617244392,SPY_MA200_SSO_bimonthly_OOS,pre_tax
2024-01-02,RISK,BUY,21619.84390664077,31.41673624896121,679224.9337586443,339.61246687932214,0.0,SPY_MA200_SSO_bimonthly_OOS,pre_tax
2025-05-01,RISK,SELL,21619.84390664077,40.148345804981716,868000.9694135404,434.00048470677024,188002.42270331015,SPY_MA200_SSO_bimonthly_OOS,pre_tax
2025-07-01,RISK,BUY,17977.973323860973,48.23310095119738,867133.4022277199,433.56670111385995,0.0,SPY_MA200_SSO_bimonthly_OOS,pre_tax
2013-01-02,RISK,BUY,27323.080259336843,3.6580804228085277,99950.02498750626,49.97501249375313,0.0,SPY_MA200_SSO_bimonthly_OOS,after_tax
2015-09-01,RISK,SELL,27323.080259336843,6.626267773461516,181050.04619414624,90.52502309707312,80959.52117104914,SPY_MA200_SSO_bimonthly_OOS,after_tax
2015-11-02,RISK,BUY,21236.945024936733,7.742656915222327,164430.37925552277,82.21518962776139,0.0,SPY_MA200_SSO_bimonthly_OOS,after_tax
2016-01-04,RISK,SELL,21236.945024936733,7.20648781811078,153043.78561609492,76.52189280804745,-11545.330721863662,SPY_MA200_SSO_bimonthly_OOS,after_tax
2016-05-02,RISK,BUY,19992.68628892772,7.64733743653064,152890.8183141298,76.4454091570649,0.0,SPY_MA200_SSO_bimonthly_OOS,after_tax
2018-11-01,RISK,SELL,19992.68628892772,13.243374467740427,264770.6311403295,132.38531557016478,111670.9821014725,SPY_MA200_SSO_bimonthly_OOS,after_tax
2019-03-01,RISK,BUY,17559.41282580696,13.905683199848397,244175.63193102632,122.08781596551316,0.0,SPY_MA200_SSO_bimonthly_OOS,after_tax
2020-03-02,RISK,SELL,17559.41282580696,15.436006553204635,271047.2114495818,135.52360572479088,26613.968096865137,SPY_MA200_SSO_bimonthly_OOS,after_tax
2020-07-01,RISK,BUY,17386.313057665677,15.263292059552349,265372.37403795985,132.68618701897992,0.0,SPY_MA200_SSO_bimonthly_OOS,after_tax
2022-03-01,RISK,SELL,17386.313057665677,29.635400614170223,515250.35266730114,257.6251763336506,249487.66726598865,SPY_MA200_SSO_bimonthly_OOS,after_tax
2023-03-01,RISK,BUY,20260.623476691093,22.90537948080204,464077.26925125625,232.03863462562813,0.0,SPY_MA200_SSO_bimonthly_OOS,after_tax
2023-11-01,RISK,SELL,20260.623476691093,24.88461812655356,504177.87822334375,252.0889391116719,39616.48139835015,SPY_MA200_SSO_bimonthly_OOS,after_tax
2024-01-02,RISK,BUY,15775.982655151605,31.41673624896121,495629.88614508475,247.81494307254238,0.0,SPY_MA200_SSO_bimonthly_OOS,after_tax
2025-05-01,RISK,SELL,15775.982655151605,40.148345804981716,633379.6070524203,316.68980352621014,137185.2161607368,SPY_MA200_SSO_bimonthly_OOS,after_tax
2025-07-01,RISK,BUY,12540.999500538124,48.23310095119738,604891.2949383713,302.44564746918564,0.0,SPY_MA200_SSO_bimonthly_OOS,after_tax
2013-01-02,RISK,BUY,27323.080259336843,3.6580804228085277,99950.02498750626,49.97501249375313,0.0,SPY_MA200_SSO_quarterly_OOS,pre_tax
2015-10-01,RISK,SELL,27323.080259336843,6.602641012861533,180404.49031800477,90.20224515900239,80314.28807284574,SPY_MA200_SSO_quarterly_OOS,pre_tax
2016-04-01,RISK,BUY,24120.11369884167,7.4719455403524195,180224.17598485333,90.11208799242667,0.0,SPY_MA200_SSO_quarterly_OOS,pre_tax
2019-01-02,RISK,SELL,24120.11369884167,10.809249178341002,260720.31918069586,130.36015959034793,80275.67094825977,SPY_MA200_SSO_quarterly_OOS,pre_tax
2019-04-01,RISK,BUY,18094.692483004867,14.394261157030419,260459.72915652726,130.22986457826363,0.0,SPY_MA200_SSO_quarterly_OOS,pre_tax
2020-04-01,RISK,SELL,18094.692483004867,9.974667954092526,180488.54924938755,90.24427462469377,-80191.65404634265,SPY_MA200_SSO_quarterly_OOS,pre_tax
2020-07-01,RISK,BUY,11813.188805914875,15.263292059552349,180308.15089931322,90.15407544965662,0.0,SPY_MA200_SSO_quarterly_OOS,pre_tax
2022-07-01,RISK,SELL,11813.188805914875,21.777797193569835,257265.23002456356,128.63261501228178,76738.2924347884,SPY_MA200_SSO_quarterly_OOS,pre_tax
2023-04-03,RISK,BUY,10505.419045091368,24.46433524067336,257008.09336286984,128.50404668143491,0.0,SPY_MA200_SSO_quarterly_OOS,pre_tax
2025-04-01,RISK,SELL,10505.419045091368,40.71270051197146,427703.9793355661,213.85198966778307,170353.52993634704,SPY_MA200_SSO_quarterly_OOS,pre_tax
2025-07-01,RISK,BUY,8858.573897906113,48.23310095119738,427276.48910134763,213.63824455067382,0.0,SPY_MA200_SSO_quarterly_OOS,pre_tax
2026-04-01,RISK,SELL,8858.573897906113,52.347155776245074,463721.14778906986,231.86057389453492,35999.159869277035,SPY_MA200_SSO_quarterly_OOS,pre_tax
2026-07-01,RISK,BUY,6905.018388327842,67.08999633789062,463257.6583859824,231.6288291929912,0.0,SPY_MA200_SSO_quarterly_OOS,pre_tax
2013-01-02,RISK,BUY,27323.080259336843,3.6580804228085277,99950.02498750626,49.97501249375313,0.0,SPY_MA200_SSO_quarterly_OOS,after_tax
2015-10-01,RISK,SELL,27323.080259336843,6.602641012861533,180404.49031800477,90.20224515900239,80314.28807284574,SPY_MA200_SSO_quarterly_OOS,after_tax
2016-04-01,RISK,BUY,21937.590594645986,7.4719455403524195,163916.48220974227,81.95824110487114,0.0,SPY_MA200_SSO_quarterly_OOS,after_tax
2019-01-02,RISK,SELL,21937.590594645986,10.809249178341002,237128.8831099584,118.56444155497921,73011.87821755628,SPY_MA200_SSO_quarterly_OOS,after_tax
2019-04-01,RISK,BUY,15427.462356341342,14.394261157030419,222066.92214743316,111.03346107371658,0.0,SPY_MA200_SSO_quarterly_OOS,after_tax
2020-04-01,RISK,SELL,15427.462356341342,9.974667954092526,153883.81437876675,76.94190718938337,-68371.08313692949,SPY_MA200_SSO_quarterly_OOS,after_tax
2020-07-01,RISK,BUY,10071.87747361706,15.263292059552349,153730.00746784345,76.86500373392172,0.0,SPY_MA200_SSO_quarterly_OOS,after_tax
2022-07-01,RISK,SELL,10071.87747361706,21.777797193569835,219343.30497891686,109.67165248945844,65426.76085485003,SPY_MA200_SSO_quarterly_OOS,after_tax
2023-04-03,RISK,BUY,8956.878212103456,24.46433524067336,219124.071290782,109.562035645391,0.0,SPY_MA200_SSO_quarterly_OOS,after_tax
2025-04-01,RISK,SELL,8956.878212103456,40.71270051197146,364658.7001715704,182.32935008578522,145242.7374950572,SPY_MA200_SSO_quarterly_OOS,after_tax
2025-07-01,RISK,BUY,6953.746302495264,48.23310095119738,335400.7473972696,167.7003736986348,0.0,SPY_MA200_SSO_quarterly_OOS,after_tax
2026-04-01,RISK,SELL,6953.746302495264,52.347155776245074,364008.84092520777,182.0044204626039,28258.388733776985,SPY_MA200_SSO_quarterly_OOS,after_tax
2026-07-01,RISK,BUY,5334.732609542909,67.08999633789062,357907.1912378595,178.95359561892974,0.0,SPY_MA200_SSO_quarterly_OOS,after_tax
