strategy_id,strategy_label,frequency,tax_mode,cagr_minus_qqq,max_drawdown_minus_qqq,calmar_minus_qqq,sharpe_minus_qqq,sortino_minus_qqq,terminal_after_tax_cagr_minus_qqq,turnover_minus_qqq,qqq_dominance,qqq_benchmark_source_run_id
QQQ_BUY_HOLD,QQQ buy-and-hold,none,benchmark,0.0,0.0,0.0,0.0,0.0,0.0,0.0,False,20260914_phase7b_turnover_audit_final
QLD_BUY_HOLD,QLD buy-and-hold,none,benchmark,0.13447883000162109,-0.2856575825367612,-0.043720662485360884,-0.07578995385546539,-0.09915787482215332,0.1309164103028431,0.0,False,20260914_phase7b_turnover_audit_final
FIXED_MA200_QQQ_TO_QLD,Fixed MA200 QQQ signal → QLD/CASH,weekly,pre_tax,0.08914681052418932,-0.14035690084367808,0.019103842165860585,-0.045527653448066197,-0.21113136975111435,0.057079954835411006,1.6102409558900648,False,20260914_phase7b_turnover_audit_final
FIXED_MA200_QQQ_TO_QLD,Fixed MA200 QQQ signal → QLD/CASH,weekly,after_tax,0.043806659134777715,-0.14035690084367808,-0.07313639028691632,-0.16421544145289724,-0.3816771219195141,0.057079954835411006,1.6102409558900646,False,20260914_phase7b_turnover_audit_final
FIXED_MA200_QQQ_TO_QLD,Fixed MA200 QQQ signal → QLD/CASH,monthly,pre_tax,0.0798235920235571,-0.16596691857311596,-0.02800997397028948,-0.08878566151678535,-0.24135132260390413,0.0507308822028503,1.1710843315564108,False,20260914_phase7b_turnover_audit_final
FIXED_MA200_QQQ_TO_QLD,Fixed MA200 QQQ signal → QLD/CASH,monthly,after_tax,0.03457691058686099,-0.17659091098881352,-0.12461510415808841,-0.2004460097493841,-0.3904410749234185,0.0507308822028503,1.1710843315564108,False,20260914_phase7b_turnover_audit_final
FIXED_MA200_QQQ_TO_QLD,Fixed MA200 QQQ signal → QLD/CASH,bimonthly,pre_tax,0.12448385717117799,-0.16596691857311596,0.05834775744451948,-0.021825443583288195,-0.155123683404369,0.08894613540764748,0.7319277072227567,False,20260914_phase7b_turnover_audit_final
FIXED_MA200_QQQ_TO_QLD,Fixed MA200 QQQ signal → QLD/CASH,bimonthly,after_tax,0.07792662575595172,-0.16596691857311596,-0.03167806019636388,-0.12786680458610333,-0.30116093048692616,0.08894613540764748,0.7319277072227567,False,20260914_phase7b_turnover_audit_final
FIXED_MA200_QQQ_TO_QLD,Fixed MA200 QQQ signal → QLD/CASH,quarterly,pre_tax,0.006096654414113195,-0.16596691857311596,-0.1705727432478002,-0.26589776859007497,-0.4445580338784384,-0.011716648106803201,0.8783132486673081,False,20260914_phase7b_turnover_audit_final
FIXED_MA200_QQQ_TO_QLD,Fixed MA200 QQQ signal → QLD/CASH,quarterly,after_tax,-0.029678054960560807,-0.189796734221933,-0.2542185584398054,-0.3555318043223179,-0.5583292839078735,-0.011716648106803201,0.8783132486673081,False,20260914_phase7b_turnover_audit_final
PHASE7A_FIXED_FOUR_STATE,Phase 7A fixed four-state strategy,weekly,pre_tax,0.094156204470983,-0.14035690084367797,0.029294978453237253,-0.04597591143820845,-0.21285918398789416,0.060052360069063004,4.23282511433443,False,20260914_phase7b_turnover_audit_final
PHASE7A_FIXED_FOUR_STATE,Phase 7A fixed four-state strategy,weekly,after_tax,0.04679041742446599,-0.14035690084367808,-0.06706621738740481,-0.15736282183983297,-0.337481943178477,0.060052360069063004,4.238145732662698,False,20260914_phase7b_turnover_audit_final
PHASE7A_FIXED_FOUR_STATE,Phase 7A fixed four-state strategy,monthly,pre_tax,0.0810407912875919,-0.16596691857311596,-0.02565632544683405,-0.09941050808707375,-0.25553404184457496,0.049405034699833594,2.6882107735684126,False,20260914_phase7b_turnover_audit_final
PHASE7A_FIXED_FOUR_STATE,Phase 7A fixed four-state strategy,monthly,after_tax,0.03324907233157989,-0.16596691857311585,-0.1180692212461143,-0.20952873568668928,-0.3817995819376917,0.049405034699833594,2.68827503817139,False,20260914_phase7b_turnover_audit_final
PHASE7A_FIXED_FOUR_STATE,Phase 7A fixed four-state strategy,bimonthly,pre_tax,0.1281805272132408,-0.17948067312402383,0.04935741789900838,-0.029152526396516776,-0.16429789864835898,0.0892445593119797,1.6592188537094277,False,20260914_phase7b_turnover_audit_final
PHASE7A_FIXED_FOUR_STATE,Phase 7A fixed four-state strategy,bimonthly,after_tax,0.07682200251224952,-0.18156845245100695,-0.049464475373623196,-0.13772244463624628,-0.29296776505525657,0.0892445593119797,1.6591224022625333,False,20260914_phase7b_turnover_audit_final
PHASE7A_FIXED_FOUR_STATE,Phase 7A fixed four-state strategy,quarterly,pre_tax,-0.00013355974232420742,-0.20513668678012598,-0.2097706839515518,-0.29649634010284076,-0.4877172920945877,-0.01666028766218039,1.5752772776706632,False,20260914_phase7b_turnover_audit_final
PHASE7A_FIXED_FOUR_STATE,Phase 7A fixed four-state strategy,quarterly,after_tax,-0.03462187552906501,-0.20513668678012598,-0.2717639047680797,-0.3772011798884196,-0.5776301215848653,-0.01666028766218039,1.5716818591352535,False,20260914_phase7b_turnover_audit_final
PHASE7B_MODEL_A_SELECTED,Phase 7B Model A selected Walk-Forward,weekly,pre_tax,-0.1571211761516171,-0.14035690084367797,-0.4819049908562234,-0.6803089036477918,-1.0824187719705012,-0.1461232289528927,1.0979098544534107,False,20260914_phase7b_turnover_audit_final
PHASE7B_MODEL_A_SELECTED,Phase 7B Model A selected Walk-Forward,weekly,after_tax,-0.1641274698366604,-0.14035690084367797,-0.4961586300333466,-0.7097360441099678,-1.0993216342475134,-0.1461232289528927,1.0979098544534107,False,20260914_phase7b_turnover_audit_final
PHASE7B_MODEL_A_SELECTED,Phase 7B Model A selected Walk-Forward,monthly,pre_tax,-0.1995587275361434,0.351187300463749,,,,-0.1815544866523757,0.0,False,20260914_phase7b_turnover_audit_final
PHASE7B_MODEL_A_SELECTED,Phase 7B Model A selected Walk-Forward,monthly,after_tax,-0.1995587275361434,0.351187300463749,,,,-0.1815544866523757,0.0,False,20260914_phase7b_turnover_audit_final
PHASE7B_MODEL_A_SELECTED,Phase 7B Model A selected Walk-Forward,bimonthly,pre_tax,-0.1995587275361434,0.351187300463749,,,,-0.1815544866523757,0.0,False,20260914_phase7b_turnover_audit_final
PHASE7B_MODEL_A_SELECTED,Phase 7B Model A selected Walk-Forward,bimonthly,after_tax,-0.1995587275361434,0.351187300463749,,,,-0.1815544866523757,0.0,False,20260914_phase7b_turnover_audit_final
PHASE7B_MODEL_A_SELECTED,Phase 7B Model A selected Walk-Forward,quarterly,pre_tax,-0.1995587275361434,0.351187300463749,,,,-0.1815544866523757,0.0,False,20260914_phase7b_turnover_audit_final
PHASE7B_MODEL_A_SELECTED,Phase 7B Model A selected Walk-Forward,quarterly,after_tax,-0.1995587275361434,0.351187300463749,,,,-0.1815544866523757,0.0,False,20260914_phase7b_turnover_audit_final
PHASE7B_MODEL_B_SELECTED,Phase 7B Model B selected Walk-Forward,weekly,pre_tax,-0.1329909981540385,-0.14035690084367797,-0.43281443514750717,-0.5944643186502262,-0.9814863565933281,-0.1262905940423169,3.642803200870556,False,20260914_phase7b_turnover_audit_final
PHASE7B_MODEL_B_SELECTED,Phase 7B Model B selected Walk-Forward,weekly,after_tax,-0.1442948349260846,-0.14035690084367808,-0.4558110176358772,-0.6369871430396007,-1.0115722880164624,-0.1262905940423169,3.643812624465536,False,20260914_phase7b_turnover_audit_final
PHASE7B_MODEL_B_SELECTED,Phase 7B Model B selected Walk-Forward,monthly,pre_tax,-0.1453537410255923,-0.16596691857311596,-0.4634261897917788,-0.6419443599761789,-1.031025603515629,-0.1372077800042471,1.370358923334479,False,20260914_phase7b_turnover_audit_final
PHASE7B_MODEL_B_SELECTED,Phase 7B Model B selected Walk-Forward,monthly,after_tax,-0.1552120208880148,-0.16596691857311596,-0.4824887430873553,-0.678865634763387,-1.0550489659467668,-0.1372077800042471,1.36956895473911,False,20260914_phase7b_turnover_audit_final
PHASE7B_MODEL_B_SELECTED,Phase 7B Model B selected Walk-Forward,bimonthly,pre_tax,-0.0992968158977361,-0.17948067312402383,-0.3793048614034979,-0.4846123258326261,-0.9160445804876327,-0.0973813296043071,0.7799493190308153,False,20260914_phase7b_turnover_audit_final
PHASE7B_MODEL_B_SELECTED,Phase 7B Model B selected Walk-Forward,bimonthly,after_tax,-0.1153855704880748,-0.17948067312402383,-0.40962279161806303,-0.5410806856330879,-0.9567804079711999,-0.0973813296043071,0.7800689549898169,False,20260914_phase7b_turnover_audit_final
PHASE7B_MODEL_B_SELECTED,Phase 7B Model B selected Walk-Forward,quarterly,pre_tax,-0.1995587275361434,0.351187300463749,,,,-0.1815544866523757,0.0,False,20260914_phase7b_turnover_audit_final
PHASE7B_MODEL_B_SELECTED,Phase 7B Model B selected Walk-Forward,quarterly,after_tax,-0.1995587275361434,0.351187300463749,,,,-0.1815544866523757,0.0,False,20260914_phase7b_turnover_audit_final
