source_phase,source_run_id,artifact,relative_path,sha256
phase7a,20260913_phase7a_metrics_tax_audited_final,config_snapshot.yaml,reports/runs/20260913_phase7a_metrics_tax_audited_final/config_snapshot.yaml,43f9a48999eb8dd60e2c39aae7f8610aacf06cb7289a5e7cc7bf1db36d32d964
phase7a,20260913_phase7a_metrics_tax_audited_final,metrics_pre_tax.csv,reports/runs/20260913_phase7a_metrics_tax_audited_final/metrics_pre_tax.csv,94ad94415d55f6b20f0c44ec9bf5e6ce3597eac6bf2fd84f00a2ef6dbeebc4de
phase7a,20260913_phase7a_metrics_tax_audited_final,metrics_after_tax.csv,reports/runs/20260913_phase7a_metrics_tax_audited_final/metrics_after_tax.csv,5482c9c1313f744f100414dee53da822c2b77a98953c016f6c3c5974b8b03442
phase7a,20260913_phase7a_metrics_tax_audited_final,equity_curve.csv,reports/runs/20260913_phase7a_metrics_tax_audited_final/equity_curve.csv,836b8e14960752338cc8051adb342616402a23188747e8fe308022f8dc08359d
phase7a,20260913_phase7a_metrics_tax_audited_final,positions.csv,reports/runs/20260913_phase7a_metrics_tax_audited_final/positions.csv,e3ffcd95c648decb9b8e1bac48bbdfefeafe5c8594d477d1952c075862d533c8
phase7a,20260913_phase7a_metrics_tax_audited_final,trades.csv,reports/runs/20260913_phase7a_metrics_tax_audited_final/trades.csv,0e1da9c04712c8e0c7d115ce24235a603ae98ef03e6990b12db4c30f1adf08d8
phase7a,20260913_phase7a_metrics_tax_audited_final,tax_ledger.csv,reports/runs/20260913_phase7a_metrics_tax_audited_final/tax_ledger.csv,7ba3546765876629bc3217a4a1efa09d1a7cb189df0582398b1153ee65205301
phase7a,20260913_phase7a_metrics_tax_audited_final,state_decisions.csv,reports/runs/20260913_phase7a_metrics_tax_audited_final/state_decisions.csv,228529085687af082df26d8a3a5e42826facacbd3fec4395d1339cfbf56be6d0
phase7a,20260913_phase7a_metrics_tax_audited_final,execution_targets.csv,reports/runs/20260913_phase7a_metrics_tax_audited_final/execution_targets.csv,d48dc37826f711db427ad7c4e5338b9048037d506f4289cc729d6afb3609005e
phase7b,20260914_phase7b_turnover_audit_final,config_snapshot.yaml,reports/runs/20260914_phase7b_turnover_audit_final/config_snapshot.yaml,43f9a48999eb8dd60e2c39aae7f8610aacf06cb7289a5e7cc7bf1db36d32d964
phase7b,20260914_phase7b_turnover_audit_final,phase7b_stitched_oos_results.csv,reports/runs/20260914_phase7b_turnover_audit_final/phase7b_stitched_oos_results.csv,765ff383a3bef9fe2120347fe98a49e0d5e57b16ef44c1ed6a2934b93574ddd7
phase7b,20260914_phase7b_turnover_audit_final,metrics_pre_tax.csv,reports/runs/20260914_phase7b_turnover_audit_final/metrics_pre_tax.csv,53ee4e65fa939974936fbde0aaddc33b2b676dcaefcc7d9512dba74b4aee8dca
phase7b,20260914_phase7b_turnover_audit_final,metrics_after_tax.csv,reports/runs/20260914_phase7b_turnover_audit_final/metrics_after_tax.csv,6f32672c770a1f1d7a953c04203c2a071a0aa5ee76b87c9034b0bd679af07330
phase7b,20260914_phase7b_turnover_audit_final,equity_curve.csv,reports/runs/20260914_phase7b_turnover_audit_final/equity_curve.csv,c50093611649cfa379ba71498dcc58568a8ca4a6be780987a5287ad30f93cca0
phase7b,20260914_phase7b_turnover_audit_final,positions.csv,reports/runs/20260914_phase7b_turnover_audit_final/positions.csv,f56dfa8f629fbac46b27725c799da8fdc733715bb92d9310e5c7f3e3225e8013
phase7b,20260914_phase7b_turnover_audit_final,trades.csv,reports/runs/20260914_phase7b_turnover_audit_final/trades.csv,9a8e25ea5e79e291f06c7cf66b198bed1018d2bb231ddf7b83c2331a42d13b57
phase7b,20260914_phase7b_turnover_audit_final,tax_ledger.csv,reports/runs/20260914_phase7b_turnover_audit_final/tax_ledger.csv,c6faf011c00d82608a1a0572edfc2c6eb3255d924e8052b7c7466e465a3f7b5a
phase7b,20260914_phase7b_turnover_audit_final,stitched_execution_targets.csv,reports/runs/20260914_phase7b_turnover_audit_final/stitched_execution_targets.csv,22b2286504c82eccdc0471ce51bf60167adf95dee6f38137b156276b37b6504d
phase7b,20260914_phase7b_turnover_audit_final,selected_parameters_by_fold.csv,reports/runs/20260914_phase7b_turnover_audit_final/selected_parameters_by_fold.csv,d27b94dad477d3678c4113cef2895ed67318c1327b6b9bdb620dff277fe71725
fixed_ma200,20260914_oos_fixed_ma200_audit_final,config_snapshot.yaml,reports/runs/20260914_oos_fixed_ma200_audit_final/config_snapshot.yaml,43f9a48999eb8dd60e2c39aae7f8610aacf06cb7289a5e7cc7bf1db36d32d964
fixed_ma200,20260914_oos_fixed_ma200_audit_final,oos_results.csv,reports/runs/20260914_oos_fixed_ma200_audit_final/oos_results.csv,7a708abb3f5cc9699f4f1a9110d3e15b9b11c326f04fd45fa160de36f24dfac9
fixed_ma200,20260914_oos_fixed_ma200_audit_final,metrics_pre_tax.csv,reports/runs/20260914_oos_fixed_ma200_audit_final/metrics_pre_tax.csv,cfd18ecba3d41a2d0222466753af81cd2400cc7687edab447b410acce88f2d51
fixed_ma200,20260914_oos_fixed_ma200_audit_final,metrics_after_tax.csv,reports/runs/20260914_oos_fixed_ma200_audit_final/metrics_after_tax.csv,d1dd8a761576a5af6baa726c67595900000b3e84cd2a26b0a3181fa22bdd0e25
fixed_ma200,20260914_oos_fixed_ma200_audit_final,equity_curve.csv,reports/runs/20260914_oos_fixed_ma200_audit_final/equity_curve.csv,8eb1176e05b1a5bd3da75fefebc4b6f99255d7468f442c781832857cef8fc404
fixed_ma200,20260914_oos_fixed_ma200_audit_final,positions.csv,reports/runs/20260914_oos_fixed_ma200_audit_final/positions.csv,14fe3cc83160d13be49a3fe3542e5ab310d8b3dd0c8d1efddd66a601f67adbf0
fixed_ma200,20260914_oos_fixed_ma200_audit_final,trades.csv,reports/runs/20260914_oos_fixed_ma200_audit_final/trades.csv,36fa8cf1d9837bcaf1f0b01c91bf2378866806ecaa3586439c65478ccf9905f1
fixed_ma200,20260914_oos_fixed_ma200_audit_final,tax_ledger.csv,reports/runs/20260914_oos_fixed_ma200_audit_final/tax_ledger.csv,6ba2d9b423022ef59a11c5c445f8323b4bd3af6adfd484551086b3f4df80ff6c
fixed_ma200,20260914_oos_fixed_ma200_audit_final,oos_fold_metrics.csv,reports/runs/20260914_oos_fixed_ma200_audit_final/oos_fold_metrics.csv,2a3467938e6574e35aebdd2c32a4dff3cb74612981c8daf8e23cfc12514278e5
