strategy_id,strategy_label,source_phase,source_run_id,source_artifact,source_strategy,frequency,tax_mode,start_date,end_date,ending_value,cagr,max_drawdown,calmar,sharpe,sortino,ulcer_index,recovery_trading_days,annual_turnover,number_of_trades,mean_holding_period_days,median_holding_period_days,max_holding_period_days,transaction_costs,raw_tax_paid,invested_session_pct,cash_session_pct,source_terminal_liquidation_wealth,source_terminal_liquidation_tax,source_terminal_liquidation_cost,source_terminal_unrealized_gain_after_cost,source_after_tax_CAGR_tax_paid_to_date,source_after_tax_ending_value_terminal_liquidation,source_after_tax_CAGR_terminal_liquidation,source_cumulative_realized_tax_paid,realized_tax_paid,after_tax_CAGR_tax_paid_to_date,after_tax_ending_value_terminal_liquidation,after_tax_CAGR_terminal_liquidation
QQQ_BUY_HOLD,QQQ buy-and-hold,phase7b,20260914_phase7b_turnover_audit_final,phase7b_stitched_oos_results.csv,QQQ_BUY_HOLD,none,benchmark,2013-01-02,2026-08-31,1200509.8917711389,0.1995587275361434,-0.351187300463749,0.5682401592330436,0.978979692673286,1.2521140678226426,0.0910741210813266,278.0,0.0,1,,,,49.975012493753134,0.0,1.0,0.0,976462.9941042032,223446.6427210502,600.2549458855694,1099909.6368252533,0.1995587275361434,976462.9941042032,0.1815544866523757,0.0,0.0,0.1995587275361434,976462.9941042032,0.1815544866523757
QLD_BUY_HOLD,QLD buy-and-hold,phase7b,20260914_phase7b_turnover_audit_final,phase7b_stitched_oos_results.csv,QLD_BUY_HOLD,none,benchmark,2013-01-02,2026-08-31,5124927.251093246,0.3340375575377645,-0.6368448830005102,0.5245194967476827,0.9031897388178206,1.1529561930004892,0.191339029509185,353.0,0.0,1,,,,49.975012493753134,0.0,1.0,0.0,4102071.380893637,1020293.4065740632,2562.463625546623,5022364.7874677,0.3340375575377645,4102071.380893637,0.3124708969552188,0.0,0.0,0.3340375575377645,4102071.380893637,0.3124708969552188
FIXED_MA200_QQQ_TO_QLD,Fixed MA200 QQQ signal → QLD/CASH,fixed_ma200,20260914_oos_fixed_ma200_audit_final,oos_results.csv,QQQ_MA200_QLD_weekly_OOS,weekly,pre_tax,2013-01-02,2026-08-31,3195983.088569843,0.2887055380603327,-0.4915442013074271,0.5873440013989042,0.9334520392252198,1.0409826980715282,0.1656303941824654,113.0,1.6102409558900648,23,254.63636363636363,211.0,662.0,8150.938509827835,0.0,0.8437136204889406,0.15628637951105936,,,,,,,,0.0,0.0,0.2433653866709211,1860044.343050618,0.2386344414877867
FIXED_MA200_QQQ_TO_QLD,Fixed MA200 QQQ signal → QLD/CASH,fixed_ma200,20260914_oos_fixed_ma200_audit_final,oos_results.csv,QQQ_MA200_QLD_weekly_OOS,weekly,after_tax,2013-01-02,2026-08-31,1959465.65990486,0.2433653866709211,-0.4915442013074271,0.4951037689461273,0.8147642512203888,0.8704369459031285,0.2064954826536446,113.0,1.6102409558900646,23,254.63636363636363,211.0,662.0,5861.177501005109,350266.4642793222,0.8437136204889406,0.15628637951105936,1860044.343050618,98441.5840242894,979.73282995243,484575.8504764431,0.2433653866709211,1860044.343050618,0.2386344414877867,350266.4642793222,350266.4642793222,0.2433653866709211,1860044.343050618,0.2386344414877867
FIXED_MA200_QQQ_TO_QLD,Fixed MA200 QQQ signal → QLD/CASH,fixed_ma200,20260914_oos_fixed_ma200_audit_final,oos_results.csv,QQQ_MA200_QLD_monthly_OOS,monthly,pre_tax,2013-01-02,2026-08-31,2894225.921302085,0.2793823195597005,-0.517154219036865,0.5402301852627541,0.8901940311565006,1.0107627452187384,0.1548537299186674,110.0,1.1710843315564108,17,353.875,358.0,671.0,7281.567258123298,0.0,0.8483701979045402,0.15162980209545984,,,,,,,,0.0,0.0,0.2341356381230044,1733955.780944371,0.232285368855226
FIXED_MA200_QQQ_TO_QLD,Fixed MA200 QQQ signal → QLD/CASH,fixed_ma200,20260914_oos_fixed_ma200_audit_final,oos_results.csv,QQQ_MA200_QLD_monthly_OOS,monthly,after_tax,2013-01-02,2026-08-31,1769857.633320696,0.2341356381230044,-0.5277782114525625,0.4436250550749552,0.7785336829239019,0.861672992899224,0.1970869576319124,338.0,1.1710843315564108,17,353.875,358.0,671.0,5127.799112943163,381545.9388345738,0.8483701979045402,0.15162980209545984,1733955.780944371,35016.92355966473,884.928816660348,172369.79354991252,0.2341356381230044,1733955.780944371,0.232285368855226,381545.9388345738,381545.9388345738,0.2341356381230044,1733955.780944371,0.232285368855226
FIXED_MA200_QQQ_TO_QLD,Fixed MA200 QQQ signal → QLD/CASH,fixed_ma200,20260914_oos_fixed_ma200_audit_final,oos_results.csv,QQQ_MA200_QLD_bimonthly_OOS,bimonthly,pre_tax,2013-01-02,2026-08-31,4624614.666887557,0.3240425847073214,-0.517154219036865,0.6265879166775631,0.9571542490899978,1.0969903844182736,0.155481406376271,71.0,0.7319277072227567,11,528.2,589.0,756.0,5240.387007301004,0.0,0.8541909196740396,0.14580908032596043,,,,,,,,0.0,0.0,0.2774853532920951,2631523.2905174694,0.2705006220600232
FIXED_MA200_QQQ_TO_QLD,Fixed MA200 QQQ signal → QLD/CASH,fixed_ma200,20260914_oos_fixed_ma200_audit_final,oos_results.csv,QQQ_MA200_QLD_bimonthly_OOS,bimonthly,after_tax,2013-01-02,2026-08-31,2836157.035227638,0.2774853532920951,-0.517154219036865,0.5365620990366797,0.8511128880871827,0.9509531373357164,0.2003405794280776,71.0,0.7319277072227567,11,528.2,589.0,756.0,3752.050575793168,442174.2521968832,0.8541909196740396,0.14580908032596043,2631523.2905174694,203215.666192555,1418.078517613819,1000323.2399338174,0.2774853532920951,2631523.2905174694,0.2705006220600232,442174.2521968832,442174.2521968832,0.2774853532920951,2631523.2905174694,0.2705006220600232
FIXED_MA200_QQQ_TO_QLD,Fixed MA200 QQQ signal → QLD/CASH,fixed_ma200,20260914_oos_fixed_ma200_audit_final,oos_results.csv,QQQ_MA200_QLD_quarterly_OOS,quarterly,pre_tax,2013-01-02,2026-08-31,1286585.6849092103,0.2056553819502566,-0.517154219036865,0.3976674159852434,0.713081924083211,0.8075560339442042,0.1817643837068876,267.0,0.8783132486673081,13,471.6666666666667,471.0,754.0,4367.591201681437,0.0,0.8361466821885913,0.1638533178114086,,,,,,,,0.0,0.0,0.1698806725755826,852192.7296679597,0.1698378385455725
FIXED_MA200_QQQ_TO_QLD,Fixed MA200 QQQ signal → QLD/CASH,fixed_ma200,20260914_oos_fixed_ma200_audit_final,oos_results.csv,QQQ_MA200_QLD_quarterly_OOS,quarterly,after_tax,2013-01-02,2026-08-31,852619.0391875535,0.1698806725755826,-0.540984034685682,0.3140216007932382,0.6234478883509681,0.693784783914769,0.2204407148850128,318.0,0.8783132486673081,13,471.6666666666667,471.0,754.0,3237.750904003773,203285.19216208084,0.8361466821885913,0.1638533178114086,852192.7296679597,0.0,426.3095195937767,-45187.55767811055,0.1698806725755826,852192.7296679597,0.1698378385455725,203285.19216208084,203285.19216208084,0.1698806725755826,852192.7296679597,0.1698378385455725
PHASE7A_FIXED_FOUR_STATE,Phase 7A fixed four-state strategy,phase7a,20260913_phase7a_metrics_tax_audited_final,metrics_pre_tax.csv + metrics_after_tax.csv,PHASE7A_weekly,weekly,pre_tax,2013-01-02,2026-08-31,3369913.069968776,0.2937149320071264,-0.491544201307427,0.5975351376862809,0.9330037812350775,1.0392548838347484,0.1738559293785204,113.0,4.23282511433443,715,80.79245283018868,29.0,662.0,24679.176395236445,0.0,0.8437136204889406,0.15628637951105936,,,,,,,,0.0,0.0,0.2463491449606094,1921948.4524224317,0.2416068467214387
PHASE7A_FIXED_FOUR_STATE,Phase 7A fixed four-state strategy,phase7a,20260913_phase7a_metrics_tax_audited_final,metrics_pre_tax.csv + metrics_after_tax.csv,PHASE7A_weekly,weekly,after_tax,2013-01-02,2026-08-31,2024678.608711297,0.2463491449606094,-0.4915442013074271,0.5011739418456388,0.821616870833453,0.9146321246441655,0.1854568265469694,113.0,4.238145732662698,715,80.79245283018868,29.0,662.0,17335.97913272432,362772.1473872192,0.8437136204889406,0.15628637951105936,1921948.4524224317,101717.81698450976,1012.3393043556484,500703.012476051,0.2463491449606094,1921948.4524224317,0.2416068467214387,362772.1473872192,362772.1473872192,0.2463491449606094,1921948.4524224317,0.2416068467214387
PHASE7A_FIXED_FOUR_STATE,Phase 7A fixed four-state strategy,phase7a,20260913_phase7a_metrics_tax_audited_final,metrics_pre_tax.csv + metrics_after_tax.csv,PHASE7A_monthly,monthly,pre_tax,2013-01-02,2026-08-31,2932064.4400988813,0.2805995188237353,-0.517154219036865,0.5425838337862096,0.8795691845862122,0.9965800259780676,0.1632676958656876,110.0,2.6882107735684126,211,121.44444444444444,43.0,671.0,16684.81289451728,0.0,0.8483701979045402,0.15162980209545984,,,,,,,,0.0,0.0,0.2328077998677233,1708646.0067321716,0.2309595213522093
PHASE7A_FIXED_FOUR_STATE,Phase 7A fixed four-state strategy,phase7a,20260913_phase7a_metrics_tax_audited_final,metrics_pre_tax.csv + metrics_after_tax.csv,PHASE7A_monthly,monthly,after_tax,2013-01-02,2026-08-31,1744023.815884655,0.2328077998677233,-0.5171542190368649,0.4501709379869293,0.7694509569865967,0.8703144858849509,0.1838747659143257,110.0,2.68827503817139,211,121.44444444444444,43.0,671.0,11510.838727089047,375604.55761225655,0.8483701979045402,0.15162980209545984,1708646.0067321716,34505.79724454136,872.0119079423276,169853.78904524422,0.2328077998677233,1708646.0067321716,0.2309595213522093,375604.55761225655,375604.55761225655,0.2328077998677233,1708646.0067321716,0.2309595213522093
PHASE7A_FIXED_FOUR_STATE,Phase 7A fixed four-state strategy,phase7a,20260913_phase7a_metrics_tax_audited_final,metrics_pre_tax.csv + metrics_after_tax.csv,PHASE7A_bimonthly,bimonthly,pre_tax,2013-01-02,2026-08-31,4804128.440633415,0.3277392547493842,-0.5306679735877728,0.617597577132052,0.9498271662767692,1.0878161691742836,0.1632189577404268,73.0,1.6592188537094277,107,184.77272727272728,84.5,756.0,14186.742264064547,0.0,0.8541909196740396,0.14580908032596043,,,,,,,,0.0,0.0,0.2763807300483929,2639978.7071637358,0.2707990459643554
PHASE7A_FIXED_FOUR_STATE,Phase 7A fixed four-state strategy,phase7a,20260913_phase7a_metrics_tax_audited_final,metrics_pre_tax.csv + metrics_after_tax.csv,PHASE7A_bimonthly,bimonthly,after_tax,2013-01-02,2026-08-31,2802842.30092145,0.2763807300483929,-0.532755752914756,0.5187756838594204,0.8412572480370397,0.959146302767386,0.1864369754443821,73.0,1.6591224022625333,107,184.77272727272728,84.5,756.0,9590.352130968244,486083.3809603089,0.8541909196740396,0.14580908032596043,2639978.7071637358,161462.17260725357,1401.421150460725,850900.7179941162,0.2763807300483929,2639978.7071637358,0.2707990459643554,486083.3809603089,486083.3809603089,0.2763807300483929,2639978.7071637358,0.2707990459643554
PHASE7A_FIXED_FOUR_STATE,Phase 7A fixed four-state strategy,phase7a,20260913_phase7a_metrics_tax_audited_final,metrics_pre_tax.csv + metrics_after_tax.csv,PHASE7A_quarterly,quarterly,pre_tax,2013-01-02,2026-08-31,1198685.4204534946,0.1994251677938192,-0.556323987243875,0.3584694752814918,0.6824833525704452,0.7643967757280549,0.1965520223956359,320.0,1.5752772776706632,87,238.31578947368425,126.0,754.0,7389.522915566721,0.0,0.8361466821885913,0.1638533178114086,,,,,,,,0.0,0.0,0.1649368520070784,804296.510678018,0.1648941989901953
PHASE7A_FIXED_FOUR_STATE,Phase 7A fixed four-state strategy,phase7a,20260913_phase7a_metrics_tax_audited_final,metrics_pre_tax.csv + metrics_after_tax.csv,PHASE7A_quarterly,quarterly,after_tax,2013-01-02,2026-08-31,804698.860108072,0.1649368520070784,-0.556323987243875,0.2964762544649639,0.6017785127848664,0.6744839462377773,0.2145192161799443,320.0,1.5716818591352535,87,238.31578947368425,126.0,754.0,5560.313880515897,190426.9920343307,0.8361466821885913,0.1638533178114086,804296.510678018,0.0,402.349430054036,-42647.85851989943,0.1649368520070784,804296.510678018,0.1648941989901953,190426.9920343307,190426.9920343307,0.1649368520070784,804296.510678018,0.1648941989901953
PHASE7B_MODEL_A_SELECTED,Phase 7B Model A selected Walk-Forward,phase7b,20260914_phase7b_turnover_audit_final,phase7b_stitched_oos_results.csv,MODEL_A_QLD_TREND_weekly,weekly,pre_tax,2013-01-02,2026-08-31,176420.1070078797,0.0424375513845263,-0.491544201307427,0.0863351683768202,0.2986707890254941,0.1696952958521414,0.1636487284721779,113.0,1.0979098544534107,16,110.625,116.5,208.0,724.3310169642754,0.0,0.2575669383003492,0.7424330616996507,,,,,,,,0.0,0.0,0.035431257699483,160895.36226922896,0.035431257699483
PHASE7B_MODEL_A_SELECTED,Phase 7B Model A selected Walk-Forward,phase7b,20260914_phase7b_turnover_audit_final,phase7b_stitched_oos_results.csv,MODEL_A_QLD_TREND_weekly,weekly,after_tax,2013-01-02,2026-08-31,160895.36226922896,0.035431257699483,-0.491544201307427,0.072081529199697,0.2692436485633181,0.1527924335751291,0.1714805331468564,113.0,1.0979098544534107,16,110.625,116.5,208.0,724.3310169642754,15524.744738650745,0.2575669383003492,0.7424330616996507,160895.36226922896,0.0,0.0,0.0,0.035431257699483,160895.36226922896,0.035431257699483,15524.744738650745,15524.744738650745,0.035431257699483,160895.36226922896,0.035431257699483
PHASE7B_MODEL_A_SELECTED,Phase 7B Model A selected Walk-Forward,phase7b,20260914_phase7b_turnover_audit_final,phase7b_stitched_oos_results.csv,MODEL_A_QLD_TREND_monthly,monthly,pre_tax,2013-01-02,2026-08-31,100000.0,0.0,0.0,,,,0.0,,0.0,0,,,,0.0,0.0,0.0,1.0,,,,,,,,0.0,0.0,0.0,100000.0,0.0
PHASE7B_MODEL_A_SELECTED,Phase 7B Model A selected Walk-Forward,phase7b,20260914_phase7b_turnover_audit_final,phase7b_stitched_oos_results.csv,MODEL_A_QLD_TREND_monthly,monthly,after_tax,2013-01-02,2026-08-31,100000.0,0.0,0.0,,,,0.0,,0.0,0,,,,0.0,0.0,0.0,1.0,100000.0,0.0,0.0,0.0,0.0,100000.0,0.0,0.0,0.0,0.0,100000.0,0.0
PHASE7B_MODEL_A_SELECTED,Phase 7B Model A selected Walk-Forward,phase7b,20260914_phase7b_turnover_audit_final,phase7b_stitched_oos_results.csv,MODEL_A_QLD_TREND_bimonthly,bimonthly,pre_tax,2013-01-02,2026-08-31,100000.0,0.0,0.0,,,,0.0,,0.0,0,,,,0.0,0.0,0.0,1.0,,,,,,,,0.0,0.0,0.0,100000.0,0.0
PHASE7B_MODEL_A_SELECTED,Phase 7B Model A selected Walk-Forward,phase7b,20260914_phase7b_turnover_audit_final,phase7b_stitched_oos_results.csv,MODEL_A_QLD_TREND_bimonthly,bimonthly,after_tax,2013-01-02,2026-08-31,100000.0,0.0,0.0,,,,0.0,,0.0,0,,,,0.0,0.0,0.0,1.0,100000.0,0.0,0.0,0.0,0.0,100000.0,0.0,0.0,0.0,0.0,100000.0,0.0
PHASE7B_MODEL_A_SELECTED,Phase 7B Model A selected Walk-Forward,phase7b,20260914_phase7b_turnover_audit_final,phase7b_stitched_oos_results.csv,MODEL_A_QLD_TREND_quarterly,quarterly,pre_tax,2013-01-02,2026-08-31,100000.0,0.0,0.0,,,,0.0,,0.0,0,,,,0.0,0.0,0.0,1.0,,,,,,,,0.0,0.0,0.0,100000.0,0.0
PHASE7B_MODEL_A_SELECTED,Phase 7B Model A selected Walk-Forward,phase7b,20260914_phase7b_turnover_audit_final,phase7b_stitched_oos_results.csv,MODEL_A_QLD_TREND_quarterly,quarterly,after_tax,2013-01-02,2026-08-31,100000.0,0.0,0.0,,,,0.0,,0.0,0,,,,0.0,0.0,0.0,1.0,100000.0,0.0,0.0,0.0,0.0,100000.0,0.0,0.0,0.0,0.0,100000.0,0.0
PHASE7B_MODEL_B_SELECTED,Phase 7B Model B selected Walk-Forward,phase7b,20260914_phase7b_turnover_audit_final,phase7b_stitched_oos_results.csv,MODEL_B_FOUR_STATE_weekly,weekly,pre_tax,2013-01-02,2026-08-31,241155.92858642736,0.0665677293821049,-0.491544201307427,0.1354257240855364,0.3845153740230598,0.2706277112293145,0.1879199650359933,113.0,3.642803200870556,294,45.21951219512195,20.0,411.0,3065.911659971397,0.0,0.3838766006984866,0.6161233993015134,,,,,,,,0.0,0.0,0.0552638926100588,208493.33847567855,0.0552638926100588
PHASE7B_MODEL_B_SELECTED,Phase 7B Model B selected Walk-Forward,phase7b,20260914_phase7b_turnover_audit_final,phase7b_stitched_oos_results.csv,MODEL_B_FOUR_STATE_weekly,weekly,after_tax,2013-01-02,2026-08-31,208493.33847567855,0.0552638926100588,-0.4915442013074271,0.1124291415971664,0.3419925496336853,0.2405417798061803,0.1956693941793015,113.0,3.643812624465536,294,45.21951219512195,20.0,411.0,2915.88045778155,27659.436169082863,0.3838766006984866,0.6161233993015134,208493.33847567855,0.0,0.0,-4.4156984602380287e-11,0.0552638926100588,208493.33847567855,0.0552638926100588,27659.436169082863,27659.436169082863,0.0552638926100588,208493.33847567855,0.0552638926100588
PHASE7B_MODEL_B_SELECTED,Phase 7B Model B selected Walk-Forward,phase7b,20260914_phase7b_turnover_audit_final,phase7b_stitched_oos_results.csv,MODEL_B_FOUR_STATE_monthly,monthly,pre_tax,2013-01-02,2026-08-31,205653.7497078549,0.0542049865105511,-0.517154219036865,0.1048139694412648,0.337035332697107,0.2210884643070134,0.1646419997835231,110.0,1.370358923334479,84,93.72222222222224,42.0,419.0,1278.3890995614229,0.0,0.3189755529685681,0.681024447031432,,,,,,,,0.0,0.0,0.0443467066481286,180884.92359253223,0.0443467066481286
PHASE7B_MODEL_B_SELECTED,Phase 7B Model B selected Walk-Forward,phase7b,20260914_phase7b_turnover_audit_final,phase7b_stitched_oos_results.csv,MODEL_B_FOUR_STATE_monthly,monthly,after_tax,2013-01-02,2026-08-31,180884.92359253223,0.0443467066481286,-0.517154219036865,0.0857514161456883,0.300114057909899,0.1970651018758758,0.1746420057872408,110.0,1.36956895473911,84,93.72222222222224,42.0,419.0,1218.8369719709794,20620.91011836961,0.3189755529685681,0.681024447031432,180884.92359253223,0.0,0.0,-1.3961605602305649e-11,0.0443467066481286,180884.92359253223,0.0443467066481286,20620.91011836961,20620.91011836961,0.0443467066481286,180884.92359253223,0.0443467066481286
PHASE7B_MODEL_B_SELECTED,Phase 7B Model B selected Walk-Forward,phase7b,20260914_phase7b_turnover_audit_final,phase7b_stitched_oos_results.csv,MODEL_B_FOUR_STATE_bimonthly,bimonthly,pre_tax,2013-01-02,2026-08-31,368808.2710305418,0.1002619116384073,-0.5306679735877728,0.1889352978295457,0.4943673668406599,0.3360694873350098,0.1462744744373689,73.0,0.7799493190308153,45,143.41666666666666,83.0,465.0,892.9329143910902,0.0,0.3309080325960419,0.669091967403958,,,,,,,,0.0,0.0,0.0841731570480686,301590.2482893787,0.0841731570480686
PHASE7B_MODEL_B_SELECTED,Phase 7B Model B selected Walk-Forward,phase7b,20260914_phase7b_turnover_audit_final,phase7b_stitched_oos_results.csv,MODEL_B_FOUR_STATE_bimonthly,bimonthly,after_tax,2013-01-02,2026-08-31,301590.2482893787,0.0841731570480686,-0.5306679735877728,0.1586173676149806,0.4378990070401982,0.2953336598514427,0.1718154668149017,73.0,0.7800689549898169,45,143.41666666666666,83.0,465.0,852.1632918858472,51393.68631484874,0.3309080325960419,0.669091967403958,301590.2482893787,0.0,0.0,-1.6379512160867412e-11,0.0841731570480686,301590.2482893787,0.0841731570480686,51393.68631484874,51393.68631484874,0.0841731570480686,301590.2482893787,0.0841731570480686
PHASE7B_MODEL_B_SELECTED,Phase 7B Model B selected Walk-Forward,phase7b,20260914_phase7b_turnover_audit_final,phase7b_stitched_oos_results.csv,MODEL_B_FOUR_STATE_quarterly,quarterly,pre_tax,2013-01-02,2026-08-31,100000.0,0.0,0.0,,,,0.0,,0.0,0,,,,0.0,0.0,0.0,1.0,,,,,,,,0.0,0.0,0.0,100000.0,0.0
PHASE7B_MODEL_B_SELECTED,Phase 7B Model B selected Walk-Forward,phase7b,20260914_phase7b_turnover_audit_final,phase7b_stitched_oos_results.csv,MODEL_B_FOUR_STATE_quarterly,quarterly,after_tax,2013-01-02,2026-08-31,100000.0,0.0,0.0,,,,0.0,,0.0,0,,,,0.0,0.0,0.0,1.0,100000.0,0.0,0.0,0.0,0.0,100000.0,0.0,0.0,0.0,0.0,100000.0,0.0
