path_id,strategy_id,frequency,tax_mode,path_role,evaluation_start,evaluation_end,sample_length_T,observed_sharpe,observed_path_skewness,observed_path_excess_kurtosis,observed_path_kurtosis,trial_count_basis,raw_trial_count,comparable_trial_count,cross_trial_mean_sharpe,cross_trial_sharpe_variance,cross_trial_sharpe_std,effective_path_count_sensitivity,effective_path_count_role,sr_star,observed_path_sampling_se,dsr_test_statistic,dsr_probability,cross_trial_variance_source,status,exclusion_reason,selection_performed
QQQ_BUY_HOLD__none,QQQ_BUY_HOLD,none,benchmark,QQQ reference,2013-01-02,2026-08-31,3436,0.9789796926732812,-0.20473631290266328,7.8376041143049395,10.83760411430494,strict_selection_trials,2800,0,,,,2.5203440927310954,descriptive_only; not a substitute for historical trial Sharpe dispersion,,0.03218182370918289,,,not estimated,DSR_NOT_IDENTIFIABLE_FROM_FROZEN_ARTIFACTS,No single accepted historical Sharpe distribution is available on the target 2013-01-02..2026-08-31 calendar. Raw research counts cannot substitute for cross-trial Sharpe dispersion; SR_star and DSR are therefore not identifiable.,False
QQQ_BUY_HOLD__none,QQQ_BUY_HOLD,none,benchmark,QQQ reference,2013-01-02,2026-08-31,3436,0.9789796926732812,-0.20473631290266328,7.8376041143049395,10.83760411430494,conservative_research_trials,4164,0,,,,2.5203440927310954,descriptive_only; not a substitute for historical trial Sharpe dispersion,,0.03218182370918289,,,not estimated,DSR_NOT_IDENTIFIABLE_FROM_FROZEN_ARTIFACTS,No single accepted historical Sharpe distribution is available on the target 2013-01-02..2026-08-31 calendar. Raw research counts cannot substitute for cross-trial Sharpe dispersion; SR_star and DSR are therefore not identifiable.,False
FIXED_MA200_QQQ_TO_QLD__weekly,FIXED_MA200_QQQ_TO_QLD,weekly,pre_tax,accepted final pre-tax OOS path,2013-01-02,2026-08-31,3436,0.9334520392252172,-0.860124129338249,10.343074764546973,13.343074764546973,strict_selection_trials,2800,0,,,,2.5203440927310954,descriptive_only; not a substitute for historical trial Sharpe dispersion,,0.03616079172224591,,,not estimated,DSR_NOT_IDENTIFIABLE_FROM_FROZEN_ARTIFACTS,No single accepted historical Sharpe distribution is available on the target 2013-01-02..2026-08-31 calendar. Raw research counts cannot substitute for cross-trial Sharpe dispersion; SR_star and DSR are therefore not identifiable.,False
FIXED_MA200_QQQ_TO_QLD__weekly,FIXED_MA200_QQQ_TO_QLD,weekly,pre_tax,accepted final pre-tax OOS path,2013-01-02,2026-08-31,3436,0.9334520392252172,-0.860124129338249,10.343074764546973,13.343074764546973,conservative_research_trials,4164,0,,,,2.5203440927310954,descriptive_only; not a substitute for historical trial Sharpe dispersion,,0.03616079172224591,,,not estimated,DSR_NOT_IDENTIFIABLE_FROM_FROZEN_ARTIFACTS,No single accepted historical Sharpe distribution is available on the target 2013-01-02..2026-08-31 calendar. Raw research counts cannot substitute for cross-trial Sharpe dispersion; SR_star and DSR are therefore not identifiable.,False
FIXED_MA200_QQQ_TO_QLD__monthly,FIXED_MA200_QQQ_TO_QLD,monthly,pre_tax,accepted final pre-tax OOS path,2013-01-02,2026-08-31,3436,0.8901940311564981,-0.6581383838921967,11.408576153686976,14.408576153686976,strict_selection_trials,2800,0,,,,2.5203440927310954,descriptive_only; not a substitute for historical trial Sharpe dispersion,,0.03514272015253437,,,not estimated,DSR_NOT_IDENTIFIABLE_FROM_FROZEN_ARTIFACTS,No single accepted historical Sharpe distribution is available on the target 2013-01-02..2026-08-31 calendar. Raw research counts cannot substitute for cross-trial Sharpe dispersion; SR_star and DSR are therefore not identifiable.,False
FIXED_MA200_QQQ_TO_QLD__monthly,FIXED_MA200_QQQ_TO_QLD,monthly,pre_tax,accepted final pre-tax OOS path,2013-01-02,2026-08-31,3436,0.8901940311564981,-0.6581383838921967,11.408576153686976,14.408576153686976,conservative_research_trials,4164,0,,,,2.5203440927310954,descriptive_only; not a substitute for historical trial Sharpe dispersion,,0.03514272015253437,,,not estimated,DSR_NOT_IDENTIFIABLE_FROM_FROZEN_ARTIFACTS,No single accepted historical Sharpe distribution is available on the target 2013-01-02..2026-08-31 calendar. Raw research counts cannot substitute for cross-trial Sharpe dispersion; SR_star and DSR are therefore not identifiable.,False
FIXED_MA200_QQQ_TO_QLD__bimonthly,FIXED_MA200_QQQ_TO_QLD,bimonthly,pre_tax,accepted final pre-tax OOS path,2013-01-02,2026-08-31,3436,0.9571542490899945,-0.30061072235771713,13.054974793680316,16.054974793680316,strict_selection_trials,2800,0,,,,2.5203440927310954,descriptive_only; not a substitute for historical trial Sharpe dispersion,,0.0371309614435028,,,not estimated,DSR_NOT_IDENTIFIABLE_FROM_FROZEN_ARTIFACTS,No single accepted historical Sharpe distribution is available on the target 2013-01-02..2026-08-31 calendar. Raw research counts cannot substitute for cross-trial Sharpe dispersion; SR_star and DSR are therefore not identifiable.,False
FIXED_MA200_QQQ_TO_QLD__bimonthly,FIXED_MA200_QQQ_TO_QLD,bimonthly,pre_tax,accepted final pre-tax OOS path,2013-01-02,2026-08-31,3436,0.9571542490899945,-0.30061072235771713,13.054974793680316,16.054974793680316,conservative_research_trials,4164,0,,,,2.5203440927310954,descriptive_only; not a substitute for historical trial Sharpe dispersion,,0.0371309614435028,,,not estimated,DSR_NOT_IDENTIFIABLE_FROM_FROZEN_ARTIFACTS,No single accepted historical Sharpe distribution is available on the target 2013-01-02..2026-08-31 calendar. Raw research counts cannot substitute for cross-trial Sharpe dispersion; SR_star and DSR are therefore not identifiable.,False
FIXED_MA200_QQQ_TO_QLD__quarterly,FIXED_MA200_QQQ_TO_QLD,quarterly,pre_tax,accepted final pre-tax OOS path,2013-01-02,2026-08-31,3436,0.713081924083208,-0.5744145901820448,11.123920485720264,14.123920485720264,strict_selection_trials,2800,0,,,,2.5203440927310954,descriptive_only; not a substitute for historical trial Sharpe dispersion,,0.02993411767776558,,,not estimated,DSR_NOT_IDENTIFIABLE_FROM_FROZEN_ARTIFACTS,No single accepted historical Sharpe distribution is available on the target 2013-01-02..2026-08-31 calendar. Raw research counts cannot substitute for cross-trial Sharpe dispersion; SR_star and DSR are therefore not identifiable.,False
FIXED_MA200_QQQ_TO_QLD__quarterly,FIXED_MA200_QQQ_TO_QLD,quarterly,pre_tax,accepted final pre-tax OOS path,2013-01-02,2026-08-31,3436,0.713081924083208,-0.5744145901820448,11.123920485720264,14.123920485720264,conservative_research_trials,4164,0,,,,2.5203440927310954,descriptive_only; not a substitute for historical trial Sharpe dispersion,,0.02993411767776558,,,not estimated,DSR_NOT_IDENTIFIABLE_FROM_FROZEN_ARTIFACTS,No single accepted historical Sharpe distribution is available on the target 2013-01-02..2026-08-31 calendar. Raw research counts cannot substitute for cross-trial Sharpe dispersion; SR_star and DSR are therefore not identifiable.,False
PHASE7A_FIXED_FOUR_STATE__weekly,PHASE7A_FIXED_FOUR_STATE,weekly,pre_tax,accepted final pre-tax OOS path,2013-01-02,2026-08-31,3436,0.9330037812350744,-0.8863915410440694,9.772145896112075,12.772145896112075,strict_selection_trials,2800,0,,,,2.5203440927310954,descriptive_only; not a substitute for historical trial Sharpe dispersion,,0.03574496555450556,,,not estimated,DSR_NOT_IDENTIFIABLE_FROM_FROZEN_ARTIFACTS,No single accepted historical Sharpe distribution is available on the target 2013-01-02..2026-08-31 calendar. Raw research counts cannot substitute for cross-trial Sharpe dispersion; SR_star and DSR are therefore not identifiable.,False
PHASE7A_FIXED_FOUR_STATE__weekly,PHASE7A_FIXED_FOUR_STATE,weekly,pre_tax,accepted final pre-tax OOS path,2013-01-02,2026-08-31,3436,0.9330037812350744,-0.8863915410440694,9.772145896112075,12.772145896112075,conservative_research_trials,4164,0,,,,2.5203440927310954,descriptive_only; not a substitute for historical trial Sharpe dispersion,,0.03574496555450556,,,not estimated,DSR_NOT_IDENTIFIABLE_FROM_FROZEN_ARTIFACTS,No single accepted historical Sharpe distribution is available on the target 2013-01-02..2026-08-31 calendar. Raw research counts cannot substitute for cross-trial Sharpe dispersion; SR_star and DSR are therefore not identifiable.,False
PHASE7A_FIXED_FOUR_STATE__monthly,PHASE7A_FIXED_FOUR_STATE,monthly,pre_tax,accepted final pre-tax OOS path,2013-01-02,2026-08-31,3436,0.8795691845862099,-0.6811144804321528,10.540764707157297,13.540764707157297,strict_selection_trials,2800,0,,,,2.5203440927310954,descriptive_only; not a substitute for historical trial Sharpe dispersion,,0.03422930945829955,,,not estimated,DSR_NOT_IDENTIFIABLE_FROM_FROZEN_ARTIFACTS,No single accepted historical Sharpe distribution is available on the target 2013-01-02..2026-08-31 calendar. Raw research counts cannot substitute for cross-trial Sharpe dispersion; SR_star and DSR are therefore not identifiable.,False
PHASE7A_FIXED_FOUR_STATE__monthly,PHASE7A_FIXED_FOUR_STATE,monthly,pre_tax,accepted final pre-tax OOS path,2013-01-02,2026-08-31,3436,0.8795691845862099,-0.6811144804321528,10.540764707157297,13.540764707157297,conservative_research_trials,4164,0,,,,2.5203440927310954,descriptive_only; not a substitute for historical trial Sharpe dispersion,,0.03422930945829955,,,not estimated,DSR_NOT_IDENTIFIABLE_FROM_FROZEN_ARTIFACTS,No single accepted historical Sharpe distribution is available on the target 2013-01-02..2026-08-31 calendar. Raw research counts cannot substitute for cross-trial Sharpe dispersion; SR_star and DSR are therefore not identifiable.,False
PHASE7A_FIXED_FOUR_STATE__bimonthly,PHASE7A_FIXED_FOUR_STATE,bimonthly,pre_tax,accepted final pre-tax OOS path,2013-01-02,2026-08-31,3436,0.9498271662767667,-0.33889323100098934,11.991120458269402,14.991120458269402,strict_selection_trials,2800,0,,,,2.5203440927310954,descriptive_only; not a substitute for historical trial Sharpe dispersion,,0.03610387746404028,,,not estimated,DSR_NOT_IDENTIFIABLE_FROM_FROZEN_ARTIFACTS,No single accepted historical Sharpe distribution is available on the target 2013-01-02..2026-08-31 calendar. Raw research counts cannot substitute for cross-trial Sharpe dispersion; SR_star and DSR are therefore not identifiable.,False
PHASE7A_FIXED_FOUR_STATE__bimonthly,PHASE7A_FIXED_FOUR_STATE,bimonthly,pre_tax,accepted final pre-tax OOS path,2013-01-02,2026-08-31,3436,0.9498271662767667,-0.33889323100098934,11.991120458269402,14.991120458269402,conservative_research_trials,4164,0,,,,2.5203440927310954,descriptive_only; not a substitute for historical trial Sharpe dispersion,,0.03610387746404028,,,not estimated,DSR_NOT_IDENTIFIABLE_FROM_FROZEN_ARTIFACTS,No single accepted historical Sharpe distribution is available on the target 2013-01-02..2026-08-31 calendar. Raw research counts cannot substitute for cross-trial Sharpe dispersion; SR_star and DSR are therefore not identifiable.,False
PHASE7A_FIXED_FOUR_STATE__quarterly,PHASE7A_FIXED_FOUR_STATE,quarterly,pre_tax,accepted final pre-tax OOS path,2013-01-02,2026-08-31,3436,0.6824833525704433,-0.6283417907830339,12.024251105178339,15.024251105178339,strict_selection_trials,2800,0,,,,2.5203440927310954,descriptive_only; not a substitute for historical trial Sharpe dispersion,,0.029856030558953108,,,not estimated,DSR_NOT_IDENTIFIABLE_FROM_FROZEN_ARTIFACTS,No single accepted historical Sharpe distribution is available on the target 2013-01-02..2026-08-31 calendar. Raw research counts cannot substitute for cross-trial Sharpe dispersion; SR_star and DSR are therefore not identifiable.,False
PHASE7A_FIXED_FOUR_STATE__quarterly,PHASE7A_FIXED_FOUR_STATE,quarterly,pre_tax,accepted final pre-tax OOS path,2013-01-02,2026-08-31,3436,0.6824833525704433,-0.6283417907830339,12.024251105178339,15.024251105178339,conservative_research_trials,4164,0,,,,2.5203440927310954,descriptive_only; not a substitute for historical trial Sharpe dispersion,,0.029856030558953108,,,not estimated,DSR_NOT_IDENTIFIABLE_FROM_FROZEN_ARTIFACTS,No single accepted historical Sharpe distribution is available on the target 2013-01-02..2026-08-31 calendar. Raw research counts cannot substitute for cross-trial Sharpe dispersion; SR_star and DSR are therefore not identifiable.,False
PHASE7B_MODEL_A_SELECTED__weekly,PHASE7B_MODEL_A_SELECTED,weekly,pre_tax,accepted final pre-tax OOS path,2013-01-02,2026-08-31,3436,0.29867078902549266,-1.980081757714047,45.41737012505082,48.41737012505082,strict_selection_trials,2800,0,,,,2.5203440927310954,descriptive_only; not a substitute for historical trial Sharpe dispersion,,0.0277693253305121,,,not estimated,DSR_NOT_IDENTIFIABLE_FROM_FROZEN_ARTIFACTS,No single accepted historical Sharpe distribution is available on the target 2013-01-02..2026-08-31 calendar. Raw research counts cannot substitute for cross-trial Sharpe dispersion; SR_star and DSR are therefore not identifiable.,False
PHASE7B_MODEL_A_SELECTED__weekly,PHASE7B_MODEL_A_SELECTED,weekly,pre_tax,accepted final pre-tax OOS path,2013-01-02,2026-08-31,3436,0.29867078902549266,-1.980081757714047,45.41737012505082,48.41737012505082,conservative_research_trials,4164,0,,,,2.5203440927310954,descriptive_only; not a substitute for historical trial Sharpe dispersion,,0.0277693253305121,,,not estimated,DSR_NOT_IDENTIFIABLE_FROM_FROZEN_ARTIFACTS,No single accepted historical Sharpe distribution is available on the target 2013-01-02..2026-08-31 calendar. Raw research counts cannot substitute for cross-trial Sharpe dispersion; SR_star and DSR are therefore not identifiable.,False
PHASE7B_MODEL_A_SELECTED__monthly,PHASE7B_MODEL_A_SELECTED,monthly,pre_tax,accepted final pre-tax OOS path,2013-01-02,2026-08-31,3436,0.0,0.0,0.0,3.0,strict_selection_trials,2800,0,,,,2.5203440927310954,descriptive_only; not a substitute for historical trial Sharpe dispersion,,0.017062262896177707,,,not estimated,DSR_NOT_IDENTIFIABLE_FROM_FROZEN_ARTIFACTS,No single accepted historical Sharpe distribution is available on the target 2013-01-02..2026-08-31 calendar. Raw research counts cannot substitute for cross-trial Sharpe dispersion; SR_star and DSR are therefore not identifiable.,False
PHASE7B_MODEL_A_SELECTED__monthly,PHASE7B_MODEL_A_SELECTED,monthly,pre_tax,accepted final pre-tax OOS path,2013-01-02,2026-08-31,3436,0.0,0.0,0.0,3.0,conservative_research_trials,4164,0,,,,2.5203440927310954,descriptive_only; not a substitute for historical trial Sharpe dispersion,,0.017062262896177707,,,not estimated,DSR_NOT_IDENTIFIABLE_FROM_FROZEN_ARTIFACTS,No single accepted historical Sharpe distribution is available on the target 2013-01-02..2026-08-31 calendar. Raw research counts cannot substitute for cross-trial Sharpe dispersion; SR_star and DSR are therefore not identifiable.,False
PHASE7B_MODEL_A_SELECTED__bimonthly,PHASE7B_MODEL_A_SELECTED,bimonthly,pre_tax,accepted final pre-tax OOS path,2013-01-02,2026-08-31,3436,0.0,0.0,0.0,3.0,strict_selection_trials,2800,0,,,,2.5203440927310954,descriptive_only; not a substitute for historical trial Sharpe dispersion,,0.017062262896177707,,,not estimated,DSR_NOT_IDENTIFIABLE_FROM_FROZEN_ARTIFACTS,No single accepted historical Sharpe distribution is available on the target 2013-01-02..2026-08-31 calendar. Raw research counts cannot substitute for cross-trial Sharpe dispersion; SR_star and DSR are therefore not identifiable.,False
PHASE7B_MODEL_A_SELECTED__bimonthly,PHASE7B_MODEL_A_SELECTED,bimonthly,pre_tax,accepted final pre-tax OOS path,2013-01-02,2026-08-31,3436,0.0,0.0,0.0,3.0,conservative_research_trials,4164,0,,,,2.5203440927310954,descriptive_only; not a substitute for historical trial Sharpe dispersion,,0.017062262896177707,,,not estimated,DSR_NOT_IDENTIFIABLE_FROM_FROZEN_ARTIFACTS,No single accepted historical Sharpe distribution is available on the target 2013-01-02..2026-08-31 calendar. Raw research counts cannot substitute for cross-trial Sharpe dispersion; SR_star and DSR are therefore not identifiable.,False
PHASE7B_MODEL_A_SELECTED__quarterly,PHASE7B_MODEL_A_SELECTED,quarterly,pre_tax,accepted final pre-tax OOS path,2013-01-02,2026-08-31,3436,0.0,0.0,0.0,3.0,strict_selection_trials,2800,0,,,,2.5203440927310954,descriptive_only; not a substitute for historical trial Sharpe dispersion,,0.017062262896177707,,,not estimated,DSR_NOT_IDENTIFIABLE_FROM_FROZEN_ARTIFACTS,No single accepted historical Sharpe distribution is available on the target 2013-01-02..2026-08-31 calendar. Raw research counts cannot substitute for cross-trial Sharpe dispersion; SR_star and DSR are therefore not identifiable.,False
PHASE7B_MODEL_A_SELECTED__quarterly,PHASE7B_MODEL_A_SELECTED,quarterly,pre_tax,accepted final pre-tax OOS path,2013-01-02,2026-08-31,3436,0.0,0.0,0.0,3.0,conservative_research_trials,4164,0,,,,2.5203440927310954,descriptive_only; not a substitute for historical trial Sharpe dispersion,,0.017062262896177707,,,not estimated,DSR_NOT_IDENTIFIABLE_FROM_FROZEN_ARTIFACTS,No single accepted historical Sharpe distribution is available on the target 2013-01-02..2026-08-31 calendar. Raw research counts cannot substitute for cross-trial Sharpe dispersion; SR_star and DSR are therefore not identifiable.,False
PHASE7B_MODEL_B_SELECTED__weekly,PHASE7B_MODEL_B_SELECTED,weekly,pre_tax,accepted final pre-tax OOS path,2013-01-02,2026-08-31,3436,0.38451537402305813,-1.6342741153786986,31.954202920074614,34.954202920074614,strict_selection_trials,2800,0,,,,2.5203440927310954,descriptive_only; not a substitute for historical trial Sharpe dispersion,,0.02897297512930764,,,not estimated,DSR_NOT_IDENTIFIABLE_FROM_FROZEN_ARTIFACTS,No single accepted historical Sharpe distribution is available on the target 2013-01-02..2026-08-31 calendar. Raw research counts cannot substitute for cross-trial Sharpe dispersion; SR_star and DSR are therefore not identifiable.,False
PHASE7B_MODEL_B_SELECTED__weekly,PHASE7B_MODEL_B_SELECTED,weekly,pre_tax,accepted final pre-tax OOS path,2013-01-02,2026-08-31,3436,0.38451537402305813,-1.6342741153786986,31.954202920074614,34.954202920074614,conservative_research_trials,4164,0,,,,2.5203440927310954,descriptive_only; not a substitute for historical trial Sharpe dispersion,,0.02897297512930764,,,not estimated,DSR_NOT_IDENTIFIABLE_FROM_FROZEN_ARTIFACTS,No single accepted historical Sharpe distribution is available on the target 2013-01-02..2026-08-31 calendar. Raw research counts cannot substitute for cross-trial Sharpe dispersion; SR_star and DSR are therefore not identifiable.,False
PHASE7B_MODEL_B_SELECTED__monthly,PHASE7B_MODEL_B_SELECTED,monthly,pre_tax,accepted final pre-tax OOS path,2013-01-02,2026-08-31,3436,0.3370353326971046,-1.2268776976358413,39.411777239720735,42.411777239720735,strict_selection_trials,2800,0,,,,2.5203440927310954,descriptive_only; not a substitute for historical trial Sharpe dispersion,,0.02745657535190653,,,not estimated,DSR_NOT_IDENTIFIABLE_FROM_FROZEN_ARTIFACTS,No single accepted historical Sharpe distribution is available on the target 2013-01-02..2026-08-31 calendar. Raw research counts cannot substitute for cross-trial Sharpe dispersion; SR_star and DSR are therefore not identifiable.,False
PHASE7B_MODEL_B_SELECTED__monthly,PHASE7B_MODEL_B_SELECTED,monthly,pre_tax,accepted final pre-tax OOS path,2013-01-02,2026-08-31,3436,0.3370353326971046,-1.2268776976358413,39.411777239720735,42.411777239720735,conservative_research_trials,4164,0,,,,2.5203440927310954,descriptive_only; not a substitute for historical trial Sharpe dispersion,,0.02745657535190653,,,not estimated,DSR_NOT_IDENTIFIABLE_FROM_FROZEN_ARTIFACTS,No single accepted historical Sharpe distribution is available on the target 2013-01-02..2026-08-31 calendar. Raw research counts cannot substitute for cross-trial Sharpe dispersion; SR_star and DSR are therefore not identifiable.,False
PHASE7B_MODEL_B_SELECTED__bimonthly,PHASE7B_MODEL_B_SELECTED,bimonthly,pre_tax,accepted final pre-tax OOS path,2013-01-02,2026-08-31,3436,0.4943673668406575,-0.9213306433307168,35.35406983759914,38.35406983759914,strict_selection_trials,2800,0,,,,2.5203440927310954,descriptive_only; not a substitute for historical trial Sharpe dispersion,,0.03298714409229685,,,not estimated,DSR_NOT_IDENTIFIABLE_FROM_FROZEN_ARTIFACTS,No single accepted historical Sharpe distribution is available on the target 2013-01-02..2026-08-31 calendar. Raw research counts cannot substitute for cross-trial Sharpe dispersion; SR_star and DSR are therefore not identifiable.,False
PHASE7B_MODEL_B_SELECTED__bimonthly,PHASE7B_MODEL_B_SELECTED,bimonthly,pre_tax,accepted final pre-tax OOS path,2013-01-02,2026-08-31,3436,0.4943673668406575,-0.9213306433307168,35.35406983759914,38.35406983759914,conservative_research_trials,4164,0,,,,2.5203440927310954,descriptive_only; not a substitute for historical trial Sharpe dispersion,,0.03298714409229685,,,not estimated,DSR_NOT_IDENTIFIABLE_FROM_FROZEN_ARTIFACTS,No single accepted historical Sharpe distribution is available on the target 2013-01-02..2026-08-31 calendar. Raw research counts cannot substitute for cross-trial Sharpe dispersion; SR_star and DSR are therefore not identifiable.,False
PHASE7B_MODEL_B_SELECTED__quarterly,PHASE7B_MODEL_B_SELECTED,quarterly,pre_tax,accepted final pre-tax OOS path,2013-01-02,2026-08-31,3436,0.0,0.0,0.0,3.0,strict_selection_trials,2800,0,,,,2.5203440927310954,descriptive_only; not a substitute for historical trial Sharpe dispersion,,0.017062262896177707,,,not estimated,DSR_NOT_IDENTIFIABLE_FROM_FROZEN_ARTIFACTS,No single accepted historical Sharpe distribution is available on the target 2013-01-02..2026-08-31 calendar. Raw research counts cannot substitute for cross-trial Sharpe dispersion; SR_star and DSR are therefore not identifiable.,False
PHASE7B_MODEL_B_SELECTED__quarterly,PHASE7B_MODEL_B_SELECTED,quarterly,pre_tax,accepted final pre-tax OOS path,2013-01-02,2026-08-31,3436,0.0,0.0,0.0,3.0,conservative_research_trials,4164,0,,,,2.5203440927310954,descriptive_only; not a substitute for historical trial Sharpe dispersion,,0.017062262896177707,,,not estimated,DSR_NOT_IDENTIFIABLE_FROM_FROZEN_ARTIFACTS,No single accepted historical Sharpe distribution is available on the target 2013-01-02..2026-08-31 calendar. Raw research counts cannot substitute for cross-trial Sharpe dispersion; SR_star and DSR are therefore not identifiable.,False
