inventory_id,phase,category,model_family,economic_trial_count,sharpe_observations_available,comparable_sharpe_available,source_artifact,sharpe_definition,evaluation_period,full_sample_vs_oos,comparable_calendar,used_for_cross_trial_variance,exclusion_reason
A1_PHASE1_PAIR_ALLOCATIONS,Phase 1,A,static_pair_allocation,336,330,0,20260914_phase1_audit_final_v2/metrics_pre_tax.csv + metrics_after_tax.csv,"canonical daily arithmetic mean / daily sample standard deviation × sqrt(252), zero risk-free rate",2006-06-21 to 2026-08-31,full_sample,2006-06-21..2026-08-31 full-sample calendar; not 2013..2026 OOS,False,Full-sample Sharpe is not exchangeable with the target 2013–2026 OOS path distribution.
A2_PHASE1_TRIPLE_ALLOCATIONS,Phase 1,A,static_triple_allocation,660,656,0,20260914_phase1_audit_final_v2/metrics_pre_tax.csv + metrics_after_tax.csv,"canonical daily arithmetic mean / daily sample standard deviation × sqrt(252), zero risk-free rate",2006-06-21 to 2026-08-31,full_sample,2006-06-21..2026-08-31 full-sample calendar; not 2013..2026 OOS,False,Full-sample Sharpe is not exchangeable with the target 2013–2026 OOS path distribution.
B1_PHASE2_MA200_FIXED,Phase 2,B,fixed_ma200,12,12,0,20260914_phase2_audit_final/metrics_pre_tax.csv + metrics_after_tax.csv,"canonical daily arithmetic mean / daily sample standard deviation × sqrt(252), zero risk-free rate",2006-06-21 to 2026-08-31,full_sample,2006-06-21..2026-08-31 full-sample calendar; not 2013..2026 OOS,False,Phase 2 full-sample MA200 Sharpe values are full-sample and cannot be mixed with the target chronological OOS paths.
B2_PHASE3_MA_STABILITY,Phase 3,B,ma_parameter_stability,60,60,0,20260914_phase3_audit_final_v3/ma_parameter_surface.csv,"canonical daily arithmetic mean / daily sample standard deviation × sqrt(252), zero risk-free rate",2006-06-21 to 2026-08-31,full_sample,2006-06-21..2026-08-31 full-sample calendar; not 2013..2026 OOS,False,Phase 3 full-sample MA stability Sharpe values are full-sample and cannot be mixed with the target chronological OOS paths.
C_PHASE4_ABSOLUTE_MOMENTUM,Phase 4,C,absolute_momentum,24,24,0,20260914_phase4_audit_final/absolute_momentum_results.csv,"canonical daily arithmetic mean / daily sample standard deviation × sqrt(252), zero risk-free rate",2006-06-21 to 2026-08-31,full_sample,2006-06-21..2026-08-31 full-sample calendar; not 2013..2026 OOS,False,Phase 4 full-sample absolute momentum Sharpe values are full-sample and cannot be mixed with the target chronological OOS paths.
D_PHASE5_RELATIVE_MOMENTUM,Phase 5,D,relative_momentum,24,24,0,20260914_phase5_audit_final/relative_momentum_results.csv,"canonical daily arithmetic mean / daily sample standard deviation × sqrt(252), zero risk-free rate",2006-06-21 to 2026-08-31,full_sample,2006-06-21..2026-08-31 full-sample calendar; not 2013..2026 OOS,False,Phase 5 full-sample relative momentum Sharpe values are full-sample and cannot be mixed with the target chronological OOS paths.
E_PHASE6_VOLATILITY_TARGETING,Phase 6,E,volatility_targeting,240,240,0,20260914_phase6_audit_final/vol_parameter_surface.csv,"canonical daily arithmetic mean / daily sample standard deviation × sqrt(252), zero risk-free rate",2006-06-21 to 2026-08-31,full_sample,2006-06-21..2026-08-31 full-sample calendar; not 2013..2026 OOS,False,Phase 6 full-sample volatility targeting Sharpe values are full-sample and cannot be mixed with the target chronological OOS paths.
F_PHASE7A_FIXED_FOUR_STATE,Phase 7A,F,fixed_four_state,8,8,4,20260913_phase7a_metrics_tax_audited_final/phase7a_results.csv,"canonical daily arithmetic mean / daily sample standard deviation × sqrt(252), zero risk-free rate",4 full-sample rows plus 4 chronological OOS rows,mixed_full_sample_and_chronological_oos,"2013-01-02..2026-08-31 for 4 OOS rows only; final-path family, not full history",False,"The four OOS rows are final paths already covered by the separate 16-path White RC; the 4,164 historical trials do not share this calendar."
G_PHASE7B_MODEL_A_TRAINING_CANDIDATES,Phase 7B,G,model_a_walk_forward_candidates,280,280,0,20260914_phase7b_turnover_audit_final/training_candidate_results.csv,"canonical daily arithmetic mean / daily sample standard deviation × sqrt(252), zero risk-free rate",14 expanding training folds with fold-specific train_start/train_end,OOS_training_folds,No single calendar; training windows change by test year,False,Fold-training Sharpe values are not exchangeable with the 2013–2026 OOS path and cannot form one cross-trial variance without unrecorded standardization.
H_PHASE7B_MODEL_B_TRAINING_CANDIDATES,Phase 7B,H,model_b_walk_forward_candidates,2520,2520,0,20260914_phase7b_turnover_audit_final/training_candidate_results.csv,"canonical daily arithmetic mean / daily sample standard deviation × sqrt(252), zero risk-free rate",14 expanding training folds with fold-specific train_start/train_end,OOS_training_folds,No single calendar; training windows change by test year,False,Fold-training Sharpe values are not exchangeable with the 2013–2026 OOS path and cannot form one cross-trial variance without unrecorded standardization.
I_REBALANCE_FREQUENCY_DIMENSION,Phase 1–7,I,rebalance_frequency_variants,0,0,0,multiple canonical Phase 1–7 runs/frequency columns in canonical result tables,"canonical daily arithmetic mean / daily sample standard deviation × sqrt(252), zero risk-free rate",weekly/monthly/bimonthly/quarterly cross-cutting dimension,mixed_by_family,Already represented in each source family; no separate Sharpe observations,False,"Frequency is a dimension already counted in A–H, not an additional independent Sharpe table."
