rule,rule_family,legacy_rule,signal_asset,held_asset,frequency,ma_window,searched_for_selection,selection_performed
QQQ_MA_QQQ,QQQ_MA_QQQ,QQQ_MA200_QQQ,QQQ,QQQ,weekly,150,False,False
QQQ_MA_QQQ,QQQ_MA_QQQ,QQQ_MA200_QQQ,QQQ,QQQ,weekly,175,False,False
QQQ_MA_QQQ,QQQ_MA_QQQ,QQQ_MA200_QQQ,QQQ,QQQ,weekly,200,False,False
QQQ_MA_QQQ,QQQ_MA_QQQ,QQQ_MA200_QQQ,QQQ,QQQ,weekly,225,False,False
QQQ_MA_QQQ,QQQ_MA_QQQ,QQQ_MA200_QQQ,QQQ,QQQ,weekly,250,False,False
QQQ_MA_QQQ,QQQ_MA_QQQ,QQQ_MA200_QQQ,QQQ,QQQ,monthly,150,False,False
QQQ_MA_QQQ,QQQ_MA_QQQ,QQQ_MA200_QQQ,QQQ,QQQ,monthly,175,False,False
QQQ_MA_QQQ,QQQ_MA_QQQ,QQQ_MA200_QQQ,QQQ,QQQ,monthly,200,False,False
QQQ_MA_QQQ,QQQ_MA_QQQ,QQQ_MA200_QQQ,QQQ,QQQ,monthly,225,False,False
QQQ_MA_QQQ,QQQ_MA_QQQ,QQQ_MA200_QQQ,QQQ,QQQ,monthly,250,False,False
QQQ_MA_QQQ,QQQ_MA_QQQ,QQQ_MA200_QQQ,QQQ,QQQ,bimonthly,150,False,False
QQQ_MA_QQQ,QQQ_MA_QQQ,QQQ_MA200_QQQ,QQQ,QQQ,bimonthly,175,False,False
QQQ_MA_QQQ,QQQ_MA_QQQ,QQQ_MA200_QQQ,QQQ,QQQ,bimonthly,200,False,False
QQQ_MA_QQQ,QQQ_MA_QQQ,QQQ_MA200_QQQ,QQQ,QQQ,bimonthly,225,False,False
QQQ_MA_QQQ,QQQ_MA_QQQ,QQQ_MA200_QQQ,QQQ,QQQ,bimonthly,250,False,False
QQQ_MA_QQQ,QQQ_MA_QQQ,QQQ_MA200_QQQ,QQQ,QQQ,quarterly,150,False,False
QQQ_MA_QQQ,QQQ_MA_QQQ,QQQ_MA200_QQQ,QQQ,QQQ,quarterly,175,False,False
QQQ_MA_QQQ,QQQ_MA_QQQ,QQQ_MA200_QQQ,QQQ,QQQ,quarterly,200,False,False
QQQ_MA_QQQ,QQQ_MA_QQQ,QQQ_MA200_QQQ,QQQ,QQQ,quarterly,225,False,False
QQQ_MA_QQQ,QQQ_MA_QQQ,QQQ_MA200_QQQ,QQQ,QQQ,quarterly,250,False,False
QQQ_MA_QLD,QQQ_MA_QLD,QQQ_MA200_QLD,QQQ,QLD,weekly,150,False,False
QQQ_MA_QLD,QQQ_MA_QLD,QQQ_MA200_QLD,QQQ,QLD,weekly,175,False,False
QQQ_MA_QLD,QQQ_MA_QLD,QQQ_MA200_QLD,QQQ,QLD,weekly,200,False,False
QQQ_MA_QLD,QQQ_MA_QLD,QQQ_MA200_QLD,QQQ,QLD,weekly,225,False,False
QQQ_MA_QLD,QQQ_MA_QLD,QQQ_MA200_QLD,QQQ,QLD,weekly,250,False,False
QQQ_MA_QLD,QQQ_MA_QLD,QQQ_MA200_QLD,QQQ,QLD,monthly,150,False,False
QQQ_MA_QLD,QQQ_MA_QLD,QQQ_MA200_QLD,QQQ,QLD,monthly,175,False,False
QQQ_MA_QLD,QQQ_MA_QLD,QQQ_MA200_QLD,QQQ,QLD,monthly,200,False,False
QQQ_MA_QLD,QQQ_MA_QLD,QQQ_MA200_QLD,QQQ,QLD,monthly,225,False,False
QQQ_MA_QLD,QQQ_MA_QLD,QQQ_MA200_QLD,QQQ,QLD,monthly,250,False,False
QQQ_MA_QLD,QQQ_MA_QLD,QQQ_MA200_QLD,QQQ,QLD,bimonthly,150,False,False
QQQ_MA_QLD,QQQ_MA_QLD,QQQ_MA200_QLD,QQQ,QLD,bimonthly,175,False,False
QQQ_MA_QLD,QQQ_MA_QLD,QQQ_MA200_QLD,QQQ,QLD,bimonthly,200,False,False
QQQ_MA_QLD,QQQ_MA_QLD,QQQ_MA200_QLD,QQQ,QLD,bimonthly,225,False,False
QQQ_MA_QLD,QQQ_MA_QLD,QQQ_MA200_QLD,QQQ,QLD,bimonthly,250,False,False
QQQ_MA_QLD,QQQ_MA_QLD,QQQ_MA200_QLD,QQQ,QLD,quarterly,150,False,False
QQQ_MA_QLD,QQQ_MA_QLD,QQQ_MA200_QLD,QQQ,QLD,quarterly,175,False,False
QQQ_MA_QLD,QQQ_MA_QLD,QQQ_MA200_QLD,QQQ,QLD,quarterly,200,False,False
QQQ_MA_QLD,QQQ_MA_QLD,QQQ_MA200_QLD,QQQ,QLD,quarterly,225,False,False
QQQ_MA_QLD,QQQ_MA_QLD,QQQ_MA200_QLD,QQQ,QLD,quarterly,250,False,False
SPY_MA_SSO,SPY_MA_SSO,SPY_MA200_SSO,SPY,SSO,weekly,150,False,False
SPY_MA_SSO,SPY_MA_SSO,SPY_MA200_SSO,SPY,SSO,weekly,175,False,False
SPY_MA_SSO,SPY_MA_SSO,SPY_MA200_SSO,SPY,SSO,weekly,200,False,False
SPY_MA_SSO,SPY_MA_SSO,SPY_MA200_SSO,SPY,SSO,weekly,225,False,False
SPY_MA_SSO,SPY_MA_SSO,SPY_MA200_SSO,SPY,SSO,weekly,250,False,False
SPY_MA_SSO,SPY_MA_SSO,SPY_MA200_SSO,SPY,SSO,monthly,150,False,False
SPY_MA_SSO,SPY_MA_SSO,SPY_MA200_SSO,SPY,SSO,monthly,175,False,False
SPY_MA_SSO,SPY_MA_SSO,SPY_MA200_SSO,SPY,SSO,monthly,200,False,False
SPY_MA_SSO,SPY_MA_SSO,SPY_MA200_SSO,SPY,SSO,monthly,225,False,False
SPY_MA_SSO,SPY_MA_SSO,SPY_MA200_SSO,SPY,SSO,monthly,250,False,False
SPY_MA_SSO,SPY_MA_SSO,SPY_MA200_SSO,SPY,SSO,bimonthly,150,False,False
SPY_MA_SSO,SPY_MA_SSO,SPY_MA200_SSO,SPY,SSO,bimonthly,175,False,False
SPY_MA_SSO,SPY_MA_SSO,SPY_MA200_SSO,SPY,SSO,bimonthly,200,False,False
SPY_MA_SSO,SPY_MA_SSO,SPY_MA200_SSO,SPY,SSO,bimonthly,225,False,False
SPY_MA_SSO,SPY_MA_SSO,SPY_MA200_SSO,SPY,SSO,bimonthly,250,False,False
SPY_MA_SSO,SPY_MA_SSO,SPY_MA200_SSO,SPY,SSO,quarterly,150,False,False
SPY_MA_SSO,SPY_MA_SSO,SPY_MA200_SSO,SPY,SSO,quarterly,175,False,False
SPY_MA_SSO,SPY_MA_SSO,SPY_MA200_SSO,SPY,SSO,quarterly,200,False,False
SPY_MA_SSO,SPY_MA_SSO,SPY_MA200_SSO,SPY,SSO,quarterly,225,False,False
SPY_MA_SSO,SPY_MA_SSO,SPY_MA200_SSO,SPY,SSO,quarterly,250,False,False
