model,frequency,test_year,training_start,training_end,train_start,train_end,test_start,test_end,selection_status,candidate_count,eligible_count,selected_parameters,selected_ma_days,selected_momentum_days,selected_low_vol_quantile,selected_training_CAGR,selected_training_MaxDD,selected_training_Calmar,test_allocation_mode,ma_days,training_cagr,training_max_drawdown,training_calmar,training_turnover,best_eligible_calmar,selected_within_5pct_band,momentum_days,low_vol_quantile,test_year_return,test_year_max_drawdown,test_year_turnover,test_year_tax_paid,test_session_count
MODEL_A_QLD_TREND,weekly,2013,2006-06-21,2012-12-31,2006-06-21,2012-12-31,2013-01-02,2013-12-31,NO_ELIGIBLE_PARAMETER,5,0,,,,,,,,CASH_FALLBACK,,,,,,,,,,0.0,0.0,0.0,0.0,252
MODEL_A_QLD_TREND,weekly,2014,2006-06-21,2013-12-31,2006-06-21,2013-12-31,2014-01-02,2014-12-31,NO_ELIGIBLE_PARAMETER,5,0,,,,,,,,CASH_FALLBACK,,,,,,,,,,0.0,0.0,0.0,0.0,252
MODEL_A_QLD_TREND,weekly,2015,2006-06-21,2014-12-31,2006-06-21,2014-12-31,2015-01-02,2015-12-31,SELECTED,5,2,"{""ma_days"": 225}",225.0,,,0.17318568815162183,-0.42260374994200167,0.40980632134804745,SELECTED_STRATEGY,225.0,0.17318568815162183,-0.42260374994200167,0.40980632134804745,3.5167775261646868,0.40980632134804745,False,,,-0.13295331318567438,-0.3746441362084272,3.9990004997501254,0.0,252
MODEL_A_QLD_TREND,weekly,2016,2006-06-21,2015-12-31,2006-06-21,2015-12-31,2016-01-04,2016-12-30,NO_ELIGIBLE_PARAMETER,5,0,,,,,,,,CASH_FALLBACK,,,,,,,,,,-0.04514337486107656,-0.04514337486107656,1.0,0.0,252
MODEL_A_QLD_TREND,weekly,2017,2006-06-21,2016-12-31,2006-06-21,2016-12-31,2017-01-03,2017-12-29,NO_ELIGIBLE_PARAMETER,5,0,,,,,,,,CASH_FALLBACK,,,,,,,,,,0.0,0.0,0.0,0.0,251
MODEL_A_QLD_TREND,weekly,2018,2006-06-21,2017-12-31,2006-06-21,2017-12-31,2018-01-02,2018-12-31,SELECTED,5,1,"{""ma_days"": 225}",225.0,,,0.1635751480974157,-0.42440085530431504,0.38542605664666896,SELECTED_STRATEGY,225.0,0.1635751480974157,-0.42440085530431504,0.38542605664666896,3.470265936169477,0.38542605664666896,False,,,0.06194929793950865,-0.24026547334877968,3.999000499750125,0.0,251
MODEL_A_QLD_TREND,weekly,2019,2006-06-21,2018-12-31,2006-06-21,2018-12-31,2019-01-02,2019-12-31,SELECTED,5,1,"{""ma_days"": 225}",225.0,,,0.15601089864812434,-0.42440085530431504,0.3676026961261831,SELECTED_STRATEGY,225.0,0.15601089864812434,-0.42440085530431504,0.3676026961261831,3.4313629352281896,0.3676026961261831,False,,,0.3509354328891736,-0.19992317509185653,2.9990004997501254,0.0,252
MODEL_A_QLD_TREND,weekly,2020,2006-06-21,2019-12-31,2006-06-21,2019-12-31,2020-01-02,2020-12-31,SELECTED,5,1,"{""ma_days"": 225}",225.0,,,0.16941223155747642,-0.42440085530431504,0.39917975998422534,SELECTED_STRATEGY,225.0,0.16941223155747642,-0.42440085530431504,0.39917975998422534,3.3995753337660246,0.39917975998422534,False,,,0.47190060579213244,-0.49154420130742704,1.9995002498750627,0.0,253
MODEL_A_QLD_TREND,weekly,2021,2006-06-21,2020-12-31,2006-06-21,2020-12-31,2021-01-04,2021-12-31,NO_ELIGIBLE_PARAMETER,5,0,,,,,,,,CASH_FALLBACK,,,,,,,,,,0.009138030891479021,0.0,1.0,15524.744738650745,252
MODEL_A_QLD_TREND,weekly,2022,2006-06-21,2021-12-31,2006-06-21,2021-12-31,2022-01-03,2022-12-30,NO_ELIGIBLE_PARAMETER,5,0,,,,,,,,CASH_FALLBACK,,,,,,,,,,0.0,0.0,0.0,0.0,251
MODEL_A_QLD_TREND,weekly,2023,2006-06-21,2022-12-31,2006-06-21,2022-12-31,2023-01-03,2023-12-29,NO_ELIGIBLE_PARAMETER,5,0,,,,,,,,CASH_FALLBACK,,,,,,,,,,0.0,0.0,0.0,0.0,250
MODEL_A_QLD_TREND,weekly,2024,2006-06-21,2023-12-31,2006-06-21,2023-12-31,2024-01-02,2024-12-31,NO_ELIGIBLE_PARAMETER,5,0,,,,,,,,CASH_FALLBACK,,,,,,,,,,0.0,0.0,0.0,0.0,252
MODEL_A_QLD_TREND,weekly,2025,2006-06-21,2024-12-31,2006-06-21,2024-12-31,2025-01-02,2025-12-31,NO_ELIGIBLE_PARAMETER,5,0,,,,,,,,CASH_FALLBACK,,,,,,,,,,0.0,0.0,0.0,0.0,250
MODEL_A_QLD_TREND,weekly,2026,2006-06-21,2025-12-31,2006-06-21,2025-12-31,2026-01-02,2026-08-31,NO_ELIGIBLE_PARAMETER,5,0,,,,,,,,CASH_FALLBACK,,,,,,,,,,0.0,0.0,0.0,0.0,166
MODEL_B_FOUR_STATE,weekly,2013,2006-06-21,2012-12-31,2006-06-21,2012-12-31,2013-01-02,2013-12-31,NO_ELIGIBLE_PARAMETER,45,0,,,,,,,,CASH_FALLBACK,,,,,,,,,,0.0,0.0,0.0,0.0,252
MODEL_B_FOUR_STATE,weekly,2014,2006-06-21,2013-12-31,2006-06-21,2013-12-31,2014-01-02,2014-12-31,SELECTED,45,7,"{""low_vol_quantile"": 0.25, ""ma_days"": 250, ""momentum_days"": 189}",250.0,189.0,0.25,0.17425156869599112,-0.38084371756320834,0.4575408774258452,SELECTED_STRATEGY,250.0,0.17425156869599112,-0.38084371756320834,0.4575408774258452,6.89016648230556,0.4630475189223717,False,189.0,0.25,0.43489070956622755,-0.16463683970910858,2.9104108016764307,3173.4691938257242,252
MODEL_B_FOUR_STATE,weekly,2015,2006-06-21,2014-12-31,2006-06-21,2014-12-31,2015-01-02,2015-12-31,SELECTED,45,14,"{""low_vol_quantile"": 0.25, ""ma_days"": 250, ""momentum_days"": 189}",250.0,189.0,0.25,0.1976775989135071,-0.38084371756320834,0.5190517521946485,SELECTED_STRATEGY,250.0,0.1976775989135071,-0.38084371756320834,0.5190517521946485,6.424388960362111,0.52046854901111,False,189.0,0.25,-0.20284913020161144,-0.4013992786002222,9.652511902153645,4806.739817060665,252
MODEL_B_FOUR_STATE,weekly,2016,2006-06-21,2015-12-31,2006-06-21,2015-12-31,2016-01-04,2016-12-30,SELECTED,45,6,"{""low_vol_quantile"": 0.25, ""ma_days"": 225, ""momentum_days"": 189}",225.0,189.0,0.25,0.15478333239919717,-0.38684069500903095,0.4001216376565131,SELECTED_STRATEGY,225.0,0.15478333239919717,-0.38684069500903095,0.4001216376565131,6.7225914739470864,0.4078011963500823,False,189.0,0.25,-0.010768764486877469,-0.19938835046647851,12.460159436520847,0.0,252
MODEL_B_FOUR_STATE,weekly,2017,2006-06-21,2016-12-31,2006-06-21,2016-12-31,2017-01-03,2017-12-29,NO_ELIGIBLE_PARAMETER,45,0,,,,,,,,CASH_FALLBACK,,,,,,,,,,0.013903318937832587,0.0,1.0,0.0,251
MODEL_B_FOUR_STATE,weekly,2018,2006-06-21,2017-12-31,2006-06-21,2017-12-31,2018-01-02,2018-12-31,SELECTED,45,7,"{""low_vol_quantile"": 0.25, ""ma_days"": 225, ""momentum_days"": 189}",225.0,189.0,0.25,0.18262803106872405,-0.43143910437741095,0.4232996712995355,SELECTED_STRATEGY,225.0,0.18262803106872405,-0.43143910437741095,0.4232996712995355,6.859716227443115,0.4258357703364055,False,189.0,0.25,0.06391034717768451,-0.2470046342967912,6.028018724172707,0.0,251
MODEL_B_FOUR_STATE,weekly,2019,2006-06-21,2018-12-31,2006-06-21,2018-12-31,2019-01-02,2019-12-31,SELECTED,45,5,"{""low_vol_quantile"": 0.25, ""ma_days"": 225, ""momentum_days"": 189}",225.0,189.0,0.25,0.1736895490174124,-0.43143910437741095,0.4025818412265978,SELECTED_STRATEGY,225.0,0.1736895490174124,-0.43143910437741095,0.4025818412265978,6.710931388753307,0.4036094031125289,False,189.0,0.25,0.31549306644623454,-0.2026723405360643,13.873860723040684,0.0,252
MODEL_B_FOUR_STATE,weekly,2020,2006-06-21,2019-12-31,2006-06-21,2019-12-31,2020-01-02,2020-12-31,SELECTED,45,7,"{""low_vol_quantile"": 0.25, ""ma_days"": 225, ""momentum_days"": 189}",225.0,189.0,0.25,0.1836369685923025,-0.43143910437741095,0.4256382111151009,SELECTED_STRATEGY,225.0,0.1836369685923025,-0.43143910437741095,0.4256382111151009,7.240771030970601,0.42830846318549903,False,189.0,0.25,0.48747477247339077,-0.49154420130742704,2.8325884990700514,0.0,253
MODEL_B_FOUR_STATE,weekly,2021,2006-06-21,2020-12-31,2006-06-21,2020-12-31,2021-01-04,2021-12-31,NO_ELIGIBLE_PARAMETER,45,0,,,,,,,,CASH_FALLBACK,,,,,,,,,,0.009720153161007383,0.0,1.0,19679.227158196474,252
MODEL_B_FOUR_STATE,weekly,2022,2006-06-21,2021-12-31,2006-06-21,2021-12-31,2022-01-03,2022-12-30,NO_ELIGIBLE_PARAMETER,45,0,,,,,,,,CASH_FALLBACK,,,,,,,,,,0.0,0.0,0.0,0.0,251
MODEL_B_FOUR_STATE,weekly,2023,2006-06-21,2022-12-31,2006-06-21,2022-12-31,2023-01-03,2023-12-29,NO_ELIGIBLE_PARAMETER,45,0,,,,,,,,CASH_FALLBACK,,,,,,,,,,0.0,0.0,0.0,0.0,250
MODEL_B_FOUR_STATE,weekly,2024,2006-06-21,2023-12-31,2006-06-21,2023-12-31,2024-01-02,2024-12-31,NO_ELIGIBLE_PARAMETER,45,0,,,,,,,,CASH_FALLBACK,,,,,,,,,,0.0,0.0,0.0,0.0,252
MODEL_B_FOUR_STATE,weekly,2025,2006-06-21,2024-12-31,2006-06-21,2024-12-31,2025-01-02,2025-12-31,NO_ELIGIBLE_PARAMETER,45,0,,,,,,,,CASH_FALLBACK,,,,,,,,,,0.0,0.0,0.0,0.0,250
MODEL_B_FOUR_STATE,weekly,2026,2006-06-21,2025-12-31,2006-06-21,2025-12-31,2026-01-02,2026-08-31,NO_ELIGIBLE_PARAMETER,45,0,,,,,,,,CASH_FALLBACK,,,,,,,,,,0.0,0.0,0.0,0.0,166
MODEL_A_QLD_TREND,monthly,2013,2006-06-21,2012-12-31,2006-06-21,2012-12-31,2013-01-02,2013-12-31,NO_ELIGIBLE_PARAMETER,5,0,,,,,,,,CASH_FALLBACK,,,,,,,,,,0.0,0.0,0.0,0.0,252
MODEL_A_QLD_TREND,monthly,2014,2006-06-21,2013-12-31,2006-06-21,2013-12-31,2014-01-02,2014-12-31,NO_ELIGIBLE_PARAMETER,5,0,,,,,,,,CASH_FALLBACK,,,,,,,,,,0.0,0.0,0.0,0.0,252
MODEL_A_QLD_TREND,monthly,2015,2006-06-21,2014-12-31,2006-06-21,2014-12-31,2015-01-02,2015-12-31,NO_ELIGIBLE_PARAMETER,5,0,,,,,,,,CASH_FALLBACK,,,,,,,,,,0.0,0.0,0.0,0.0,252
MODEL_A_QLD_TREND,monthly,2016,2006-06-21,2015-12-31,2006-06-21,2015-12-31,2016-01-04,2016-12-30,NO_ELIGIBLE_PARAMETER,5,0,,,,,,,,CASH_FALLBACK,,,,,,,,,,0.0,0.0,0.0,0.0,252
MODEL_A_QLD_TREND,monthly,2017,2006-06-21,2016-12-31,2006-06-21,2016-12-31,2017-01-03,2017-12-29,NO_ELIGIBLE_PARAMETER,5,0,,,,,,,,CASH_FALLBACK,,,,,,,,,,0.0,0.0,0.0,0.0,251
MODEL_A_QLD_TREND,monthly,2018,2006-06-21,2017-12-31,2006-06-21,2017-12-31,2018-01-02,2018-12-31,NO_ELIGIBLE_PARAMETER,5,0,,,,,,,,CASH_FALLBACK,,,,,,,,,,0.0,0.0,0.0,0.0,251
MODEL_A_QLD_TREND,monthly,2019,2006-06-21,2018-12-31,2006-06-21,2018-12-31,2019-01-02,2019-12-31,NO_ELIGIBLE_PARAMETER,5,0,,,,,,,,CASH_FALLBACK,,,,,,,,,,0.0,0.0,0.0,0.0,252
MODEL_A_QLD_TREND,monthly,2020,2006-06-21,2019-12-31,2006-06-21,2019-12-31,2020-01-02,2020-12-31,NO_ELIGIBLE_PARAMETER,5,0,,,,,,,,CASH_FALLBACK,,,,,,,,,,0.0,0.0,0.0,0.0,253
MODEL_A_QLD_TREND,monthly,2021,2006-06-21,2020-12-31,2006-06-21,2020-12-31,2021-01-04,2021-12-31,NO_ELIGIBLE_PARAMETER,5,0,,,,,,,,CASH_FALLBACK,,,,,,,,,,0.0,0.0,0.0,0.0,252
MODEL_A_QLD_TREND,monthly,2022,2006-06-21,2021-12-31,2006-06-21,2021-12-31,2022-01-03,2022-12-30,NO_ELIGIBLE_PARAMETER,5,0,,,,,,,,CASH_FALLBACK,,,,,,,,,,0.0,0.0,0.0,0.0,251
MODEL_A_QLD_TREND,monthly,2023,2006-06-21,2022-12-31,2006-06-21,2022-12-31,2023-01-03,2023-12-29,NO_ELIGIBLE_PARAMETER,5,0,,,,,,,,CASH_FALLBACK,,,,,,,,,,0.0,0.0,0.0,0.0,250
MODEL_A_QLD_TREND,monthly,2024,2006-06-21,2023-12-31,2006-06-21,2023-12-31,2024-01-02,2024-12-31,NO_ELIGIBLE_PARAMETER,5,0,,,,,,,,CASH_FALLBACK,,,,,,,,,,0.0,0.0,0.0,0.0,252
MODEL_A_QLD_TREND,monthly,2025,2006-06-21,2024-12-31,2006-06-21,2024-12-31,2025-01-02,2025-12-31,NO_ELIGIBLE_PARAMETER,5,0,,,,,,,,CASH_FALLBACK,,,,,,,,,,0.0,0.0,0.0,0.0,250
MODEL_A_QLD_TREND,monthly,2026,2006-06-21,2025-12-31,2006-06-21,2025-12-31,2026-01-02,2026-08-31,NO_ELIGIBLE_PARAMETER,5,0,,,,,,,,CASH_FALLBACK,,,,,,,,,,0.0,0.0,0.0,0.0,166
MODEL_B_FOUR_STATE,monthly,2013,2006-06-21,2012-12-31,2006-06-21,2012-12-31,2013-01-02,2013-12-31,NO_ELIGIBLE_PARAMETER,45,0,,,,,,,,CASH_FALLBACK,,,,,,,,,,0.0,0.0,0.0,0.0,252
MODEL_B_FOUR_STATE,monthly,2014,2006-06-21,2013-12-31,2006-06-21,2013-12-31,2014-01-02,2014-12-31,SELECTED,45,2,"{""low_vol_quantile"": 0.4, ""ma_days"": 225, ""momentum_days"": 126}",225.0,126.0,0.4,0.15115885054957934,-0.4464233196859124,0.3385998084865489,SELECTED_STRATEGY,225.0,0.15115885054957934,-0.4464233196859124,0.3385998084865489,3.168014304382278,0.3480860581729896,False,126.0,0.4,0.4034765032176748,-0.1760222614366833,1.6606964917701477,3451.7889647066568,252
MODEL_B_FOUR_STATE,monthly,2015,2006-06-21,2014-12-31,2006-06-21,2014-12-31,2015-01-02,2015-12-31,SELECTED,45,3,"{""low_vol_quantile"": 0.4, ""ma_days"": 225, ""momentum_days"": 126}",225.0,126.0,0.4,0.17694079754360925,-0.4464233196859124,0.39635204914496514,SELECTED_STRATEGY,225.0,0.17694079754360925,-0.4464233196859124,0.39635204914496514,2.9923315115087084,0.40491246906023504,False,126.0,0.4,-0.10320434891407815,-0.2889926204875809,2.8389702848347467,2830.5883036384303,252
MODEL_B_FOUR_STATE,monthly,2016,2006-06-21,2015-12-31,2006-06-21,2015-12-31,2016-01-04,2016-12-30,NO_ELIGIBLE_PARAMETER,45,0,,,,,,,,CASH_FALLBACK,,,,,,,,,,-0.04943944675889611,-0.04943944675889611,1.0,0.0,252
MODEL_B_FOUR_STATE,monthly,2017,2006-06-21,2016-12-31,2006-06-21,2016-12-31,2017-01-03,2017-12-29,NO_ELIGIBLE_PARAMETER,45,0,,,,,,,,CASH_FALLBACK,,,,,,,,,,0.0,0.0,0.0,0.0,251
MODEL_B_FOUR_STATE,monthly,2018,2006-06-21,2017-12-31,2006-06-21,2017-12-31,2018-01-02,2018-12-31,SELECTED,45,3,"{""low_vol_quantile"": 0.25, ""ma_days"": 225, ""momentum_days"": 126}",225.0,126.0,0.25,0.1609707644380436,-0.4464233196859124,0.3605787541549059,SELECTED_STRATEGY,225.0,0.1609707644380436,-0.4464233196859124,0.3605787541549059,3.795410668760109,0.3688106113980545,False,126.0,0.25,0.10645368683805057,-0.26290291692269585,3.613448095892475,723.1471121196561,251
MODEL_B_FOUR_STATE,monthly,2019,2006-06-21,2018-12-31,2006-06-21,2018-12-31,2019-01-02,2019-12-31,SELECTED,45,3,"{""low_vol_quantile"": 0.25, ""ma_days"": 225, ""momentum_days"": 126}",225.0,126.0,0.25,0.15752312054050321,-0.4464233196859124,0.35285594097398604,SELECTED_STRATEGY,225.0,0.15752312054050321,-0.4464233196859124,0.35285594097398604,3.700041984674904,0.36162345603381413,False,126.0,0.25,0.07549933378879037,-0.2903780646921952,6.18473262934534,2065.666847323843,252
MODEL_B_FOUR_STATE,monthly,2020,2006-06-21,2019-12-31,2006-06-21,2019-12-31,2020-01-02,2020-12-31,SELECTED,45,3,"{""low_vol_quantile"": 0.25, ""ma_days"": 225, ""momentum_days"": 126}",225.0,126.0,0.25,0.15125975839175654,-0.4464233196859124,0.3388258447120942,SELECTED_STRATEGY,225.0,0.15125975839175654,-0.4464233196859124,0.3388258447120942,3.8839032007166043,0.3494808801067623,False,126.0,0.25,0.43141065453957483,-0.517154219036865,2.4200735618553493,0.0,253
MODEL_B_FOUR_STATE,monthly,2021,2006-06-21,2020-12-31,2006-06-21,2020-12-31,2021-01-04,2021-12-31,NO_ELIGIBLE_PARAMETER,45,0,,,,,,,,CASH_FALLBACK,,,,,,,,,,0.009138030891478799,0.0,1.0,11549.718890581029,252
MODEL_B_FOUR_STATE,monthly,2022,2006-06-21,2021-12-31,2006-06-21,2021-12-31,2022-01-03,2022-12-30,NO_ELIGIBLE_PARAMETER,45,0,,,,,,,,CASH_FALLBACK,,,,,,,,,,0.0,0.0,0.0,0.0,251
MODEL_B_FOUR_STATE,monthly,2023,2006-06-21,2022-12-31,2006-06-21,2022-12-31,2023-01-03,2023-12-29,NO_ELIGIBLE_PARAMETER,45,0,,,,,,,,CASH_FALLBACK,,,,,,,,,,0.0,0.0,0.0,0.0,250
MODEL_B_FOUR_STATE,monthly,2024,2006-06-21,2023-12-31,2006-06-21,2023-12-31,2024-01-02,2024-12-31,NO_ELIGIBLE_PARAMETER,45,0,,,,,,,,CASH_FALLBACK,,,,,,,,,,0.0,0.0,0.0,0.0,252
MODEL_B_FOUR_STATE,monthly,2025,2006-06-21,2024-12-31,2006-06-21,2024-12-31,2025-01-02,2025-12-31,NO_ELIGIBLE_PARAMETER,45,0,,,,,,,,CASH_FALLBACK,,,,,,,,,,0.0,0.0,0.0,0.0,250
MODEL_B_FOUR_STATE,monthly,2026,2006-06-21,2025-12-31,2006-06-21,2025-12-31,2026-01-02,2026-08-31,NO_ELIGIBLE_PARAMETER,45,0,,,,,,,,CASH_FALLBACK,,,,,,,,,,0.0,0.0,0.0,0.0,166
MODEL_A_QLD_TREND,bimonthly,2013,2006-06-21,2012-12-31,2006-06-21,2012-12-31,2013-01-02,2013-12-31,NO_ELIGIBLE_PARAMETER,5,0,,,,,,,,CASH_FALLBACK,,,,,,,,,,0.0,0.0,0.0,0.0,252
MODEL_A_QLD_TREND,bimonthly,2014,2006-06-21,2013-12-31,2006-06-21,2013-12-31,2014-01-02,2014-12-31,NO_ELIGIBLE_PARAMETER,5,0,,,,,,,,CASH_FALLBACK,,,,,,,,,,0.0,0.0,0.0,0.0,252
MODEL_A_QLD_TREND,bimonthly,2015,2006-06-21,2014-12-31,2006-06-21,2014-12-31,2015-01-02,2015-12-31,NO_ELIGIBLE_PARAMETER,5,0,,,,,,,,CASH_FALLBACK,,,,,,,,,,0.0,0.0,0.0,0.0,252
MODEL_A_QLD_TREND,bimonthly,2016,2006-06-21,2015-12-31,2006-06-21,2015-12-31,2016-01-04,2016-12-30,NO_ELIGIBLE_PARAMETER,5,0,,,,,,,,CASH_FALLBACK,,,,,,,,,,0.0,0.0,0.0,0.0,252
MODEL_A_QLD_TREND,bimonthly,2017,2006-06-21,2016-12-31,2006-06-21,2016-12-31,2017-01-03,2017-12-29,NO_ELIGIBLE_PARAMETER,5,0,,,,,,,,CASH_FALLBACK,,,,,,,,,,0.0,0.0,0.0,0.0,251
MODEL_A_QLD_TREND,bimonthly,2018,2006-06-21,2017-12-31,2006-06-21,2017-12-31,2018-01-02,2018-12-31,NO_ELIGIBLE_PARAMETER,5,0,,,,,,,,CASH_FALLBACK,,,,,,,,,,0.0,0.0,0.0,0.0,251
MODEL_A_QLD_TREND,bimonthly,2019,2006-06-21,2018-12-31,2006-06-21,2018-12-31,2019-01-02,2019-12-31,NO_ELIGIBLE_PARAMETER,5,0,,,,,,,,CASH_FALLBACK,,,,,,,,,,0.0,0.0,0.0,0.0,252
MODEL_A_QLD_TREND,bimonthly,2020,2006-06-21,2019-12-31,2006-06-21,2019-12-31,2020-01-02,2020-12-31,NO_ELIGIBLE_PARAMETER,5,0,,,,,,,,CASH_FALLBACK,,,,,,,,,,0.0,0.0,0.0,0.0,253
MODEL_A_QLD_TREND,bimonthly,2021,2006-06-21,2020-12-31,2006-06-21,2020-12-31,2021-01-04,2021-12-31,NO_ELIGIBLE_PARAMETER,5,0,,,,,,,,CASH_FALLBACK,,,,,,,,,,0.0,0.0,0.0,0.0,252
MODEL_A_QLD_TREND,bimonthly,2022,2006-06-21,2021-12-31,2006-06-21,2021-12-31,2022-01-03,2022-12-30,NO_ELIGIBLE_PARAMETER,5,0,,,,,,,,CASH_FALLBACK,,,,,,,,,,0.0,0.0,0.0,0.0,251
MODEL_A_QLD_TREND,bimonthly,2023,2006-06-21,2022-12-31,2006-06-21,2022-12-31,2023-01-03,2023-12-29,NO_ELIGIBLE_PARAMETER,5,0,,,,,,,,CASH_FALLBACK,,,,,,,,,,0.0,0.0,0.0,0.0,250
MODEL_A_QLD_TREND,bimonthly,2024,2006-06-21,2023-12-31,2006-06-21,2023-12-31,2024-01-02,2024-12-31,NO_ELIGIBLE_PARAMETER,5,0,,,,,,,,CASH_FALLBACK,,,,,,,,,,0.0,0.0,0.0,0.0,252
MODEL_A_QLD_TREND,bimonthly,2025,2006-06-21,2024-12-31,2006-06-21,2024-12-31,2025-01-02,2025-12-31,NO_ELIGIBLE_PARAMETER,5,0,,,,,,,,CASH_FALLBACK,,,,,,,,,,0.0,0.0,0.0,0.0,250
MODEL_A_QLD_TREND,bimonthly,2026,2006-06-21,2025-12-31,2006-06-21,2025-12-31,2026-01-02,2026-08-31,NO_ELIGIBLE_PARAMETER,5,0,,,,,,,,CASH_FALLBACK,,,,,,,,,,0.0,0.0,0.0,0.0,166
MODEL_B_FOUR_STATE,bimonthly,2013,2006-06-21,2012-12-31,2006-06-21,2012-12-31,2013-01-02,2013-12-31,NO_ELIGIBLE_PARAMETER,45,0,,,,,,,,CASH_FALLBACK,,,,,,,,,,0.0,0.0,0.0,0.0,252
MODEL_B_FOUR_STATE,bimonthly,2014,2006-06-21,2013-12-31,2006-06-21,2013-12-31,2014-01-02,2014-12-31,SELECTED,45,2,"{""low_vol_quantile"": 0.4, ""ma_days"": 175, ""momentum_days"": 252}",175.0,252.0,0.4,0.15185856808977305,-0.4354148172680036,0.3487675707561006,SELECTED_STRATEGY,175.0,0.15185856808977305,-0.4354148172680036,0.3487675707561006,1.5639468627115065,0.3487675707561006,False,252.0,0.4,0.4013776184877218,-0.1758684858285614,1.2164939099726246,1661.5469482873311,252
MODEL_B_FOUR_STATE,bimonthly,2015,2006-06-21,2014-12-31,2006-06-21,2014-12-31,2015-01-02,2015-12-31,SELECTED,45,7,"{""low_vol_quantile"": 0.4, ""ma_days"": 175, ""momentum_days"": 252}",175.0,252.0,0.4,0.1773615798354835,-0.4354148172680036,0.40733932976450615,SELECTED_STRATEGY,175.0,0.1773615798354835,-0.4354148172680036,0.40733932976450615,1.5253192353961516,0.40733932976450615,False,252.0,0.4,-0.09224845999283926,-0.2894127346320945,2.416511430763987,4846.514820466726,252
MODEL_B_FOUR_STATE,bimonthly,2016,2006-06-21,2015-12-31,2006-06-21,2015-12-31,2016-01-04,2016-12-30,NO_ELIGIBLE_PARAMETER,45,0,,,,,,,,CASH_FALLBACK,,,,,,,,,,-0.0494567330477067,-0.0494567330477067,1.0,0.0,252
MODEL_B_FOUR_STATE,bimonthly,2017,2006-06-21,2016-12-31,2006-06-21,2016-12-31,2017-01-03,2017-12-29,NO_ELIGIBLE_PARAMETER,45,0,,,,,,,,CASH_FALLBACK,,,,,,,,,,0.0,0.0,0.0,0.0,251
MODEL_B_FOUR_STATE,bimonthly,2018,2006-06-21,2017-12-31,2006-06-21,2017-12-31,2018-01-02,2018-12-31,SELECTED,45,7,"{""low_vol_quantile"": 0.25, ""ma_days"": 175, ""momentum_days"": 252}",175.0,252.0,0.25,0.17524120396325804,-0.44127729895908796,0.3971226355324141,SELECTED_STRATEGY,175.0,0.17524120396325804,-0.44127729895908796,0.3971226355324141,1.7489513927478009,0.3971226355324141,False,252.0,0.25,0.10827022828649069,-0.26296377555869577,2.814578404678949,400.489743384669,251
MODEL_B_FOUR_STATE,bimonthly,2019,2006-06-21,2018-12-31,2006-06-21,2018-12-31,2019-01-02,2019-12-31,SELECTED,45,4,"{""low_vol_quantile"": 0.25, ""ma_days"": 175, ""momentum_days"": 252}",175.0,252.0,0.25,0.17075733194793652,-0.44127729895908796,0.3869615145640381,SELECTED_STRATEGY,175.0,0.17075733194793652,-0.44127729895908796,0.3869615145640381,1.7540896753889195,0.3869615145640381,False,252.0,0.25,0.4574923907281758,-0.23052127114183585,1.420530943249626,1314.375180907811,252
MODEL_B_FOUR_STATE,bimonthly,2020,2006-06-21,2019-12-31,2006-06-21,2019-12-31,2020-01-02,2020-12-31,SELECTED,45,6,"{""low_vol_quantile"": 0.25, ""ma_days"": 175, ""momentum_days"": 252}",175.0,252.0,0.25,0.1898802960949184,-0.44127729895908796,0.4302969958863049,SELECTED_STRATEGY,175.0,0.1898802960949184,-0.44127729895908796,0.4302969958863049,1.7295210041695244,0.4302969958863049,False,252.0,0.25,0.8711303982448118,-0.5306679735877728,0.7853203630657846,2319.1028263673766,253
MODEL_B_FOUR_STATE,bimonthly,2021,2006-06-21,2020-12-31,2006-06-21,2020-12-31,2021-01-04,2021-12-31,NO_ELIGIBLE_PARAMETER,45,0,,,,,,,,CASH_FALLBACK,,,,,,,,,,0.009138030891479021,0.0,1.0,40851.65679543482,252
MODEL_B_FOUR_STATE,bimonthly,2022,2006-06-21,2021-12-31,2006-06-21,2021-12-31,2022-01-03,2022-12-30,NO_ELIGIBLE_PARAMETER,45,0,,,,,,,,CASH_FALLBACK,,,,,,,,,,0.0,0.0,0.0,0.0,251
MODEL_B_FOUR_STATE,bimonthly,2023,2006-06-21,2022-12-31,2006-06-21,2022-12-31,2023-01-03,2023-12-29,NO_ELIGIBLE_PARAMETER,45,0,,,,,,,,CASH_FALLBACK,,,,,,,,,,0.0,0.0,0.0,0.0,250
MODEL_B_FOUR_STATE,bimonthly,2024,2006-06-21,2023-12-31,2006-06-21,2023-12-31,2024-01-02,2024-12-31,NO_ELIGIBLE_PARAMETER,45,0,,,,,,,,CASH_FALLBACK,,,,,,,,,,0.0,0.0,0.0,0.0,252
MODEL_B_FOUR_STATE,bimonthly,2025,2006-06-21,2024-12-31,2006-06-21,2024-12-31,2025-01-02,2025-12-31,NO_ELIGIBLE_PARAMETER,45,0,,,,,,,,CASH_FALLBACK,,,,,,,,,,0.0,0.0,0.0,0.0,250
MODEL_B_FOUR_STATE,bimonthly,2026,2006-06-21,2025-12-31,2006-06-21,2025-12-31,2026-01-02,2026-08-31,NO_ELIGIBLE_PARAMETER,45,0,,,,,,,,CASH_FALLBACK,,,,,,,,,,0.0,0.0,0.0,0.0,166
MODEL_A_QLD_TREND,quarterly,2013,2006-06-21,2012-12-31,2006-06-21,2012-12-31,2013-01-02,2013-12-31,NO_ELIGIBLE_PARAMETER,5,0,,,,,,,,CASH_FALLBACK,,,,,,,,,,0.0,0.0,0.0,0.0,252
MODEL_A_QLD_TREND,quarterly,2014,2006-06-21,2013-12-31,2006-06-21,2013-12-31,2014-01-02,2014-12-31,NO_ELIGIBLE_PARAMETER,5,0,,,,,,,,CASH_FALLBACK,,,,,,,,,,0.0,0.0,0.0,0.0,252
MODEL_A_QLD_TREND,quarterly,2015,2006-06-21,2014-12-31,2006-06-21,2014-12-31,2015-01-02,2015-12-31,NO_ELIGIBLE_PARAMETER,5,0,,,,,,,,CASH_FALLBACK,,,,,,,,,,0.0,0.0,0.0,0.0,252
MODEL_A_QLD_TREND,quarterly,2016,2006-06-21,2015-12-31,2006-06-21,2015-12-31,2016-01-04,2016-12-30,NO_ELIGIBLE_PARAMETER,5,0,,,,,,,,CASH_FALLBACK,,,,,,,,,,0.0,0.0,0.0,0.0,252
MODEL_A_QLD_TREND,quarterly,2017,2006-06-21,2016-12-31,2006-06-21,2016-12-31,2017-01-03,2017-12-29,NO_ELIGIBLE_PARAMETER,5,0,,,,,,,,CASH_FALLBACK,,,,,,,,,,0.0,0.0,0.0,0.0,251
MODEL_A_QLD_TREND,quarterly,2018,2006-06-21,2017-12-31,2006-06-21,2017-12-31,2018-01-02,2018-12-31,NO_ELIGIBLE_PARAMETER,5,0,,,,,,,,CASH_FALLBACK,,,,,,,,,,0.0,0.0,0.0,0.0,251
MODEL_A_QLD_TREND,quarterly,2019,2006-06-21,2018-12-31,2006-06-21,2018-12-31,2019-01-02,2019-12-31,NO_ELIGIBLE_PARAMETER,5,0,,,,,,,,CASH_FALLBACK,,,,,,,,,,0.0,0.0,0.0,0.0,252
MODEL_A_QLD_TREND,quarterly,2020,2006-06-21,2019-12-31,2006-06-21,2019-12-31,2020-01-02,2020-12-31,NO_ELIGIBLE_PARAMETER,5,0,,,,,,,,CASH_FALLBACK,,,,,,,,,,0.0,0.0,0.0,0.0,253
MODEL_A_QLD_TREND,quarterly,2021,2006-06-21,2020-12-31,2006-06-21,2020-12-31,2021-01-04,2021-12-31,NO_ELIGIBLE_PARAMETER,5,0,,,,,,,,CASH_FALLBACK,,,,,,,,,,0.0,0.0,0.0,0.0,252
MODEL_A_QLD_TREND,quarterly,2022,2006-06-21,2021-12-31,2006-06-21,2021-12-31,2022-01-03,2022-12-30,NO_ELIGIBLE_PARAMETER,5,0,,,,,,,,CASH_FALLBACK,,,,,,,,,,0.0,0.0,0.0,0.0,251
MODEL_A_QLD_TREND,quarterly,2023,2006-06-21,2022-12-31,2006-06-21,2022-12-31,2023-01-03,2023-12-29,NO_ELIGIBLE_PARAMETER,5,0,,,,,,,,CASH_FALLBACK,,,,,,,,,,0.0,0.0,0.0,0.0,250
MODEL_A_QLD_TREND,quarterly,2024,2006-06-21,2023-12-31,2006-06-21,2023-12-31,2024-01-02,2024-12-31,NO_ELIGIBLE_PARAMETER,5,0,,,,,,,,CASH_FALLBACK,,,,,,,,,,0.0,0.0,0.0,0.0,252
MODEL_A_QLD_TREND,quarterly,2025,2006-06-21,2024-12-31,2006-06-21,2024-12-31,2025-01-02,2025-12-31,NO_ELIGIBLE_PARAMETER,5,0,,,,,,,,CASH_FALLBACK,,,,,,,,,,0.0,0.0,0.0,0.0,250
MODEL_A_QLD_TREND,quarterly,2026,2006-06-21,2025-12-31,2006-06-21,2025-12-31,2026-01-02,2026-08-31,NO_ELIGIBLE_PARAMETER,5,0,,,,,,,,CASH_FALLBACK,,,,,,,,,,0.0,0.0,0.0,0.0,166
MODEL_B_FOUR_STATE,quarterly,2013,2006-06-21,2012-12-31,2006-06-21,2012-12-31,2013-01-02,2013-12-31,NO_ELIGIBLE_PARAMETER,45,0,,,,,,,,CASH_FALLBACK,,,,,,,,,,0.0,0.0,0.0,0.0,252
MODEL_B_FOUR_STATE,quarterly,2014,2006-06-21,2013-12-31,2006-06-21,2013-12-31,2014-01-02,2014-12-31,NO_ELIGIBLE_PARAMETER,45,0,,,,,,,,CASH_FALLBACK,,,,,,,,,,0.0,0.0,0.0,0.0,252
MODEL_B_FOUR_STATE,quarterly,2015,2006-06-21,2014-12-31,2006-06-21,2014-12-31,2015-01-02,2015-12-31,NO_ELIGIBLE_PARAMETER,45,0,,,,,,,,CASH_FALLBACK,,,,,,,,,,0.0,0.0,0.0,0.0,252
MODEL_B_FOUR_STATE,quarterly,2016,2006-06-21,2015-12-31,2006-06-21,2015-12-31,2016-01-04,2016-12-30,NO_ELIGIBLE_PARAMETER,45,0,,,,,,,,CASH_FALLBACK,,,,,,,,,,0.0,0.0,0.0,0.0,252
MODEL_B_FOUR_STATE,quarterly,2017,2006-06-21,2016-12-31,2006-06-21,2016-12-31,2017-01-03,2017-12-29,NO_ELIGIBLE_PARAMETER,45,0,,,,,,,,CASH_FALLBACK,,,,,,,,,,0.0,0.0,0.0,0.0,251
MODEL_B_FOUR_STATE,quarterly,2018,2006-06-21,2017-12-31,2006-06-21,2017-12-31,2018-01-02,2018-12-31,NO_ELIGIBLE_PARAMETER,45,0,,,,,,,,CASH_FALLBACK,,,,,,,,,,0.0,0.0,0.0,0.0,251
MODEL_B_FOUR_STATE,quarterly,2019,2006-06-21,2018-12-31,2006-06-21,2018-12-31,2019-01-02,2019-12-31,NO_ELIGIBLE_PARAMETER,45,0,,,,,,,,CASH_FALLBACK,,,,,,,,,,0.0,0.0,0.0,0.0,252
MODEL_B_FOUR_STATE,quarterly,2020,2006-06-21,2019-12-31,2006-06-21,2019-12-31,2020-01-02,2020-12-31,NO_ELIGIBLE_PARAMETER,45,0,,,,,,,,CASH_FALLBACK,,,,,,,,,,0.0,0.0,0.0,0.0,253
MODEL_B_FOUR_STATE,quarterly,2021,2006-06-21,2020-12-31,2006-06-21,2020-12-31,2021-01-04,2021-12-31,NO_ELIGIBLE_PARAMETER,45,0,,,,,,,,CASH_FALLBACK,,,,,,,,,,0.0,0.0,0.0,0.0,252
MODEL_B_FOUR_STATE,quarterly,2022,2006-06-21,2021-12-31,2006-06-21,2021-12-31,2022-01-03,2022-12-30,NO_ELIGIBLE_PARAMETER,45,0,,,,,,,,CASH_FALLBACK,,,,,,,,,,0.0,0.0,0.0,0.0,251
MODEL_B_FOUR_STATE,quarterly,2023,2006-06-21,2022-12-31,2006-06-21,2022-12-31,2023-01-03,2023-12-29,NO_ELIGIBLE_PARAMETER,45,0,,,,,,,,CASH_FALLBACK,,,,,,,,,,0.0,0.0,0.0,0.0,250
MODEL_B_FOUR_STATE,quarterly,2024,2006-06-21,2023-12-31,2006-06-21,2023-12-31,2024-01-02,2024-12-31,NO_ELIGIBLE_PARAMETER,45,0,,,,,,,,CASH_FALLBACK,,,,,,,,,,0.0,0.0,0.0,0.0,252
MODEL_B_FOUR_STATE,quarterly,2025,2006-06-21,2024-12-31,2006-06-21,2024-12-31,2025-01-02,2025-12-31,NO_ELIGIBLE_PARAMETER,45,0,,,,,,,,CASH_FALLBACK,,,,,,,,,,0.0,0.0,0.0,0.0,250
MODEL_B_FOUR_STATE,quarterly,2026,2006-06-21,2025-12-31,2006-06-21,2025-12-31,2026-01-02,2026-08-31,NO_ELIGIBLE_PARAMETER,45,0,,,,,,,,CASH_FALLBACK,,,,,,,,,,0.0,0.0,0.0,0.0,166
