model,frequency,test_year,old_selection_status,old_selected_ma_days,old_selected_momentum_days,old_selected_low_vol_quantile,old_selected_training_CAGR,old_selected_training_MaxDD,old_selected_training_Calmar,old_selected_training_turnover,new_selection_status,new_selected_ma_days,new_selected_momentum_days,new_selected_low_vol_quantile,new_selected_training_CAGR,new_selected_training_MaxDD,new_selected_training_Calmar,new_selected_training_turnover,selection_changed,old_training_cagr,new_training_cagr,old_training_max_drawdown,new_training_max_drawdown,old_training_calmar,new_training_calmar,old_training_turnover,new_training_turnover
MODEL_A_QLD_TREND,bimonthly,2013,NO_ELIGIBLE_PARAMETER,,,,,,,,NO_ELIGIBLE_PARAMETER,,,,,,,,False,,,,,,,,
MODEL_A_QLD_TREND,bimonthly,2014,NO_ELIGIBLE_PARAMETER,,,,,,,,NO_ELIGIBLE_PARAMETER,,,,,,,,False,,,,,,,,
MODEL_A_QLD_TREND,bimonthly,2015,NO_ELIGIBLE_PARAMETER,,,,,,,,NO_ELIGIBLE_PARAMETER,,,,,,,,False,,,,,,,,
MODEL_A_QLD_TREND,bimonthly,2016,NO_ELIGIBLE_PARAMETER,,,,,,,,NO_ELIGIBLE_PARAMETER,,,,,,,,False,,,,,,,,
MODEL_A_QLD_TREND,bimonthly,2017,NO_ELIGIBLE_PARAMETER,,,,,,,,NO_ELIGIBLE_PARAMETER,,,,,,,,False,,,,,,,,
MODEL_A_QLD_TREND,bimonthly,2018,NO_ELIGIBLE_PARAMETER,,,,,,,,NO_ELIGIBLE_PARAMETER,,,,,,,,False,,,,,,,,
MODEL_A_QLD_TREND,bimonthly,2019,NO_ELIGIBLE_PARAMETER,,,,,,,,NO_ELIGIBLE_PARAMETER,,,,,,,,False,,,,,,,,
MODEL_A_QLD_TREND,bimonthly,2020,NO_ELIGIBLE_PARAMETER,,,,,,,,NO_ELIGIBLE_PARAMETER,,,,,,,,False,,,,,,,,
MODEL_A_QLD_TREND,bimonthly,2021,NO_ELIGIBLE_PARAMETER,,,,,,,,NO_ELIGIBLE_PARAMETER,,,,,,,,False,,,,,,,,
MODEL_A_QLD_TREND,bimonthly,2022,NO_ELIGIBLE_PARAMETER,,,,,,,,NO_ELIGIBLE_PARAMETER,,,,,,,,False,,,,,,,,
MODEL_A_QLD_TREND,bimonthly,2023,NO_ELIGIBLE_PARAMETER,,,,,,,,NO_ELIGIBLE_PARAMETER,,,,,,,,False,,,,,,,,
MODEL_A_QLD_TREND,bimonthly,2024,NO_ELIGIBLE_PARAMETER,,,,,,,,NO_ELIGIBLE_PARAMETER,,,,,,,,False,,,,,,,,
MODEL_A_QLD_TREND,bimonthly,2025,NO_ELIGIBLE_PARAMETER,,,,,,,,NO_ELIGIBLE_PARAMETER,,,,,,,,False,,,,,,,,
MODEL_A_QLD_TREND,bimonthly,2026,NO_ELIGIBLE_PARAMETER,,,,,,,,NO_ELIGIBLE_PARAMETER,,,,,,,,False,,,,,,,,
MODEL_A_QLD_TREND,monthly,2013,NO_ELIGIBLE_PARAMETER,,,,,,,,NO_ELIGIBLE_PARAMETER,,,,,,,,False,,,,,,,,
MODEL_A_QLD_TREND,monthly,2014,NO_ELIGIBLE_PARAMETER,,,,,,,,NO_ELIGIBLE_PARAMETER,,,,,,,,False,,,,,,,,
MODEL_A_QLD_TREND,monthly,2015,NO_ELIGIBLE_PARAMETER,,,,,,,,NO_ELIGIBLE_PARAMETER,,,,,,,,False,,,,,,,,
MODEL_A_QLD_TREND,monthly,2016,NO_ELIGIBLE_PARAMETER,,,,,,,,NO_ELIGIBLE_PARAMETER,,,,,,,,False,,,,,,,,
MODEL_A_QLD_TREND,monthly,2017,NO_ELIGIBLE_PARAMETER,,,,,,,,NO_ELIGIBLE_PARAMETER,,,,,,,,False,,,,,,,,
MODEL_A_QLD_TREND,monthly,2018,NO_ELIGIBLE_PARAMETER,,,,,,,,NO_ELIGIBLE_PARAMETER,,,,,,,,False,,,,,,,,
MODEL_A_QLD_TREND,monthly,2019,NO_ELIGIBLE_PARAMETER,,,,,,,,NO_ELIGIBLE_PARAMETER,,,,,,,,False,,,,,,,,
MODEL_A_QLD_TREND,monthly,2020,NO_ELIGIBLE_PARAMETER,,,,,,,,NO_ELIGIBLE_PARAMETER,,,,,,,,False,,,,,,,,
MODEL_A_QLD_TREND,monthly,2021,NO_ELIGIBLE_PARAMETER,,,,,,,,NO_ELIGIBLE_PARAMETER,,,,,,,,False,,,,,,,,
MODEL_A_QLD_TREND,monthly,2022,NO_ELIGIBLE_PARAMETER,,,,,,,,NO_ELIGIBLE_PARAMETER,,,,,,,,False,,,,,,,,
MODEL_A_QLD_TREND,monthly,2023,NO_ELIGIBLE_PARAMETER,,,,,,,,NO_ELIGIBLE_PARAMETER,,,,,,,,False,,,,,,,,
MODEL_A_QLD_TREND,monthly,2024,NO_ELIGIBLE_PARAMETER,,,,,,,,NO_ELIGIBLE_PARAMETER,,,,,,,,False,,,,,,,,
MODEL_A_QLD_TREND,monthly,2025,NO_ELIGIBLE_PARAMETER,,,,,,,,NO_ELIGIBLE_PARAMETER,,,,,,,,False,,,,,,,,
MODEL_A_QLD_TREND,monthly,2026,NO_ELIGIBLE_PARAMETER,,,,,,,,NO_ELIGIBLE_PARAMETER,,,,,,,,False,,,,,,,,
MODEL_A_QLD_TREND,quarterly,2013,NO_ELIGIBLE_PARAMETER,,,,,,,,NO_ELIGIBLE_PARAMETER,,,,,,,,False,,,,,,,,
MODEL_A_QLD_TREND,quarterly,2014,NO_ELIGIBLE_PARAMETER,,,,,,,,NO_ELIGIBLE_PARAMETER,,,,,,,,False,,,,,,,,
MODEL_A_QLD_TREND,quarterly,2015,NO_ELIGIBLE_PARAMETER,,,,,,,,NO_ELIGIBLE_PARAMETER,,,,,,,,False,,,,,,,,
MODEL_A_QLD_TREND,quarterly,2016,NO_ELIGIBLE_PARAMETER,,,,,,,,NO_ELIGIBLE_PARAMETER,,,,,,,,False,,,,,,,,
MODEL_A_QLD_TREND,quarterly,2017,NO_ELIGIBLE_PARAMETER,,,,,,,,NO_ELIGIBLE_PARAMETER,,,,,,,,False,,,,,,,,
MODEL_A_QLD_TREND,quarterly,2018,NO_ELIGIBLE_PARAMETER,,,,,,,,NO_ELIGIBLE_PARAMETER,,,,,,,,False,,,,,,,,
MODEL_A_QLD_TREND,quarterly,2019,NO_ELIGIBLE_PARAMETER,,,,,,,,NO_ELIGIBLE_PARAMETER,,,,,,,,False,,,,,,,,
MODEL_A_QLD_TREND,quarterly,2020,NO_ELIGIBLE_PARAMETER,,,,,,,,NO_ELIGIBLE_PARAMETER,,,,,,,,False,,,,,,,,
MODEL_A_QLD_TREND,quarterly,2021,NO_ELIGIBLE_PARAMETER,,,,,,,,NO_ELIGIBLE_PARAMETER,,,,,,,,False,,,,,,,,
MODEL_A_QLD_TREND,quarterly,2022,NO_ELIGIBLE_PARAMETER,,,,,,,,NO_ELIGIBLE_PARAMETER,,,,,,,,False,,,,,,,,
MODEL_A_QLD_TREND,quarterly,2023,NO_ELIGIBLE_PARAMETER,,,,,,,,NO_ELIGIBLE_PARAMETER,,,,,,,,False,,,,,,,,
MODEL_A_QLD_TREND,quarterly,2024,NO_ELIGIBLE_PARAMETER,,,,,,,,NO_ELIGIBLE_PARAMETER,,,,,,,,False,,,,,,,,
MODEL_A_QLD_TREND,quarterly,2025,NO_ELIGIBLE_PARAMETER,,,,,,,,NO_ELIGIBLE_PARAMETER,,,,,,,,False,,,,,,,,
MODEL_A_QLD_TREND,quarterly,2026,NO_ELIGIBLE_PARAMETER,,,,,,,,NO_ELIGIBLE_PARAMETER,,,,,,,,False,,,,,,,,
MODEL_A_QLD_TREND,weekly,2013,NO_ELIGIBLE_PARAMETER,,,,,,,,NO_ELIGIBLE_PARAMETER,,,,,,,,False,,,,,,,,
MODEL_A_QLD_TREND,weekly,2014,NO_ELIGIBLE_PARAMETER,,,,,,,,NO_ELIGIBLE_PARAMETER,,,,,,,,False,,,,,,,,
MODEL_A_QLD_TREND,weekly,2015,SELECTED,225.0,,,0.1731856881516218,-0.4226037499420016,0.4098063213480474,3.516714994805968,SELECTED,225.0,,,0.1731856881516218,-0.4226037499420016,0.4098063213480474,3.5167775261646868,False,0.1731856881516218,0.1731856881516218,-0.4226037499420016,-0.4226037499420016,0.4098063213480474,0.4098063213480474,3.516714994805968,3.5167775261646868
MODEL_A_QLD_TREND,weekly,2016,NO_ELIGIBLE_PARAMETER,,,,,,,,NO_ELIGIBLE_PARAMETER,,,,,,,,False,,,,,,,,
MODEL_A_QLD_TREND,weekly,2017,NO_ELIGIBLE_PARAMETER,,,,,,,,NO_ELIGIBLE_PARAMETER,,,,,,,,False,,,,,,,,
MODEL_A_QLD_TREND,weekly,2018,SELECTED,225.0,,,0.1635751480974157,-0.424400855304315,0.3854260566466689,3.471020533538711,SELECTED,225.0,,,0.1635751480974157,-0.424400855304315,0.3854260566466689,3.470265936169477,False,0.1635751480974157,0.1635751480974157,-0.424400855304315,-0.424400855304315,0.3854260566466689,0.3854260566466689,3.471020533538711,3.470265936169477
MODEL_A_QLD_TREND,weekly,2019,SELECTED,225.0,,,0.1560108986481243,-0.424400855304315,0.3676026961261831,3.435955635152616,SELECTED,225.0,,,0.1560108986481243,-0.424400855304315,0.3676026961261831,3.4313629352281896,False,0.1560108986481243,0.1560108986481243,-0.424400855304315,-0.424400855304315,0.3676026961261831,0.3676026961261831,3.435955635152616,3.4313629352281896
MODEL_A_QLD_TREND,weekly,2020,SELECTED,225.0,,,0.1694122315574764,-0.424400855304315,0.3991797599842253,3.4025244829600485,SELECTED,225.0,,,0.1694122315574764,-0.424400855304315,0.3991797599842253,3.3995753337660246,False,0.1694122315574764,0.1694122315574764,-0.424400855304315,-0.424400855304315,0.3991797599842253,0.3991797599842253,3.4025244829600485,3.3995753337660246
MODEL_A_QLD_TREND,weekly,2021,NO_ELIGIBLE_PARAMETER,,,,,,,,NO_ELIGIBLE_PARAMETER,,,,,,,,False,,,,,,,,
MODEL_A_QLD_TREND,weekly,2022,NO_ELIGIBLE_PARAMETER,,,,,,,,NO_ELIGIBLE_PARAMETER,,,,,,,,False,,,,,,,,
MODEL_A_QLD_TREND,weekly,2023,NO_ELIGIBLE_PARAMETER,,,,,,,,NO_ELIGIBLE_PARAMETER,,,,,,,,False,,,,,,,,
MODEL_A_QLD_TREND,weekly,2024,NO_ELIGIBLE_PARAMETER,,,,,,,,NO_ELIGIBLE_PARAMETER,,,,,,,,False,,,,,,,,
MODEL_A_QLD_TREND,weekly,2025,NO_ELIGIBLE_PARAMETER,,,,,,,,NO_ELIGIBLE_PARAMETER,,,,,,,,False,,,,,,,,
MODEL_A_QLD_TREND,weekly,2026,NO_ELIGIBLE_PARAMETER,,,,,,,,NO_ELIGIBLE_PARAMETER,,,,,,,,False,,,,,,,,
MODEL_B_FOUR_STATE,bimonthly,2013,NO_ELIGIBLE_PARAMETER,,,,,,,,NO_ELIGIBLE_PARAMETER,,,,,,,,False,,,,,,,,
MODEL_B_FOUR_STATE,bimonthly,2014,SELECTED,175.0,252.0,0.4,0.151858568089773,-0.4354148172680036,0.3487675707561006,1.5639468627115063,SELECTED,175.0,252.0,0.4,0.151858568089773,-0.4354148172680036,0.3487675707561006,1.5639468627115063,False,0.151858568089773,0.151858568089773,-0.4354148172680036,-0.4354148172680036,0.3487675707561006,0.3487675707561006,1.5639468627115063,1.5639468627115063
MODEL_B_FOUR_STATE,bimonthly,2015,SELECTED,175.0,252.0,0.4,0.1773615798354835,-0.4354148172680036,0.4073393297645061,1.5253192353961516,SELECTED,175.0,252.0,0.4,0.1773615798354835,-0.4354148172680036,0.4073393297645061,1.5253192353961516,False,0.1773615798354835,0.1773615798354835,-0.4354148172680036,-0.4354148172680036,0.4073393297645061,0.4073393297645061,1.5253192353961516,1.5253192353961516
MODEL_B_FOUR_STATE,bimonthly,2016,NO_ELIGIBLE_PARAMETER,,,,,,,,NO_ELIGIBLE_PARAMETER,,,,,,,,False,,,,,,,,
MODEL_B_FOUR_STATE,bimonthly,2017,NO_ELIGIBLE_PARAMETER,,,,,,,,NO_ELIGIBLE_PARAMETER,,,,,,,,False,,,,,,,,
MODEL_B_FOUR_STATE,bimonthly,2018,SELECTED,175.0,252.0,0.25,0.175241203963258,-0.4412772989590879,0.3971226355324141,1.7489513927478009,SELECTED,175.0,252.0,0.25,0.175241203963258,-0.4412772989590879,0.3971226355324141,1.7489513927478009,False,0.175241203963258,0.175241203963258,-0.4412772989590879,-0.4412772989590879,0.3971226355324141,0.3971226355324141,1.7489513927478009,1.7489513927478009
MODEL_B_FOUR_STATE,bimonthly,2019,SELECTED,175.0,252.0,0.25,0.1707573319479365,-0.4412772989590879,0.3869615145640381,1.7540896753889197,SELECTED,175.0,252.0,0.25,0.1707573319479365,-0.4412772989590879,0.3869615145640381,1.7540896753889197,False,0.1707573319479365,0.1707573319479365,-0.4412772989590879,-0.4412772989590879,0.3869615145640381,0.3869615145640381,1.7540896753889197,1.7540896753889197
MODEL_B_FOUR_STATE,bimonthly,2020,SELECTED,175.0,252.0,0.25,0.1898802960949184,-0.4412772989590879,0.4302969958863049,1.7295210041695244,SELECTED,175.0,252.0,0.25,0.1898802960949184,-0.4412772989590879,0.4302969958863049,1.7295210041695244,False,0.1898802960949184,0.1898802960949184,-0.4412772989590879,-0.4412772989590879,0.4302969958863049,0.4302969958863049,1.7295210041695244,1.7295210041695244
MODEL_B_FOUR_STATE,bimonthly,2021,NO_ELIGIBLE_PARAMETER,,,,,,,,NO_ELIGIBLE_PARAMETER,,,,,,,,False,,,,,,,,
MODEL_B_FOUR_STATE,bimonthly,2022,NO_ELIGIBLE_PARAMETER,,,,,,,,NO_ELIGIBLE_PARAMETER,,,,,,,,False,,,,,,,,
MODEL_B_FOUR_STATE,bimonthly,2023,NO_ELIGIBLE_PARAMETER,,,,,,,,NO_ELIGIBLE_PARAMETER,,,,,,,,False,,,,,,,,
MODEL_B_FOUR_STATE,bimonthly,2024,NO_ELIGIBLE_PARAMETER,,,,,,,,NO_ELIGIBLE_PARAMETER,,,,,,,,False,,,,,,,,
MODEL_B_FOUR_STATE,bimonthly,2025,NO_ELIGIBLE_PARAMETER,,,,,,,,NO_ELIGIBLE_PARAMETER,,,,,,,,False,,,,,,,,
MODEL_B_FOUR_STATE,bimonthly,2026,NO_ELIGIBLE_PARAMETER,,,,,,,,NO_ELIGIBLE_PARAMETER,,,,,,,,False,,,,,,,,
MODEL_B_FOUR_STATE,monthly,2013,NO_ELIGIBLE_PARAMETER,,,,,,,,NO_ELIGIBLE_PARAMETER,,,,,,,,False,,,,,,,,
MODEL_B_FOUR_STATE,monthly,2014,SELECTED,225.0,126.0,0.4,0.1511588505495793,-0.4464233196859124,0.3385998084865489,3.168014304382278,SELECTED,225.0,126.0,0.4,0.1511588505495793,-0.4464233196859124,0.3385998084865489,3.168014304382278,False,0.1511588505495793,0.1511588505495793,-0.4464233196859124,-0.4464233196859124,0.3385998084865489,0.3385998084865489,3.168014304382278,3.168014304382278
MODEL_B_FOUR_STATE,monthly,2015,SELECTED,225.0,126.0,0.4,0.1769407975436092,-0.4464233196859124,0.3963520491449651,2.9923315115087084,SELECTED,225.0,126.0,0.4,0.1769407975436092,-0.4464233196859124,0.3963520491449651,2.9923315115087084,False,0.1769407975436092,0.1769407975436092,-0.4464233196859124,-0.4464233196859124,0.3963520491449651,0.3963520491449651,2.9923315115087084,2.9923315115087084
MODEL_B_FOUR_STATE,monthly,2016,NO_ELIGIBLE_PARAMETER,,,,,,,,NO_ELIGIBLE_PARAMETER,,,,,,,,False,,,,,,,,
MODEL_B_FOUR_STATE,monthly,2017,NO_ELIGIBLE_PARAMETER,,,,,,,,NO_ELIGIBLE_PARAMETER,,,,,,,,False,,,,,,,,
MODEL_B_FOUR_STATE,monthly,2018,SELECTED,225.0,126.0,0.25,0.1609707644380436,-0.4464233196859124,0.3605787541549059,3.795410668760109,SELECTED,225.0,126.0,0.25,0.1609707644380436,-0.4464233196859124,0.3605787541549059,3.795410668760109,False,0.1609707644380436,0.1609707644380436,-0.4464233196859124,-0.4464233196859124,0.3605787541549059,0.3605787541549059,3.795410668760109,3.795410668760109
MODEL_B_FOUR_STATE,monthly,2019,SELECTED,225.0,126.0,0.25,0.1575231205405032,-0.4464233196859124,0.352855940973986,3.700041984674904,SELECTED,225.0,126.0,0.25,0.1575231205405032,-0.4464233196859124,0.352855940973986,3.700041984674904,False,0.1575231205405032,0.1575231205405032,-0.4464233196859124,-0.4464233196859124,0.352855940973986,0.352855940973986,3.700041984674904,3.700041984674904
MODEL_B_FOUR_STATE,monthly,2020,SELECTED,225.0,126.0,0.25,0.1512597583917565,-0.4464233196859124,0.3388258447120942,3.883903200716604,SELECTED,225.0,126.0,0.25,0.1512597583917565,-0.4464233196859124,0.3388258447120942,3.883903200716604,False,0.1512597583917565,0.1512597583917565,-0.4464233196859124,-0.4464233196859124,0.3388258447120942,0.3388258447120942,3.883903200716604,3.883903200716604
MODEL_B_FOUR_STATE,monthly,2021,NO_ELIGIBLE_PARAMETER,,,,,,,,NO_ELIGIBLE_PARAMETER,,,,,,,,False,,,,,,,,
MODEL_B_FOUR_STATE,monthly,2022,NO_ELIGIBLE_PARAMETER,,,,,,,,NO_ELIGIBLE_PARAMETER,,,,,,,,False,,,,,,,,
MODEL_B_FOUR_STATE,monthly,2023,NO_ELIGIBLE_PARAMETER,,,,,,,,NO_ELIGIBLE_PARAMETER,,,,,,,,False,,,,,,,,
MODEL_B_FOUR_STATE,monthly,2024,NO_ELIGIBLE_PARAMETER,,,,,,,,NO_ELIGIBLE_PARAMETER,,,,,,,,False,,,,,,,,
MODEL_B_FOUR_STATE,monthly,2025,NO_ELIGIBLE_PARAMETER,,,,,,,,NO_ELIGIBLE_PARAMETER,,,,,,,,False,,,,,,,,
MODEL_B_FOUR_STATE,monthly,2026,NO_ELIGIBLE_PARAMETER,,,,,,,,NO_ELIGIBLE_PARAMETER,,,,,,,,False,,,,,,,,
MODEL_B_FOUR_STATE,quarterly,2013,NO_ELIGIBLE_PARAMETER,,,,,,,,NO_ELIGIBLE_PARAMETER,,,,,,,,False,,,,,,,,
MODEL_B_FOUR_STATE,quarterly,2014,NO_ELIGIBLE_PARAMETER,,,,,,,,NO_ELIGIBLE_PARAMETER,,,,,,,,False,,,,,,,,
MODEL_B_FOUR_STATE,quarterly,2015,NO_ELIGIBLE_PARAMETER,,,,,,,,NO_ELIGIBLE_PARAMETER,,,,,,,,False,,,,,,,,
MODEL_B_FOUR_STATE,quarterly,2016,NO_ELIGIBLE_PARAMETER,,,,,,,,NO_ELIGIBLE_PARAMETER,,,,,,,,False,,,,,,,,
MODEL_B_FOUR_STATE,quarterly,2017,NO_ELIGIBLE_PARAMETER,,,,,,,,NO_ELIGIBLE_PARAMETER,,,,,,,,False,,,,,,,,
MODEL_B_FOUR_STATE,quarterly,2018,NO_ELIGIBLE_PARAMETER,,,,,,,,NO_ELIGIBLE_PARAMETER,,,,,,,,False,,,,,,,,
MODEL_B_FOUR_STATE,quarterly,2019,NO_ELIGIBLE_PARAMETER,,,,,,,,NO_ELIGIBLE_PARAMETER,,,,,,,,False,,,,,,,,
MODEL_B_FOUR_STATE,quarterly,2020,NO_ELIGIBLE_PARAMETER,,,,,,,,NO_ELIGIBLE_PARAMETER,,,,,,,,False,,,,,,,,
MODEL_B_FOUR_STATE,quarterly,2021,NO_ELIGIBLE_PARAMETER,,,,,,,,NO_ELIGIBLE_PARAMETER,,,,,,,,False,,,,,,,,
MODEL_B_FOUR_STATE,quarterly,2022,NO_ELIGIBLE_PARAMETER,,,,,,,,NO_ELIGIBLE_PARAMETER,,,,,,,,False,,,,,,,,
MODEL_B_FOUR_STATE,quarterly,2023,NO_ELIGIBLE_PARAMETER,,,,,,,,NO_ELIGIBLE_PARAMETER,,,,,,,,False,,,,,,,,
MODEL_B_FOUR_STATE,quarterly,2024,NO_ELIGIBLE_PARAMETER,,,,,,,,NO_ELIGIBLE_PARAMETER,,,,,,,,False,,,,,,,,
MODEL_B_FOUR_STATE,quarterly,2025,NO_ELIGIBLE_PARAMETER,,,,,,,,NO_ELIGIBLE_PARAMETER,,,,,,,,False,,,,,,,,
MODEL_B_FOUR_STATE,quarterly,2026,NO_ELIGIBLE_PARAMETER,,,,,,,,NO_ELIGIBLE_PARAMETER,,,,,,,,False,,,,,,,,
MODEL_B_FOUR_STATE,weekly,2013,NO_ELIGIBLE_PARAMETER,,,,,,,,NO_ELIGIBLE_PARAMETER,,,,,,,,False,,,,,,,,
MODEL_B_FOUR_STATE,weekly,2014,SELECTED,250.0,189.0,0.25,0.1742515686959911,-0.3808437175632083,0.4575408774258452,6.89016648230556,SELECTED,250.0,189.0,0.25,0.1742515686959911,-0.3808437175632083,0.4575408774258452,6.89016648230556,False,0.1742515686959911,0.1742515686959911,-0.3808437175632083,-0.3808437175632083,0.4575408774258452,0.4575408774258452,6.89016648230556,6.89016648230556
MODEL_B_FOUR_STATE,weekly,2015,SELECTED,250.0,189.0,0.25,0.1976775989135071,-0.3808437175632083,0.5190517521946485,6.424388960362111,SELECTED,250.0,189.0,0.25,0.1976775989135071,-0.3808437175632083,0.5190517521946485,6.424388960362111,False,0.1976775989135071,0.1976775989135071,-0.3808437175632083,-0.3808437175632083,0.5190517521946485,0.5190517521946485,6.424388960362111,6.424388960362111
MODEL_B_FOUR_STATE,weekly,2016,SELECTED,225.0,189.0,0.25,0.1547833323991971,-0.3868406950090309,0.4001216376565131,6.7225914739470864,SELECTED,225.0,189.0,0.25,0.1547833323991971,-0.3868406950090309,0.4001216376565131,6.7225914739470864,False,0.1547833323991971,0.1547833323991971,-0.3868406950090309,-0.3868406950090309,0.4001216376565131,0.4001216376565131,6.7225914739470864,6.7225914739470864
MODEL_B_FOUR_STATE,weekly,2017,NO_ELIGIBLE_PARAMETER,,,,,,,,NO_ELIGIBLE_PARAMETER,,,,,,,,False,,,,,,,,
MODEL_B_FOUR_STATE,weekly,2018,SELECTED,225.0,189.0,0.25,0.182628031068724,-0.4314391043774109,0.4232996712995355,6.859716227443115,SELECTED,225.0,189.0,0.25,0.182628031068724,-0.4314391043774109,0.4232996712995355,6.859716227443115,False,0.182628031068724,0.182628031068724,-0.4314391043774109,-0.4314391043774109,0.4232996712995355,0.4232996712995355,6.859716227443115,6.859716227443115
MODEL_B_FOUR_STATE,weekly,2019,SELECTED,225.0,189.0,0.25,0.1736895490174124,-0.4314391043774109,0.4025818412265978,6.710931388753307,SELECTED,225.0,189.0,0.25,0.1736895490174124,-0.4314391043774109,0.4025818412265978,6.710931388753307,False,0.1736895490174124,0.1736895490174124,-0.4314391043774109,-0.4314391043774109,0.4025818412265978,0.4025818412265978,6.710931388753307,6.710931388753307
MODEL_B_FOUR_STATE,weekly,2020,SELECTED,225.0,189.0,0.25,0.1836369685923025,-0.4314391043774109,0.4256382111151009,7.240771030970601,SELECTED,225.0,189.0,0.25,0.1836369685923025,-0.4314391043774109,0.4256382111151009,7.240771030970601,False,0.1836369685923025,0.1836369685923025,-0.4314391043774109,-0.4314391043774109,0.4256382111151009,0.4256382111151009,7.240771030970601,7.240771030970601
MODEL_B_FOUR_STATE,weekly,2021,NO_ELIGIBLE_PARAMETER,,,,,,,,NO_ELIGIBLE_PARAMETER,,,,,,,,False,,,,,,,,
MODEL_B_FOUR_STATE,weekly,2022,NO_ELIGIBLE_PARAMETER,,,,,,,,NO_ELIGIBLE_PARAMETER,,,,,,,,False,,,,,,,,
MODEL_B_FOUR_STATE,weekly,2023,NO_ELIGIBLE_PARAMETER,,,,,,,,NO_ELIGIBLE_PARAMETER,,,,,,,,False,,,,,,,,
MODEL_B_FOUR_STATE,weekly,2024,NO_ELIGIBLE_PARAMETER,,,,,,,,NO_ELIGIBLE_PARAMETER,,,,,,,,False,,,,,,,,
MODEL_B_FOUR_STATE,weekly,2025,NO_ELIGIBLE_PARAMETER,,,,,,,,NO_ELIGIBLE_PARAMETER,,,,,,,,False,,,,,,,,
MODEL_B_FOUR_STATE,weekly,2026,NO_ELIGIBLE_PARAMETER,,,,,,,,NO_ELIGIBLE_PARAMETER,,,,,,,,False,,,,,,,,
