date,realized_gain,loss_pool,tax_paid,cumulative_tax_paid,strategy,model,frequency,tax_mode
2015-08-24,96455.58187264488,0.0,19594.951457427807,19594.951457427807,FIXED_QLD_MA200_weekly,FIXED_QLD_MA200,weekly,after_tax
2016-01-11,-7555.124487739609,7555.124487739609,0.0,19594.951457427807,FIXED_QLD_MA200_weekly,FIXED_QLD_MA200,weekly,after_tax
2016-05-02,-4895.139333947533,12450.263821687142,0.0,19594.951457427807,FIXED_QLD_MA200_weekly,FIXED_QLD_MA200,weekly,after_tax
2016-06-20,-7029.828827880352,19480.092649567494,0.0,19594.951457427807,FIXED_QLD_MA200_weekly,FIXED_QLD_MA200,weekly,after_tax
2018-10-29,206733.02136199738,0.0,38040.43246793013,57635.383925357935,FIXED_QLD_MA200_weekly,FIXED_QLD_MA200,weekly,after_tax
2019-03-11,587.6108704890357,0.0,119.3731483398476,57754.75707369778,FIXED_QLD_MA200_weekly,FIXED_QLD_MA200,weekly,after_tax
2020-03-16,-43832.499471877236,43832.499471877236,0.0,57754.75707369778,FIXED_QLD_MA200_weekly,FIXED_QLD_MA200,weekly,after_tax
2022-01-24,489241.12051116256,0.0,90484.76136413081,148239.51843782858,FIXED_QLD_MA200_weekly,FIXED_QLD_MA200,weekly,after_tax
2023-03-13,-37962.11229896266,37962.11229896266,0.0,148239.51843782858,FIXED_QLD_MA200_weekly,FIXED_QLD_MA200,weekly,after_tax
2025-03-10,731136.7421929106,0.0,140818.42606295552,289057.9445007841,FIXED_QLD_MA200_weekly,FIXED_QLD_MA200,weekly,after_tax
2026-03-23,301297.1684889889,0.0,61208.51977853809,350266.4642793222,FIXED_QLD_MA200_weekly,FIXED_QLD_MA200,weekly,after_tax
2015-08-24,-19154.61499460727,19154.61499460727,0.0,0.0,MODEL_A_QLD_TREND_weekly,MODEL_A_QLD_TREND,weekly,after_tax
2015-09-08,-1650.2628084977478,20804.877803105017,0.0,0.0,MODEL_A_QLD_TREND_weekly,MODEL_A_QLD_TREND,weekly,after_tax
2016-01-04,3595.4051240461704,17209.472679058847,0.0,0.0,MODEL_A_QLD_TREND_weekly,MODEL_A_QLD_TREND,weekly,after_tax
2018-10-29,9186.434875847524,8023.037803211322,0.0,0.0,MODEL_A_QLD_TREND_weekly,MODEL_A_QLD_TREND,weekly,after_tax
2018-11-19,-4057.6198322735145,12080.657635484837,0.0,0.0,MODEL_A_QLD_TREND_weekly,MODEL_A_QLD_TREND,weekly,after_tax
2019-06-03,938.5801641347934,11142.077471350043,0.0,0.0,MODEL_A_QLD_TREND_weekly,MODEL_A_QLD_TREND,weekly,after_tax
2020-03-16,-14341.506791003718,25483.58426235376,0.0,0.0,MODEL_A_QLD_TREND_weekly,MODEL_A_QLD_TREND,weekly,after_tax
2021-01-04,101903.69127023338,0.0,15524.744738650745,15524.744738650745,MODEL_A_QLD_TREND_weekly,MODEL_A_QLD_TREND,weekly,after_tax
2013-01-22,394.59772136871493,0.0,80.16252709605443,80.16252709605443,PHASE7A_FIXED_weekly,PHASE7A_FIXED,weekly,after_tax
2013-01-28,0.6868747980495385,0.0,0.13953861522376376,80.3020657112782,PHASE7A_FIXED_weekly,PHASE7A_FIXED,weekly,after_tax
2013-02-04,0.053433925099949056,0.0,0.010855101884054651,80.31292081316226,PHASE7A_FIXED_weekly,PHASE7A_FIXED,weekly,after_tax
2013-02-11,6.212408321365298,0.0,1.2620507504853602,81.57497156364762,PHASE7A_FIXED_weekly,PHASE7A_FIXED,weekly,after_tax
2013-02-19,1.500417552177047,0.0,0.3048098257247671,81.87978138937238,PHASE7A_FIXED_weekly,PHASE7A_FIXED,weekly,after_tax
2013-02-25,3.0501044841542804,0.0,0.6196287259559421,82.49941011532833,PHASE7A_FIXED_weekly,PHASE7A_FIXED,weekly,after_tax
2013-03-04,1.7039862044546428,0.0,0.34616479743496065,82.8455749127633,PHASE7A_FIXED_weekly,PHASE7A_FIXED,weekly,after_tax
2013-03-11,22.30569891409189,0.0,4.531402734397767,87.37697764716107,PHASE7A_FIXED_weekly,PHASE7A_FIXED,weekly,after_tax
2013-03-18,6.884645773538084,0.0,1.3986157888942619,88.77559343605533,PHASE7A_FIXED_weekly,PHASE7A_FIXED,weekly,after_tax
2013-03-25,15.166992819073943,0.0,3.0811745911948716,91.8567680272502,PHASE7A_FIXED_weekly,PHASE7A_FIXED,weekly,after_tax
2013-04-01,3.4933670662319747,0.0,0.7096775195050257,92.56644554675522,PHASE7A_FIXED_weekly,PHASE7A_FIXED,weekly,after_tax
2013-04-08,10.698208855198091,0.0,2.173341128933492,94.7397866756887,PHASE7A_FIXED_weekly,PHASE7A_FIXED,weekly,after_tax
2013-04-15,40.35060415356935,0.0,8.197225233797614,102.93701190948632,PHASE7A_FIXED_weekly,PHASE7A_FIXED,weekly,after_tax
2013-04-22,821.3202214397601,0.0,166.85120298548725,269.7882148949736,PHASE7A_FIXED_weekly,PHASE7A_FIXED,weekly,after_tax
2013-05-13,3837.6907758927678,0.0,779.6268811226157,1049.4150960175893,PHASE7A_FIXED_weekly,PHASE7A_FIXED,weekly,after_tax
2013-05-20,14.196598290750927,0.0,2.884038942766051,1052.2991349603553,PHASE7A_FIXED_weekly,PHASE7A_FIXED,weekly,after_tax
2013-05-28,1.0788524263367967,0.0,0.21916887041032024,1052.5183038307657,PHASE7A_FIXED_weekly,PHASE7A_FIXED,weekly,after_tax
2013-06-03,42.84211194329904,0.0,8.7033750412812,1061.2216788720468,PHASE7A_FIXED_weekly,PHASE7A_FIXED,weekly,after_tax
2013-06-10,1.1711283940307646,0.0,0.23791473324734982,1061.4595936052942,PHASE7A_FIXED_weekly,PHASE7A_FIXED,weekly,after_tax
2013-06-17,32.15876318030855,0.0,6.533052740079682,1067.992646345374,PHASE7A_FIXED_weekly,PHASE7A_FIXED,weekly,after_tax
2013-06-24,57.98680102332009,0.0,11.780018627887475,1079.7726649732615,PHASE7A_FIXED_weekly,PHASE7A_FIXED,weekly,after_tax
2013-07-01,-23.19156512795977,23.19156512795977,0.0,1079.7726649732615,PHASE7A_FIXED_weekly,PHASE7A_FIXED,weekly,after_tax
2013-07-08,0.6346713607620732,22.556893767197696,0.0,1079.7726649732615,PHASE7A_FIXED_weekly,PHASE7A_FIXED,weekly,after_tax
2013-07-15,61.7609859790616,0.0,7.964311332840153,1087.7369763061017,PHASE7A_FIXED_weekly,PHASE7A_FIXED,weekly,after_tax
2013-07-22,28.624382061909795,0.0,5.815043215876975,1093.5520195219788,PHASE7A_FIXED_weekly,PHASE7A_FIXED,weekly,after_tax
2013-07-29,8.465636176400333,0.0,1.7197939892357275,1095.2718135112145,PHASE7A_FIXED_weekly,PHASE7A_FIXED,weekly,after_tax
2013-08-05,65.9011607574182,0.0,13.387820807869506,1108.659634319084,PHASE7A_FIXED_weekly,PHASE7A_FIXED,weekly,after_tax
2013-08-12,45.48165384750509,0.0,9.23959797912066,1117.8992322982047,PHASE7A_FIXED_weekly,PHASE7A_FIXED,weekly,after_tax
2013-08-19,40.024158423152095,0.0,8.130907783663348,1126.030140081868,PHASE7A_FIXED_weekly,PHASE7A_FIXED,weekly,after_tax
2013-08-26,43.054783578781645,0.0,8.74657928402949,1134.7767193658974,PHASE7A_FIXED_weekly,PHASE7A_FIXED,weekly,after_tax
2013-09-03,47.348516319153774,0.0,9.618851090236088,1144.3955704561336,PHASE7A_FIXED_weekly,PHASE7A_FIXED,weekly,after_tax
2013-09-09,46.788820862312264,0.0,9.505148958178737,1153.9007194143123,PHASE7A_FIXED_weekly,PHASE7A_FIXED,weekly,after_tax
2013-09-16,85.72080681003725,0.0,17.414181903459067,1171.3149013177715,PHASE7A_FIXED_weekly,PHASE7A_FIXED,weekly,after_tax
2013-09-23,50.2782891609677,0.0,10.214034443050588,1181.5289357608222,PHASE7A_FIXED_weekly,PHASE7A_FIXED,weekly,after_tax
2013-09-30,84.84091488321354,0.0,17.23543185852483,1198.764367619347,PHASE7A_FIXED_weekly,PHASE7A_FIXED,weekly,after_tax
2013-10-07,24.097133291553988,0.0,4.895332628179193,1203.6597002475262,PHASE7A_FIXED_weekly,PHASE7A_FIXED,weekly,after_tax
2013-10-14,12.285222556427197,0.0,2.495742962338185,1206.1554432098644,PHASE7A_FIXED_weekly,PHASE7A_FIXED,weekly,after_tax
2013-10-21,324.2139887341911,0.0,65.86407181135093,1272.0195150212153,PHASE7A_FIXED_weekly,PHASE7A_FIXED,weekly,after_tax
2013-10-28,52.87041166724189,0.0,10.740624130200189,1282.7601391514154,PHASE7A_FIXED_weekly,PHASE7A_FIXED,weekly,after_tax
2013-11-04,16.828071945291004,0.0,3.4186228156858673,1286.1787619671013,PHASE7A_FIXED_weekly,PHASE7A_FIXED,weekly,after_tax
2013-11-11,89.32283469980678,0.0,18.145933869265747,1304.324695836367,PHASE7A_FIXED_weekly,PHASE7A_FIXED,weekly,after_tax
2013-11-18,164.0255158890971,0.0,33.32178355287008,1337.6464793892371,PHASE7A_FIXED_weekly,PHASE7A_FIXED,weekly,after_tax
2013-11-25,24.135244159573496,0.0,4.903074851017355,1342.5495542402546,PHASE7A_FIXED_weekly,PHASE7A_FIXED,weekly,after_tax
2013-12-02,196.5750239146579,0.0,39.93421610826275,1382.4837703485173,PHASE7A_FIXED_weekly,PHASE7A_FIXED,weekly,after_tax
2013-12-09,62.26800172689011,0.0,12.649744550817726,1395.133514899335,PHASE7A_FIXED_weekly,PHASE7A_FIXED,weekly,after_tax
2013-12-16,141.51595069835813,0.0,28.748965384371452,1423.8824802837066,PHASE7A_FIXED_weekly,PHASE7A_FIXED,weekly,after_tax
2013-12-23,293.2688716164857,0.0,59.577571268889066,1483.4600515525956,PHASE7A_FIXED_weekly,PHASE7A_FIXED,weekly,after_tax
2013-12-30,21.8970721690791,0.0,4.448390211148419,1487.908441763744,PHASE7A_FIXED_weekly,PHASE7A_FIXED,weekly,after_tax
2014-01-06,97.43305500318895,0.0,19.793525123897837,1507.7019668876417,PHASE7A_FIXED_weekly,PHASE7A_FIXED,weekly,after_tax
2014-01-13,71.09559955630927,0.0,14.443071049864228,1522.145037937506,PHASE7A_FIXED_weekly,PHASE7A_FIXED,weekly,after_tax
2014-01-21,146.1220773194753,0.0,29.684700007451404,1551.8297379449575,PHASE7A_FIXED_weekly,PHASE7A_FIXED,weekly,after_tax
2014-01-27,234.2138188287818,0.0,47.580537295067025,1599.4102752400245,PHASE7A_FIXED_weekly,PHASE7A_FIXED,weekly,after_tax
2014-02-03,96.131659332997,0.0,19.52914659349834,1618.9394218335228,PHASE7A_FIXED_weekly,PHASE7A_FIXED,weekly,after_tax
2014-02-10,13628.554787263074,0.0,2768.6409050324933,4387.580326866017,PHASE7A_FIXED_weekly,PHASE7A_FIXED,weekly,after_tax
2014-03-03,13829.721933662699,0.0,2809.508010823577,7197.088337689594,PHASE7A_FIXED_weekly,PHASE7A_FIXED,weekly,after_tax
2014-03-10,10.083060767710355,0.0,2.0483737949603587,7199.136711484554,PHASE7A_FIXED_weekly,PHASE7A_FIXED,weekly,after_tax
2014-03-17,155.2570945706283,0.0,31.54047876202314,7230.677190246577,PHASE7A_FIXED_weekly,PHASE7A_FIXED,weekly,after_tax
2014-03-24,-0.1559119311769126,0.1559119311769126,0.0,7230.677190246577,PHASE7A_FIXED_weekly,PHASE7A_FIXED,weekly,after_tax
2014-03-31,184.8807584801461,0.0,37.52685257642309,7268.204042823,PHASE7A_FIXED_weekly,PHASE7A_FIXED,weekly,after_tax
2014-04-07,-4315.031316582001,4315.031316582001,0.0,7268.204042823,PHASE7A_FIXED_weekly,PHASE7A_FIXED,weekly,after_tax
2014-05-12,9146.949669088623,0.0,981.6042133117202,8249.80825613472,PHASE7A_FIXED_weekly,PHASE7A_FIXED,weekly,after_tax
2014-05-19,0.004174019435653742,0.0,0.0008479520483530578,8249.809104086768,PHASE7A_FIXED_weekly,PHASE7A_FIXED,weekly,after_tax
2014-05-27,86.90982876650261,0.0,17.655731713915007,8267.464835800683,PHASE7A_FIXED_weekly,PHASE7A_FIXED,weekly,after_tax
2014-06-02,45.26832892776336,0.0,9.196261021675127,8276.661096822358,PHASE7A_FIXED_weekly,PHASE7A_FIXED,weekly,after_tax
2014-06-09,80.94774908264489,0.0,16.44453522613931,8293.105632048497,PHASE7A_FIXED_weekly,PHASE7A_FIXED,weekly,after_tax
2014-06-16,82.1240011800954,0.0,16.683490839736383,8309.789122888233,PHASE7A_FIXED_weekly,PHASE7A_FIXED,weekly,after_tax
2014-06-23,41.913910948594165,0.0,8.514811009206904,8318.30393389744,PHASE7A_FIXED_weekly,PHASE7A_FIXED,weekly,after_tax
2014-06-30,67.27304981610571,0.0,13.666520070141875,8331.970453967582,PHASE7A_FIXED_weekly,PHASE7A_FIXED,weekly,after_tax
2014-07-07,146.94662896033807,0.0,29.85220767329268,8361.822661640876,PHASE7A_FIXED_weekly,PHASE7A_FIXED,weekly,after_tax
2014-07-14,1.2850770369163478,0.0,0.261063400049556,8362.083725040926,PHASE7A_FIXED_weekly,PHASE7A_FIXED,weekly,after_tax
2014-07-21,10.784241354661669,0.0,2.190818631199518,8364.274543672125,PHASE7A_FIXED_weekly,PHASE7A_FIXED,weekly,after_tax
2014-07-28,86.90198257455279,0.0,17.654137760020397,8381.928681432146,PHASE7A_FIXED_weekly,PHASE7A_FIXED,weekly,after_tax
2014-08-04,276.76571180607016,0.0,56.22495435340315,8438.15363578555,PHASE7A_FIXED_weekly,PHASE7A_FIXED,weekly,after_tax
2014-08-11,30.970584769932255,0.0,6.291674296011737,8444.44531008156,PHASE7A_FIXED_weekly,PHASE7A_FIXED,weekly,after_tax
2014-08-18,264.7269202853555,0.0,53.77927385596997,8498.22458393753,PHASE7A_FIXED_weekly,PHASE7A_FIXED,weekly,after_tax
2014-08-25,190.0402150760614,0.0,38.60666969270187,8536.831253630233,PHASE7A_FIXED_weekly,PHASE7A_FIXED,weekly,after_tax
2014-09-02,59.534361917696415,0.0,12.094405623580027,8548.925659253813,PHASE7A_FIXED_weekly,PHASE7A_FIXED,weekly,after_tax
2014-09-08,24.75561679136766,0.0,5.02910355116634,8553.954762804979,PHASE7A_FIXED_weekly,PHASE7A_FIXED,weekly,after_tax
2014-09-15,58.797054201616696,0.0,11.944621561058431,8565.899384366037,PHASE7A_FIXED_weekly,PHASE7A_FIXED,weekly,after_tax
2014-09-22,40.75153392811049,0.0,8.278674117495646,8574.178058483532,PHASE7A_FIXED_weekly,PHASE7A_FIXED,weekly,after_tax
2014-09-29,329.2677741715489,0.0,66.89074832295016,8641.068806806483,PHASE7A_FIXED_weekly,PHASE7A_FIXED,weekly,after_tax
2014-10-06,62.61645813497394,0.0,12.720533470119955,8653.789340276602,PHASE7A_FIXED_weekly,PHASE7A_FIXED,weekly,after_tax
2014-10-13,7058.41622055838,0.0,1433.917255206435,10087.706595483038,PHASE7A_FIXED_weekly,PHASE7A_FIXED,weekly,after_tax
2014-11-17,20128.50618881657,0.0,4089.106032258086,14176.812627741125,PHASE7A_FIXED_weekly,PHASE7A_FIXED,weekly,after_tax
2014-11-24,14.407505868166814,0.0,2.926884817118088,14179.739512558242,PHASE7A_FIXED_weekly,PHASE7A_FIXED,weekly,after_tax
2014-12-01,44.502225818464765,0.0,9.040627175021116,14188.780139733264,PHASE7A_FIXED_weekly,PHASE7A_FIXED,weekly,after_tax
2014-12-08,139.42800341198725,0.0,28.32479889314521,14217.10493862641,PHASE7A_FIXED_weekly,PHASE7A_FIXED,weekly,after_tax
2014-12-15,299.3039965844167,0.0,60.80360690612426,14277.908545532533,PHASE7A_FIXED_weekly,PHASE7A_FIXED,weekly,after_tax
2014-12-22,1701.8674745706442,0.0,345.73437745902635,14623.64292299156,PHASE7A_FIXED_weekly,PHASE7A_FIXED,weekly,after_tax
2015-02-23,20556.15423318846,0.0,4175.9827324722355,18799.625655463795,PHASE7A_FIXED_weekly,PHASE7A_FIXED,weekly,after_tax
2015-03-02,0.38101081935685877,0.0,0.07740234795234585,18799.70305781175,PHASE7A_FIXED_weekly,PHASE7A_FIXED,weekly,after_tax
2015-03-09,145.3725028170268,0.0,29.532423947278993,18829.235481759028,PHASE7A_FIXED_weekly,PHASE7A_FIXED,weekly,after_tax
2015-03-16,260.4288677649805,0.0,52.90612448645579,18882.141606245485,PHASE7A_FIXED_weekly,PHASE7A_FIXED,weekly,after_tax
2015-03-23,6.119359973795435,0.0,1.2431479786765425,18883.38475422416,PHASE7A_FIXED_weekly,PHASE7A_FIXED,weekly,after_tax
2015-03-30,319.10628408703684,0.0,64.82644161228153,18948.21119583644,PHASE7A_FIXED_weekly,PHASE7A_FIXED,weekly,after_tax
2015-04-06,222.2714807542568,0.0,45.15445131522727,18993.365647151666,PHASE7A_FIXED_weekly,PHASE7A_FIXED,weekly,after_tax
2015-04-13,-17.845636303484405,17.845636303484405,0.0,18993.365647151666,PHASE7A_FIXED_weekly,PHASE7A_FIXED,weekly,after_tax
2015-04-20,178.7720780361262,0.0,32.69220663798618,19026.05785378965,PHASE7A_FIXED_weekly,PHASE7A_FIXED,weekly,after_tax
2015-04-27,111.05151216974102,0.0,22.560114697282888,19048.617968486935,PHASE7A_FIXED_weekly,PHASE7A_FIXED,weekly,after_tax
2015-05-04,263.49714154596546,0.0,53.52944430506288,19102.147412791997,PHASE7A_FIXED_weekly,PHASE7A_FIXED,weekly,after_tax
2015-05-11,100.6053627697902,0.0,20.43797944668288,19122.58539223868,PHASE7A_FIXED_weekly,PHASE7A_FIXED,weekly,after_tax
2015-05-18,5.126243740827963,0.0,1.0413964159492006,19123.62678865463,PHASE7A_FIXED_weekly,PHASE7A_FIXED,weekly,after_tax
2015-05-26,11.84353045983924,0.0,2.4060132129163416,19126.032801867546,PHASE7A_FIXED_weekly,PHASE7A_FIXED,weekly,after_tax
2015-06-01,6.661872799194834,0.0,1.3533594591564304,19127.386161326704,PHASE7A_FIXED_weekly,PHASE7A_FIXED,weekly,after_tax
2015-06-08,216.84334621075928,0.0,44.05172578271575,19171.43788710942,PHASE7A_FIXED_weekly,PHASE7A_FIXED,weekly,after_tax
2015-06-15,194.64723130182287,0.0,39.54258503896531,19210.980472148385,PHASE7A_FIXED_weekly,PHASE7A_FIXED,weekly,after_tax
2015-06-22,62.69667070967086,0.0,12.736828654669635,19223.717300803055,PHASE7A_FIXED_weekly,PHASE7A_FIXED,weekly,after_tax
2015-06-29,373.0764432244068,0.0,75.79047944103823,19299.507780244094,PHASE7A_FIXED_weekly,PHASE7A_FIXED,weekly,after_tax
2015-07-06,118.7917581144267,0.0,24.132545660945784,19323.64032590504,PHASE7A_FIXED_weekly,PHASE7A_FIXED,weekly,after_tax
2015-07-13,-1.9349870319264106,1.9349870319264106,0.0,19323.64032590504,PHASE7A_FIXED_weekly,PHASE7A_FIXED,weekly,after_tax
2015-07-20,7297.778989514246,0.0,1482.1507091042831,20805.791035009323,PHASE7A_FIXED_weekly,PHASE7A_FIXED,weekly,after_tax
2015-08-03,17656.049363761707,0.0,3586.826428248191,24392.617463257513,PHASE7A_FIXED_weekly,PHASE7A_FIXED,weekly,after_tax
2015-08-10,121.07759087405809,0.0,24.5969125860649,24417.214375843578,PHASE7A_FIXED_weekly,PHASE7A_FIXED,weekly,after_tax
2015-08-17,103.85334678362659,0.0,21.097807399093742,24438.312183242673,PHASE7A_FIXED_weekly,PHASE7A_FIXED,weekly,after_tax
2015-08-24,-16682.334037097018,16682.334037097018,0.0,24438.312183242673,PHASE7A_FIXED_weekly,PHASE7A_FIXED,weekly,after_tax
2015-11-02,4664.150460031573,12018.183577065445,0.0,24438.312183242673,PHASE7A_FIXED_weekly,PHASE7A_FIXED,weekly,after_tax
2015-11-09,3.944873170071341,12014.238703895373,0.0,24438.312183242673,PHASE7A_FIXED_weekly,PHASE7A_FIXED,weekly,after_tax
2015-11-16,-4132.598841010606,16146.837544905979,0.0,24438.312183242673,PHASE7A_FIXED_weekly,PHASE7A_FIXED,weekly,after_tax
2015-11-23,4767.02323965416,11379.814305251819,0.0,24438.312183242673,PHASE7A_FIXED_weekly,PHASE7A_FIXED,weekly,after_tax
2015-11-30,0.1053267351581945,11379.70897851666,0.0,24438.312183242673,PHASE7A_FIXED_weekly,PHASE7A_FIXED,weekly,after_tax
2015-12-07,575.0900002093512,10804.61897830731,0.0,24438.312183242673,PHASE7A_FIXED_weekly,PHASE7A_FIXED,weekly,after_tax
2016-01-11,-14715.498748566662,25520.11772687397,0.0,24438.312183242673,PHASE7A_FIXED_weekly,PHASE7A_FIXED,weekly,after_tax
2016-03-28,162.01115362594157,25358.106573248027,0.0,24438.312183242673,PHASE7A_FIXED_weekly,PHASE7A_FIXED,weekly,after_tax
2016-04-04,48.013099159382946,25310.093474088644,0.0,24438.312183242673,PHASE7A_FIXED_weekly,PHASE7A_FIXED,weekly,after_tax
2016-04-11,9.479118007750046,25300.614356080892,0.0,24438.312183242673,PHASE7A_FIXED_weekly,PHASE7A_FIXED,weekly,after_tax
2016-04-18,14.768619020647291,25285.845737060245,0.0,24438.312183242673,PHASE7A_FIXED_weekly,PHASE7A_FIXED,weekly,after_tax
2016-04-25,10.238676314306007,25275.607060745937,0.0,24438.312183242673,PHASE7A_FIXED_weekly,PHASE7A_FIXED,weekly,after_tax
2016-05-02,-5781.051084002313,31056.65814474825,0.0,24438.312183242673,PHASE7A_FIXED_weekly,PHASE7A_FIXED,weekly,after_tax
2016-06-06,-0.094049289944501,31056.752194038196,0.0,24438.312183242673,PHASE7A_FIXED_weekly,PHASE7A_FIXED,weekly,after_tax
2016-06-13,-15.89764197915813,31072.649836017354,0.0,24438.312183242673,PHASE7A_FIXED_weekly,PHASE7A_FIXED,weekly,after_tax
2016-06-20,-7725.201239612667,38797.851075630024,0.0,24438.312183242673,PHASE7A_FIXED_weekly,PHASE7A_FIXED,weekly,after_tax
2016-08-01,4591.885348250705,34205.96572737932,0.0,24438.312183242673,PHASE7A_FIXED_weekly,PHASE7A_FIXED,weekly,after_tax
2016-08-08,14.521192281700163,34191.44453509762,0.0,24438.312183242673,PHASE7A_FIXED_weekly,PHASE7A_FIXED,weekly,after_tax
2016-08-15,5.3347644099674305,34186.109770687646,0.0,24438.312183242673,PHASE7A_FIXED_weekly,PHASE7A_FIXED,weekly,after_tax
2016-08-22,11.019499407410331,34175.090271280234,0.0,24438.312183242673,PHASE7A_FIXED_weekly,PHASE7A_FIXED,weekly,after_tax
2016-08-29,10.423609150716022,34164.666662129515,0.0,24438.312183242673,PHASE7A_FIXED_weekly,PHASE7A_FIXED,weekly,after_tax
2016-09-06,6.571602868272018,34158.09505926124,0.0,24438.312183242673,PHASE7A_FIXED_weekly,PHASE7A_FIXED,weekly,after_tax
2016-09-12,89.43160888088453,34068.66345038036,0.0,24438.312183242673,PHASE7A_FIXED_weekly,PHASE7A_FIXED,weekly,after_tax
2016-09-19,57.87661672027285,34010.78683366009,0.0,24438.312183242673,PHASE7A_FIXED_weekly,PHASE7A_FIXED,weekly,after_tax
2016-09-26,0.4929348933616845,34010.29389876673,0.0,24438.312183242673,PHASE7A_FIXED_weekly,PHASE7A_FIXED,weekly,after_tax
2016-10-03,2958.076262870005,31052.217635896726,0.0,24438.312183242673,PHASE7A_FIXED_weekly,PHASE7A_FIXED,weekly,after_tax
2016-10-10,5580.095733614593,25472.12190228213,0.0,24438.312183242673,PHASE7A_FIXED_weekly,PHASE7A_FIXED,weekly,after_tax
2016-10-17,60.52748658719883,25411.594415694934,0.0,24438.312183242673,PHASE7A_FIXED_weekly,PHASE7A_FIXED,weekly,after_tax
2016-10-24,-2.675520111674043,25414.26993580661,0.0,24438.312183242673,PHASE7A_FIXED_weekly,PHASE7A_FIXED,weekly,after_tax
2016-10-31,40.37496141313254,25373.894974393475,0.0,24438.312183242673,PHASE7A_FIXED_weekly,PHASE7A_FIXED,weekly,after_tax
2016-11-07,50.010912070653575,25323.88406232282,0.0,24438.312183242673,PHASE7A_FIXED_weekly,PHASE7A_FIXED,weekly,after_tax
2016-11-14,-3.777421610063876,25327.661483932883,0.0,24438.312183242673,PHASE7A_FIXED_weekly,PHASE7A_FIXED,weekly,after_tax
2016-11-21,-1720.3826044155744,27048.04408834846,0.0,24438.312183242673,PHASE7A_FIXED_weekly,PHASE7A_FIXED,weekly,after_tax
2016-12-12,4365.9767148863475,22682.067373462112,0.0,24438.312183242673,PHASE7A_FIXED_weekly,PHASE7A_FIXED,weekly,after_tax
2016-12-19,8.838423910740477,22673.228949551372,0.0,24438.312183242673,PHASE7A_FIXED_weekly,PHASE7A_FIXED,weekly,after_tax
2016-12-27,6.257321003450962,22666.971628547923,0.0,24438.312183242673,PHASE7A_FIXED_weekly,PHASE7A_FIXED,weekly,after_tax
2017-01-03,40.52988970125278,22626.441738846668,0.0,24438.312183242673,PHASE7A_FIXED_weekly,PHASE7A_FIXED,weekly,after_tax
2017-01-09,59.34649026527742,22567.09524858139,0.0,24438.312183242673,PHASE7A_FIXED_weekly,PHASE7A_FIXED,weekly,after_tax
2017-01-17,16.900781383189752,22550.194467198202,0.0,24438.312183242673,PHASE7A_FIXED_weekly,PHASE7A_FIXED,weekly,after_tax
2017-01-23,6.242318442046239,22543.952148756154,0.0,24438.312183242673,PHASE7A_FIXED_weekly,PHASE7A_FIXED,weekly,after_tax
2017-01-30,89.74301197107496,22454.20913678508,0.0,24438.312183242673,PHASE7A_FIXED_weekly,PHASE7A_FIXED,weekly,after_tax
2017-02-06,8.79560811683464,22445.413528668247,0.0,24438.312183242673,PHASE7A_FIXED_weekly,PHASE7A_FIXED,weekly,after_tax
2017-02-13,120.47444346784128,22324.939085200407,0.0,24438.312183242673,PHASE7A_FIXED_weekly,PHASE7A_FIXED,weekly,after_tax
2017-02-21,159.3030862103148,22165.635998990092,0.0,24438.312183242673,PHASE7A_FIXED_weekly,PHASE7A_FIXED,weekly,after_tax
2017-02-27,9.711798064605087,22155.92420092549,0.0,24438.312183242673,PHASE7A_FIXED_weekly,PHASE7A_FIXED,weekly,after_tax
2017-03-06,23.615835965468833,22132.30836496002,0.0,24438.312183242673,PHASE7A_FIXED_weekly,PHASE7A_FIXED,weekly,after_tax
2017-03-13,56.80242503814061,22075.505939921877,0.0,24438.312183242673,PHASE7A_FIXED_weekly,PHASE7A_FIXED,weekly,after_tax
2017-03-20,51.31849099797587,22024.1874489239,0.0,24438.312183242673,PHASE7A_FIXED_weekly,PHASE7A_FIXED,weekly,after_tax
2017-03-27,148.82786908103085,21875.359579842872,0.0,24438.312183242673,PHASE7A_FIXED_weekly,PHASE7A_FIXED,weekly,after_tax
2017-04-03,227.12015867479963,21648.239421168073,0.0,24438.312183242673,PHASE7A_FIXED_weekly,PHASE7A_FIXED,weekly,after_tax
2017-04-10,30.08445803110966,21618.154963136963,0.0,24438.312183242673,PHASE7A_FIXED_weekly,PHASE7A_FIXED,weekly,after_tax
2017-04-17,108.92115759441772,21509.233805542546,0.0,24438.312183242673,PHASE7A_FIXED_weekly,PHASE7A_FIXED,weekly,after_tax
2017-04-24,279.239417507855,21229.99438803469,0.0,24438.312183242673,PHASE7A_FIXED_weekly,PHASE7A_FIXED,weekly,after_tax
2017-05-01,234.60413467072772,20995.390253363963,0.0,24438.312183242673,PHASE7A_FIXED_weekly,PHASE7A_FIXED,weekly,after_tax
2017-05-08,128.9151520162115,20866.47510134775,0.0,24438.312183242673,PHASE7A_FIXED_weekly,PHASE7A_FIXED,weekly,after_tax
2017-05-15,107.326642552963,20759.14845879479,0.0,24438.312183242673,PHASE7A_FIXED_weekly,PHASE7A_FIXED,weekly,after_tax
2017-05-22,72.65526629540464,20686.493192499383,0.0,24438.312183242673,PHASE7A_FIXED_weekly,PHASE7A_FIXED,weekly,after_tax
2017-05-30,353.0036779461908,20333.489514553192,0.0,24438.312183242673,PHASE7A_FIXED_weekly,PHASE7A_FIXED,weekly,after_tax
2017-06-05,299.5195627616561,20033.969951791536,0.0,24438.312183242673,PHASE7A_FIXED_weekly,PHASE7A_FIXED,weekly,after_tax
2017-06-12,18508.540293621783,1525.4296581697527,0.0,24438.312183242673,PHASE7A_FIXED_weekly,PHASE7A_FIXED,weekly,after_tax
2017-06-19,15845.437296624807,0.0,2909.109551752144,27347.421734994816,PHASE7A_FIXED_weekly,PHASE7A_FIXED,weekly,after_tax
2017-06-26,36.124854971325234,0.0,7.338764287424722,27354.76049928224,PHASE7A_FIXED_weekly,PHASE7A_FIXED,weekly,after_tax
2017-07-03,-1683.4419618548516,1683.4419618548516,0.0,27354.76049928224,PHASE7A_FIXED_weekly,PHASE7A_FIXED,weekly,after_tax
2017-07-24,16233.836165564348,0.0,2955.912582483584,30310.673081765824,PHASE7A_FIXED_weekly,PHASE7A_FIXED,weekly,after_tax
2017-07-31,0.053022492526922156,0.0,0.010771519356844237,30310.68385328518,PHASE7A_FIXED_weekly,PHASE7A_FIXED,weekly,after_tax
2017-08-07,36.957114325103,0.0,7.507837775144674,30318.191691060325,PHASE7A_FIXED_weekly,PHASE7A_FIXED,weekly,after_tax
2017-08-14,82.46272987601233,0.0,16.752303574311906,30334.943994634636,PHASE7A_FIXED_weekly,PHASE7A_FIXED,weekly,after_tax
2017-08-21,159.44036175052702,0.0,32.39030948961956,30367.334304124255,PHASE7A_FIXED_weekly,PHASE7A_FIXED,weekly,after_tax
2017-08-28,-13.688779117607568,13.688779117607568,0.0,30367.334304124255,PHASE7A_FIXED_weekly,PHASE7A_FIXED,weekly,after_tax
2017-09-05,1139.9511931000945,0.0,228.80020940054223,30596.134513524798,PHASE7A_FIXED_weekly,PHASE7A_FIXED,weekly,after_tax
2017-09-11,13237.166354433468,0.0,2689.130344903159,33285.26485842796,PHASE7A_FIXED_weekly,PHASE7A_FIXED,weekly,after_tax
2017-09-18,4.015839870675986,0.0,0.8158178697278266,33286.080676297686,PHASE7A_FIXED_weekly,PHASE7A_FIXED,weekly,after_tax
2017-09-25,145.83598020135994,0.0,29.62657937790627,33315.707255675596,PHASE7A_FIXED_weekly,PHASE7A_FIXED,weekly,after_tax
2017-10-02,5.349364512066246,0.0,1.0867234006262578,33316.793979076225,PHASE7A_FIXED_weekly,PHASE7A_FIXED,weekly,after_tax
2017-10-09,32.8923793453238,0.0,6.682086864002531,33323.47606594023,PHASE7A_FIXED_weekly,PHASE7A_FIXED,weekly,after_tax
2017-10-16,20.87132305731766,0.0,4.240009279094083,33327.71607521932,PHASE7A_FIXED_weekly,PHASE7A_FIXED,weekly,after_tax
2017-10-23,3.5548576876437896,0.0,0.7221693392448358,33328.438244558565,PHASE7A_FIXED_weekly,PHASE7A_FIXED,weekly,after_tax
2017-10-30,179.59838716552972,0.0,36.48541235267736,33364.92365691124,PHASE7A_FIXED_weekly,PHASE7A_FIXED,weekly,after_tax
2017-11-06,148.79617749681668,0.0,30.227943458478308,33395.15160036972,PHASE7A_FIXED_weekly,PHASE7A_FIXED,weekly,after_tax
2017-11-13,0.0854421989202352,0.0,0.01735758271064578,33395.16895795243,PHASE7A_FIXED_weekly,PHASE7A_FIXED,weekly,after_tax
2017-11-20,30.045197759343917,0.0,6.103681924810717,33401.27263987724,PHASE7A_FIXED_weekly,PHASE7A_FIXED,weekly,after_tax
2017-11-27,139.6440201343815,0.0,28.3686826902996,33429.64132256754,PHASE7A_FIXED_weekly,PHASE7A_FIXED,weekly,after_tax
2017-12-04,92.82732610357361,0.0,18.857871297940978,33448.499193865486,PHASE7A_FIXED_weekly,PHASE7A_FIXED,weekly,after_tax
2017-12-11,89.5384748808745,0.0,18.189741172049654,33466.688935037535,PHASE7A_FIXED_weekly,PHASE7A_FIXED,weekly,after_tax
2017-12-18,281.6179876182165,0.0,57.21069418464068,33523.89962922218,PHASE7A_FIXED_weekly,PHASE7A_FIXED,weekly,after_tax
2017-12-26,209.15596380524374,0.0,42.490034047035266,33566.38966326921,PHASE7A_FIXED_weekly,PHASE7A_FIXED,weekly,after_tax
2018-01-02,0.8633410415299851,0.0,0.17538773258681647,33566.5650510018,PHASE7A_FIXED_weekly,PHASE7A_FIXED,weekly,after_tax
2018-01-08,482.6317641630306,0.0,98.04664288971966,33664.61169389152,PHASE7A_FIXED_weekly,PHASE7A_FIXED,weekly,after_tax
2018-01-16,426.09795442192836,0.0,86.56179944081475,33751.17349333234,PHASE7A_FIXED_weekly,PHASE7A_FIXED,weekly,after_tax
2018-01-22,66.66826737167162,0.0,13.54365851655509,33764.71715184889,PHASE7A_FIXED_weekly,PHASE7A_FIXED,weekly,after_tax
2018-01-29,577.8800889066451,0.0,117.39634006138496,33882.11349191028,PHASE7A_FIXED_weekly,PHASE7A_FIXED,weekly,after_tax
2018-02-05,1018.275014899777,0.0,206.8625692768897,34088.97606118717,PHASE7A_FIXED_weekly,PHASE7A_FIXED,weekly,after_tax
2018-02-12,11311.200212057463,0.0,2297.8703230794736,36386.84638426664,PHASE7A_FIXED_weekly,PHASE7A_FIXED,weekly,after_tax
2018-05-29,26963.29293954384,0.0,5477.592960668331,41864.43934493497,PHASE7A_FIXED_weekly,PHASE7A_FIXED,weekly,after_tax
2018-06-04,98.9706577314647,0.0,20.105889118147054,41884.54523405312,PHASE7A_FIXED_weekly,PHASE7A_FIXED,weekly,after_tax
2018-06-11,31.890663746215065,0.0,6.47858834004359,41891.02382239316,PHASE7A_FIXED_weekly,PHASE7A_FIXED,weekly,after_tax
2018-06-18,55.13020810102725,0.0,11.199701775723685,41902.22352416888,PHASE7A_FIXED_weekly,PHASE7A_FIXED,weekly,after_tax
2018-06-25,254.8244255097998,0.0,51.76758204231583,41953.9911062112,PHASE7A_FIXED_weekly,PHASE7A_FIXED,weekly,after_tax
2018-07-02,526.4371593286774,0.0,106.9457089176208,42060.93681512882,PHASE7A_FIXED_weekly,PHASE7A_FIXED,weekly,after_tax
2018-07-09,9526.46624412961,0.0,1935.30161749493,43996.23843262375,PHASE7A_FIXED_weekly,PHASE7A_FIXED,weekly,after_tax
2018-08-06,29670.56287126473,0.0,6027.57484729743,50023.81327992118,PHASE7A_FIXED_weekly,PHASE7A_FIXED,weekly,after_tax
2018-08-13,3.78407818919958,0.0,0.7687354841358947,50024.582015405314,PHASE7A_FIXED_weekly,PHASE7A_FIXED,weekly,after_tax
2018-08-20,109.0681238453452,0.0,22.157189359181878,50046.7392047645,PHASE7A_FIXED_weekly,PHASE7A_FIXED,weekly,after_tax
2018-08-27,59.26784951134148,0.0,12.040263628229022,50058.77946839273,PHASE7A_FIXED_weekly,PHASE7A_FIXED,weekly,after_tax
2018-09-04,81.54912369525863,0.0,16.56670447869179,50075.34617287142,PHASE7A_FIXED_weekly,PHASE7A_FIXED,weekly,after_tax
2018-09-10,535.3028560099737,0.0,108.74677519842615,50184.09294806985,PHASE7A_FIXED_weekly,PHASE7A_FIXED,weekly,after_tax
2018-09-17,21.12077520825425,0.0,4.290685483556851,50188.38363355341,PHASE7A_FIXED_weekly,PHASE7A_FIXED,weekly,after_tax
2018-09-24,178.65654846046252,0.0,36.29407781974296,50224.67771137315,PHASE7A_FIXED_weekly,PHASE7A_FIXED,weekly,after_tax
2018-10-01,183.30661611076528,0.0,37.23873906290196,50261.91645043605,PHASE7A_FIXED_weekly,PHASE7A_FIXED,weekly,after_tax
2018-10-08,963.6052414879185,0.0,195.75640480827064,50457.672855244324,PHASE7A_FIXED_weekly,PHASE7A_FIXED,weekly,after_tax
2018-10-15,-9850.017564350394,9850.017564350394,0.0,50457.672855244324,PHASE7A_FIXED_weekly,PHASE7A_FIXED,weekly,after_tax
2018-10-29,61536.29806711899,0.0,10500.067884137441,60957.74073938176,PHASE7A_FIXED_weekly,PHASE7A_FIXED,weekly,after_tax
2019-03-04,3037.1836050442,0.0,617.0038493647291,61574.74458874649,PHASE7A_FIXED_weekly,PHASE7A_FIXED,weekly,after_tax
2019-03-11,-3907.130973863931,3907.130973863931,0.0,61574.74458874649,PHASE7A_FIXED_weekly,PHASE7A_FIXED,weekly,after_tax
2019-03-25,-421.35232907362683,4328.483302937558,0.0,61574.74458874649,PHASE7A_FIXED_weekly,PHASE7A_FIXED,weekly,after_tax
2019-04-08,4652.016535076154,0.0,65.72577610895574,61640.47036485545,PHASE7A_FIXED_weekly,PHASE7A_FIXED,weekly,after_tax
2019-04-15,8.970431533618997,0.0,1.8223431660546994,61642.2927080215,PHASE7A_FIXED_weekly,PHASE7A_FIXED,weekly,after_tax
2019-04-22,7.28916756274263,0.0,1.4807943903711653,61643.773502411874,PHASE7A_FIXED_weekly,PHASE7A_FIXED,weekly,after_tax
2019-04-29,117.1946044223205,0.0,23.808083888394407,61667.58158630027,PHASE7A_FIXED_weekly,PHASE7A_FIXED,weekly,after_tax
2019-05-06,111.00679651471425,0.0,22.5510307119642,61690.132617012234,PHASE7A_FIXED_weekly,PHASE7A_FIXED,weekly,after_tax
2019-05-13,34.12146652718984,0.0,6.9317759249986155,61697.06439293723,PHASE7A_FIXED_weekly,PHASE7A_FIXED,weekly,after_tax
2019-05-20,-5619.824673441837,5619.824673441837,0.0,61697.06439293723,PHASE7A_FIXED_weekly,PHASE7A_FIXED,weekly,after_tax
2019-07-08,7856.922838183377,0.0,454.46649216724387,62151.530885104476,PHASE7A_FIXED_weekly,PHASE7A_FIXED,weekly,after_tax
2019-07-15,76.82958557346872,0.0,15.60793030925017,62167.138815413724,PHASE7A_FIXED_weekly,PHASE7A_FIXED,weekly,after_tax
2019-07-22,102.42229512213895,0.0,20.80708925406253,62187.94590466779,PHASE7A_FIXED_weekly,PHASE7A_FIXED,weekly,after_tax
2019-07-29,84.14449803540397,0.0,17.093954775892318,62205.03985944368,PHASE7A_FIXED_weekly,PHASE7A_FIXED,weekly,after_tax
2019-08-05,121.30588248267568,0.0,24.643290026355565,62229.68314947003,PHASE7A_FIXED_weekly,PHASE7A_FIXED,weekly,after_tax
2019-08-12,-6269.442572725188,6269.442572725188,0.0,62229.68314947003,PHASE7A_FIXED_weekly,PHASE7A_FIXED,weekly,after_tax
2019-09-30,4358.802587406919,1910.6399853182693,0.0,62229.68314947003,PHASE7A_FIXED_weekly,PHASE7A_FIXED,weekly,after_tax
2019-10-07,236.55363241066618,1674.0863529076032,0.0,62229.68314947003,PHASE7A_FIXED_weekly,PHASE7A_FIXED,weekly,after_tax
2019-11-04,13198.857754488472,0.0,2341.2573102311535,64570.94045970118,PHASE7A_FIXED_weekly,PHASE7A_FIXED,weekly,after_tax
2019-11-11,4.825299035038288,0.0,0.9802594989680282,64571.92071920015,PHASE7A_FIXED_weekly,PHASE7A_FIXED,weekly,after_tax
2019-11-18,25.52187857604319,0.0,5.184769632723174,64577.10548883287,PHASE7A_FIXED_weekly,PHASE7A_FIXED,weekly,after_tax
2019-11-25,1.2603979825376506,0.0,0.2560498501525237,64577.36153868303,PHASE7A_FIXED_weekly,PHASE7A_FIXED,weekly,after_tax
2019-12-02,46.92331957333973,0.0,9.532472371323966,64586.894011054355,PHASE7A_FIXED_weekly,PHASE7A_FIXED,weekly,after_tax
2019-12-09,35.182901365597864,0.0,7.147406412421206,64594.041417466775,PHASE7A_FIXED_weekly,PHASE7A_FIXED,weekly,after_tax
2019-12-16,134.4031841947003,0.0,27.304006869153362,64621.34542433593,PHASE7A_FIXED_weekly,PHASE7A_FIXED,weekly,after_tax
2019-12-23,203.5101544516815,0.0,41.343087876859094,64662.688512212786,PHASE7A_FIXED_weekly,PHASE7A_FIXED,weekly,after_tax
2019-12-30,91.65624420471141,0.0,18.619966010187124,64681.30847822297,PHASE7A_FIXED_weekly,PHASE7A_FIXED,weekly,after_tax
2020-01-06,113.67700421730561,0.0,23.093483406745634,64704.401961629716,PHASE7A_FIXED_weekly,PHASE7A_FIXED,weekly,after_tax
2020-01-13,574.7706608618502,0.0,116.76465975408486,64821.1666213838,PHASE7A_FIXED_weekly,PHASE7A_FIXED,weekly,after_tax
2020-01-21,301.6117667502698,0.0,61.27243041531731,64882.43905179912,PHASE7A_FIXED_weekly,PHASE7A_FIXED,weekly,after_tax
2020-01-27,547.4855227517792,0.0,111.22168394702393,64993.66073574615,PHASE7A_FIXED_weekly,PHASE7A_FIXED,weekly,after_tax
2020-02-03,23050.77021008104,0.0,4682.763968177963,69676.42470392412,PHASE7A_FIXED_weekly,PHASE7A_FIXED,weekly,after_tax
2020-03-16,-85404.0171174368,85404.0171174368,0.0,69676.42470392412,PHASE7A_FIXED_weekly,PHASE7A_FIXED,weekly,after_tax
2020-12-14,68146.4505464081,17257.5665710287,0.0,69676.42470392412,PHASE7A_FIXED_weekly,PHASE7A_FIXED,weekly,after_tax
2020-12-21,44.48484691573673,17213.081724112963,0.0,69676.42470392412,PHASE7A_FIXED_weekly,PHASE7A_FIXED,weekly,after_tax
2020-12-28,174.73996484358366,17038.34175926938,0.0,69676.42470392412,PHASE7A_FIXED_weekly,PHASE7A_FIXED,weekly,after_tax
2021-01-04,108.60278825689167,16929.738971012488,0.0,69676.42470392412,PHASE7A_FIXED_weekly,PHASE7A_FIXED,weekly,after_tax
2021-01-11,4.480987135493082,16925.257983876996,0.0,69676.42470392412,PHASE7A_FIXED_weekly,PHASE7A_FIXED,weekly,after_tax
2021-01-19,13470.468046977965,3454.789936899031,0.0,69676.42470392412,PHASE7A_FIXED_weekly,PHASE7A_FIXED,weekly,after_tax
2021-06-21,92081.57607824258,0.0,18004.53160461394,87680.95630853807,PHASE7A_FIXED_weekly,PHASE7A_FIXED,weekly,after_tax
2021-06-28,200.7734701562789,0.0,40.78713046224806,87721.74343900032,PHASE7A_FIXED_weekly,PHASE7A_FIXED,weekly,after_tax
2021-07-06,443.4530559775154,0.0,90.08748832183225,87811.83092732215,PHASE7A_FIXED_weekly,PHASE7A_FIXED,weekly,after_tax
2021-07-12,183.37558199331423,0.0,37.252749481941784,87849.08367680409,PHASE7A_FIXED_weekly,PHASE7A_FIXED,weekly,after_tax
2021-07-19,1889.0353843970136,0.0,383.7575383402533,88232.84121514435,PHASE7A_FIXED_weekly,PHASE7A_FIXED,weekly,after_tax
2021-07-26,970.3662660543495,0.0,197.12990694894108,88429.9711220933,PHASE7A_FIXED_weekly,PHASE7A_FIXED,weekly,after_tax
2021-08-02,345.7429388177076,0.0,70.2376780208173,88500.20880011411,PHASE7A_FIXED_weekly,PHASE7A_FIXED,weekly,after_tax
2021-08-09,155.8496402327664,0.0,31.660854413286494,88531.8696545274,PHASE7A_FIXED_weekly,PHASE7A_FIXED,weekly,after_tax
2021-08-16,190.83520928331552,0.0,38.76817276590555,88570.6378272933,PHASE7A_FIXED_weekly,PHASE7A_FIXED,weekly,after_tax
2021-08-23,63.43607458816933,0.0,12.8870385525866,88583.52486584589,PHASE7A_FIXED_weekly,PHASE7A_FIXED,weekly,after_tax
2021-08-30,773.3409208799827,0.0,157.1042080767685,88740.62907392265,PHASE7A_FIXED_weekly,PHASE7A_FIXED,weekly,after_tax
2021-09-07,518.6674992792084,0.0,105.36730247857119,88845.99637640122,PHASE7A_FIXED_weekly,PHASE7A_FIXED,weekly,after_tax
2021-09-13,745.2265440310438,0.0,151.39277241990655,88997.38914882112,PHASE7A_FIXED_weekly,PHASE7A_FIXED,weekly,after_tax
2021-09-20,2755.202315325757,0.0,559.7193503584275,89557.10849917955,PHASE7A_FIXED_weekly,PHASE7A_FIXED,weekly,after_tax
2021-09-27,173.85886924196654,0.0,35.3194292865055,89592.42792846606,PHASE7A_FIXED_weekly,PHASE7A_FIXED,weekly,after_tax
2021-10-04,17482.461077767795,0.0,3551.5619679485276,93143.98989641458,PHASE7A_FIXED_weekly,PHASE7A_FIXED,weekly,after_tax
2021-11-08,126238.21206824014,0.0,25645.292781662985,118789.28267807756,PHASE7A_FIXED_weekly,PHASE7A_FIXED,weekly,after_tax
2021-11-15,697.2712651799307,0.0,141.65065752130292,118930.93333559886,PHASE7A_FIXED_weekly,PHASE7A_FIXED,weekly,after_tax
2021-11-22,194.94128914844896,0.0,39.6023228905074,118970.53565848937,PHASE7A_FIXED_weekly,PHASE7A_FIXED,weekly,after_tax
2021-11-29,2505.0614802725304,0.0,508.90323971736456,119479.43889820673,PHASE7A_FIXED_weekly,PHASE7A_FIXED,weekly,after_tax
2021-12-06,-23924.17268485997,23924.17268485997,0.0,119479.43889820673,PHASE7A_FIXED_weekly,PHASE7A_FIXED,weekly,after_tax
2022-01-24,202749.20474446716,0.0,36328.3052629092,155807.74416111593,PHASE7A_FIXED_weekly,PHASE7A_FIXED,weekly,after_tax
2023-03-13,-15747.587815943556,15747.587815943556,0.0,155807.74416111593,PHASE7A_FIXED_weekly,PHASE7A_FIXED,weekly,after_tax
2023-05-01,40015.578159199045,0.0,4930.042238232352,160737.7863993483,PHASE7A_FIXED_weekly,PHASE7A_FIXED,weekly,after_tax
2023-05-08,-1024.247093587637,1024.247093587637,0.0,160737.7863993483,PHASE7A_FIXED_weekly,PHASE7A_FIXED,weekly,after_tax
2023-05-15,6255.002213608415,0.0,1062.627902632221,161800.41430198052,PHASE7A_FIXED_weekly,PHASE7A_FIXED,weekly,after_tax
2023-08-21,29076.651733567796,0.0,5906.921799674297,167707.33610165483,PHASE7A_FIXED_weekly,PHASE7A_FIXED,weekly,after_tax
2023-08-28,9642.417787238239,0.0,1958.8571734774482,169666.19327513227,PHASE7A_FIXED_weekly,PHASE7A_FIXED,weekly,after_tax
2023-10-02,19396.75444557319,0.0,3940.450665618194,173606.64394075048,PHASE7A_FIXED_weekly,PHASE7A_FIXED,weekly,after_tax
2023-10-09,4343.169112445148,0.0,882.3148051932318,174488.9587459437,PHASE7A_FIXED_weekly,PHASE7A_FIXED,weekly,after_tax
2023-11-27,43226.805056591,0.0,8781.525447246462,183270.48419319018,PHASE7A_FIXED_weekly,PHASE7A_FIXED,weekly,after_tax
2023-12-04,265.3027700923957,0.0,53.89625774427019,183324.38045093443,PHASE7A_FIXED_weekly,PHASE7A_FIXED,weekly,after_tax
2023-12-11,27.942625239939215,0.0,5.676544317493652,183330.0569952519,PHASE7A_FIXED_weekly,PHASE7A_FIXED,weekly,after_tax
2023-12-18,644.6935905016081,0.0,130.9695029104017,183461.0264981623,PHASE7A_FIXED_weekly,PHASE7A_FIXED,weekly,after_tax
2023-12-26,192.30976721531206,0.0,39.06772920979065,183500.0942273721,PHASE7A_FIXED_weekly,PHASE7A_FIXED,weekly,after_tax
2024-01-02,426.0286164920251,0.0,86.5477134403549,183586.64194081243,PHASE7A_FIXED_weekly,PHASE7A_FIXED,weekly,after_tax
2024-01-08,871.4263227452909,0.0,177.03025746570586,183763.67219827813,PHASE7A_FIXED_weekly,PHASE7A_FIXED,weekly,after_tax
2024-01-16,490.21889909231345,0.0,99.58796935060347,183863.26016762873,PHASE7A_FIXED_weekly,PHASE7A_FIXED,weekly,after_tax
2024-01-22,49936.2570241302,0.0,10144.55061445205,194007.81078208078,PHASE7A_FIXED_weekly,PHASE7A_FIXED,weekly,after_tax
2024-01-29,63717.017913207084,0.0,12944.112189068019,206951.9229711488,PHASE7A_FIXED_weekly,PHASE7A_FIXED,weekly,after_tax
2024-02-05,6319.056028030841,0.0,1283.7162320944653,208235.63920324328,PHASE7A_FIXED_weekly,PHASE7A_FIXED,weekly,after_tax
2024-04-08,65183.02892853411,0.0,13241.932326831706,221477.571530075,PHASE7A_FIXED_weekly,PHASE7A_FIXED,weekly,after_tax
2024-04-15,56.519632808359255,0.0,11.481963405018183,221489.05349348,PHASE7A_FIXED_weekly,PHASE7A_FIXED,weekly,after_tax
2024-04-22,-39967.518315926536,39967.518315926536,0.0,221489.05349348,PHASE7A_FIXED_weekly,PHASE7A_FIXED,weekly,after_tax
2024-05-28,72239.19592128994,0.0,6555.991305529575,228045.04479900957,PHASE7A_FIXED_weekly,PHASE7A_FIXED,weekly,after_tax
2024-06-03,614.7201666425335,0.0,124.88040185343068,228169.925200863,PHASE7A_FIXED_weekly,PHASE7A_FIXED,weekly,after_tax
2024-06-10,29.242347035566613,0.0,5.940582800275357,228175.8657836633,PHASE7A_FIXED_weekly,PHASE7A_FIXED,weekly,after_tax
2024-06-17,923.0868229911947,0.0,187.5250880906612,228363.39087175395,PHASE7A_FIXED_weekly,PHASE7A_FIXED,weekly,after_tax
2024-06-24,215.77297363755193,0.0,43.834279594468676,228407.22515134842,PHASE7A_FIXED_weekly,PHASE7A_FIXED,weekly,after_tax
2024-07-01,58.000105366424485,0.0,11.782721405189134,228419.0078727536,PHASE7A_FIXED_weekly,PHASE7A_FIXED,weekly,after_tax
2024-07-08,1553.756716398803,0.0,315.64567693641686,228734.65354969003,PHASE7A_FIXED_weekly,PHASE7A_FIXED,weekly,after_tax
2024-07-15,243.8405330739382,0.0,49.53620429397054,228784.189753984,PHASE7A_FIXED_weekly,PHASE7A_FIXED,weekly,after_tax
2024-07-22,29260.305326993708,0.0,5944.231027178772,234728.4207811628,PHASE7A_FIXED_weekly,PHASE7A_FIXED,weekly,after_tax
2024-10-07,75560.56258986684,0.0,15350.128290131448,250078.54907129426,PHASE7A_FIXED_weekly,PHASE7A_FIXED,weekly,after_tax
2024-10-14,263.63513724808564,0.0,53.5574781319486,250132.10654942621,PHASE7A_FIXED_weekly,PHASE7A_FIXED,weekly,after_tax
2024-10-21,445.23223777206067,0.0,90.44892910339412,250222.5554785296,PHASE7A_FIXED_weekly,PHASE7A_FIXED,weekly,after_tax
2024-10-28,135.5204096616138,0.0,27.530971222756843,250250.08644975236,PHASE7A_FIXED_weekly,PHASE7A_FIXED,weekly,after_tax
2024-11-04,-1878.3876559666105,1878.3876559666105,0.0,250250.08644975236,PHASE7A_FIXED_weekly,PHASE7A_FIXED,weekly,after_tax
2024-12-09,104287.367116468,0.0,20804.384177400858,271054.47062715323,PHASE7A_FIXED_weekly,PHASE7A_FIXED,weekly,after_tax
2024-12-16,112.96169737751413,0.0,22.948168822241996,271077.41879597545,PHASE7A_FIXED_weekly,PHASE7A_FIXED,weekly,after_tax
2024-12-23,-12734.679974953366,12734.679974953366,0.0,271077.41879597545,PHASE7A_FIXED_weekly,PHASE7A_FIXED,weekly,after_tax
2025-03-10,130722.75030796051,0.0,23969.2764881504,295046.69528412586,PHASE7A_FIXED_weekly,PHASE7A_FIXED,weekly,after_tax
2025-06-16,14361.049670949835,0.0,2917.4472406534587,297964.1425247793,PHASE7A_FIXED_weekly,PHASE7A_FIXED,weekly,after_tax
2025-06-23,61.8277844107499,0.0,12.560314403043842,297976.70283918234,PHASE7A_FIXED_weekly,PHASE7A_FIXED,weekly,after_tax
2025-06-30,1068.9207361732435,0.0,217.15124755359443,298193.8540867359,PHASE7A_FIXED_weekly,PHASE7A_FIXED,weekly,after_tax
2025-07-07,75.27131786972295,0.0,15.291368225234217,298209.14545496117,PHASE7A_FIXED_weekly,PHASE7A_FIXED,weekly,after_tax
2025-07-14,7.078434066101879,0.0,1.4379838805285967,298210.5834388417,PHASE7A_FIXED_weekly,PHASE7A_FIXED,weekly,after_tax
2025-07-21,480.5096897218826,0.0,97.61554346700045,298308.1989823087,PHASE7A_FIXED_weekly,PHASE7A_FIXED,weekly,after_tax
2025-07-28,387.10998493302617,0.0,78.64139343914427,298386.8403757478,PHASE7A_FIXED_weekly,PHASE7A_FIXED,weekly,after_tax
2025-08-04,592.163810726137,0.0,120.29807814901471,298507.13845389686,PHASE7A_FIXED_weekly,PHASE7A_FIXED,weekly,after_tax
2025-08-11,1269.4347873913844,0.0,257.88567705855974,298765.0241309554,PHASE7A_FIXED_weekly,PHASE7A_FIXED,weekly,after_tax
2025-08-18,72.76482138869316,0.0,14.782173465113017,298779.8063044205,PHASE7A_FIXED_weekly,PHASE7A_FIXED,weekly,after_tax
2025-08-25,52056.1091169442,0.0,10575.198567107214,309355.0048715277,PHASE7A_FIXED_weekly,PHASE7A_FIXED,weekly,after_tax
2025-09-02,31894.755803319924,0.0,6479.419641444442,315834.4245129722,PHASE7A_FIXED_weekly,PHASE7A_FIXED,weekly,after_tax
2025-09-08,605.6435318675802,0.0,123.03648349889892,315957.46099647105,PHASE7A_FIXED_weekly,PHASE7A_FIXED,weekly,after_tax
2025-09-15,543.0886721636974,0.0,110.32846375005514,316067.78946022113,PHASE7A_FIXED_weekly,PHASE7A_FIXED,weekly,after_tax
2025-09-22,701.0405822325836,0.0,142.41639428054935,316210.2058545017,PHASE7A_FIXED_weekly,PHASE7A_FIXED,weekly,after_tax
2025-09-29,51.824824029906324,0.0,10.52821300167547,316220.73406750336,PHASE7A_FIXED_weekly,PHASE7A_FIXED,weekly,after_tax
2025-10-06,833.4073859530578,0.0,169.30671045636367,316390.04077795974,PHASE7A_FIXED_weekly,PHASE7A_FIXED,weekly,after_tax
2025-10-13,54879.59390671576,0.0,11148.789502149306,327538.8302801091,PHASE7A_FIXED_weekly,PHASE7A_FIXED,weekly,after_tax
2025-12-29,76724.9311016024,0.0,15586.669753290527,343125.5000333996,PHASE7A_FIXED_weekly,PHASE7A_FIXED,weekly,after_tax
2026-01-05,149.9122918704695,0.0,30.454682093485875,343155.9547154931,PHASE7A_FIXED_weekly,PHASE7A_FIXED,weekly,after_tax
2026-01-12,4.39610777849211,0.0,0.893069295200672,343156.8477847883,PHASE7A_FIXED_weekly,PHASE7A_FIXED,weekly,after_tax
2026-01-20,1037.6416135153243,0.0,210.79689378563813,343367.64467857394,PHASE7A_FIXED_weekly,PHASE7A_FIXED,weekly,after_tax
2026-01-26,16.43535846527247,0.0,3.338843072220102,343370.9835216462,PHASE7A_FIXED_weekly,PHASE7A_FIXED,weekly,after_tax
2026-02-02,479.7127870069633,0.0,97.4536526804646,343468.4371743266,PHASE7A_FIXED_weekly,PHASE7A_FIXED,weekly,after_tax
2026-02-09,-27305.589916535046,27305.589916535046,0.0,343468.4371743266,PHASE7A_FIXED_weekly,PHASE7A_FIXED,weekly,after_tax
2026-03-23,122327.5451855117,0.0,19303.71021289261,362772.14738721924,PHASE7A_FIXED_weekly,PHASE7A_FIXED,weekly,after_tax
2014-01-13,1.612019315933516,0.0,0.3274817240318938,0.3274817240318938,MODEL_B_FOUR_STATE_weekly,MODEL_B_FOUR_STATE,weekly,after_tax
2014-01-21,10.777496883746924,0.0,2.1894484919331876,2.5169302159650813,MODEL_B_FOUR_STATE_weekly,MODEL_B_FOUR_STATE,weekly,after_tax
2014-01-27,-0.22575178996185422,0.22575178996185422,0.0,2.5169302159650813,MODEL_B_FOUR_STATE_weekly,MODEL_B_FOUR_STATE,weekly,after_tax
2014-02-03,-540.6647735192123,540.8905253091741,0.0,2.5169302159650813,MODEL_B_FOUR_STATE_weekly,MODEL_B_FOUR_STATE,weekly,after_tax
2014-03-03,1416.8547503685438,0.0,177.95213232081096,180.46906253677605,MODEL_B_FOUR_STATE_weekly,MODEL_B_FOUR_STATE,weekly,after_tax
2014-03-10,5.972946126968161,0.0,1.2134040056935818,181.68246654246963,MODEL_B_FOUR_STATE_weekly,MODEL_B_FOUR_STATE,weekly,after_tax
2014-03-17,14.899059800539082,0.0,3.0267439984795144,184.70921054094913,MODEL_B_FOUR_STATE_weekly,MODEL_B_FOUR_STATE,weekly,after_tax
2014-03-24,-0.09228884026065005,0.09228884026065005,0.0,184.70921054094913,MODEL_B_FOUR_STATE_weekly,MODEL_B_FOUR_STATE,weekly,after_tax
2014-03-31,9.52450167451834,0.0,1.9161540372794497,186.62536457822858,MODEL_B_FOUR_STATE_weekly,MODEL_B_FOUR_STATE,weekly,after_tax
2014-04-07,-2556.7356331428446,2556.7356331428446,0.0,186.62536457822858,MODEL_B_FOUR_STATE_weekly,MODEL_B_FOUR_STATE,weekly,after_tax
2014-05-12,377.26761078508946,2179.468022357755,0.0,186.62536457822858,MODEL_B_FOUR_STATE_weekly,MODEL_B_FOUR_STATE,weekly,after_tax
2014-05-19,0.002487719251974022,2179.4655346385034,0.0,186.62536457822858,MODEL_B_FOUR_STATE_weekly,MODEL_B_FOUR_STATE,weekly,after_tax
2014-05-27,51.60755712895995,2127.8579775095436,0.0,186.62536457822858,MODEL_B_FOUR_STATE_weekly,MODEL_B_FOUR_STATE,weekly,after_tax
2014-06-02,26.847428009497992,2101.0105495000457,0.0,186.62536457822858,MODEL_B_FOUR_STATE_weekly,MODEL_B_FOUR_STATE,weekly,after_tax
2014-06-09,47.93256703135008,2053.0779824686956,0.0,186.62536457822858,MODEL_B_FOUR_STATE_weekly,MODEL_B_FOUR_STATE,weekly,after_tax
2014-06-16,16.120492680525413,2036.9574897881703,0.0,186.62536457822858,MODEL_B_FOUR_STATE_weekly,MODEL_B_FOUR_STATE,weekly,after_tax
2014-06-23,24.81961425281666,2012.1378755353537,0.0,186.62536457822858,MODEL_B_FOUR_STATE_weekly,MODEL_B_FOUR_STATE,weekly,after_tax
2014-06-30,39.7968054919944,1972.3410700433594,0.0,186.62536457822858,MODEL_B_FOUR_STATE_weekly,MODEL_B_FOUR_STATE,weekly,after_tax
2014-07-07,86.77520426391452,1885.565865779445,0.0,186.62536457822858,MODEL_B_FOUR_STATE_weekly,MODEL_B_FOUR_STATE,weekly,after_tax
2014-07-14,0.7589286925626159,1884.8069370868823,0.0,186.62536457822858,MODEL_B_FOUR_STATE_weekly,MODEL_B_FOUR_STATE,weekly,after_tax
2014-07-21,6.3679184381748115,1878.4390186487074,0.0,186.62536457822858,MODEL_B_FOUR_STATE_weekly,MODEL_B_FOUR_STATE,weekly,after_tax
2014-07-28,51.270307649106556,1827.1687109996008,0.0,186.62536457822858,MODEL_B_FOUR_STATE_weekly,MODEL_B_FOUR_STATE,weekly,after_tax
2014-08-04,69.91777518044789,1757.2509358191528,0.0,186.62536457822858,MODEL_B_FOUR_STATE_weekly,MODEL_B_FOUR_STATE,weekly,after_tax
2014-08-11,18.305655477494895,1738.945280341658,0.0,186.62536457822858,MODEL_B_FOUR_STATE_weekly,MODEL_B_FOUR_STATE,weekly,after_tax
2014-08-18,156.10226777818116,1582.8430125634768,0.0,186.62536457822858,MODEL_B_FOUR_STATE_weekly,MODEL_B_FOUR_STATE,weekly,after_tax
2014-08-25,111.93253540420861,1470.910477159268,0.0,186.62536457822858,MODEL_B_FOUR_STATE_weekly,MODEL_B_FOUR_STATE,weekly,after_tax
2014-09-02,35.057022671601416,1435.8534544876668,0.0,186.62536457822858,MODEL_B_FOUR_STATE_weekly,MODEL_B_FOUR_STATE,weekly,after_tax
2014-09-08,7.877891849613735,1427.9755626380531,0.0,186.62536457822858,MODEL_B_FOUR_STATE_weekly,MODEL_B_FOUR_STATE,weekly,after_tax
2014-09-15,18.50070780680826,1409.4748548312448,0.0,186.62536457822858,MODEL_B_FOUR_STATE_weekly,MODEL_B_FOUR_STATE,weekly,after_tax
2014-09-22,24.00218432198241,1385.4726705092623,0.0,186.62536457822858,MODEL_B_FOUR_STATE_weekly,MODEL_B_FOUR_STATE,weekly,after_tax
2014-09-29,97.38232158453049,1288.0903489247319,0.0,186.62536457822858,MODEL_B_FOUR_STATE_weekly,MODEL_B_FOUR_STATE,weekly,after_tax
2014-10-06,7527.651882059593,0.0,1267.566925456347,1454.1922900345755,MODEL_B_FOUR_STATE_weekly,MODEL_B_FOUR_STATE,weekly,after_tax
2014-11-17,7234.635146296076,0.0,1469.7161299700476,2923.908420004623,MODEL_B_FOUR_STATE_weekly,MODEL_B_FOUR_STATE,weekly,after_tax
2014-11-24,8.722837169405942,0.0,1.772044370964817,2925.680464375588,MODEL_B_FOUR_STATE_weekly,MODEL_B_FOUR_STATE,weekly,after_tax
2014-12-01,26.94329421362917,0.0,5.473530219498766,2931.1539945950867,MODEL_B_FOUR_STATE_weekly,MODEL_B_FOUR_STATE,weekly,after_tax
2014-12-08,53.50501090569922,0.0,10.869542965492798,2942.0235375605794,MODEL_B_FOUR_STATE_weekly,MODEL_B_FOUR_STATE,weekly,after_tax
2014-12-15,108.83697420802375,0.0,22.110231310360025,2964.1337688709395,MODEL_B_FOUR_STATE_weekly,MODEL_B_FOUR_STATE,weekly,after_tax
2014-12-22,1030.4475754604214,0.0,209.3354249547846,3173.4691938257242,MODEL_B_FOUR_STATE_weekly,MODEL_B_FOUR_STATE,weekly,after_tax
2015-03-02,8743.650876537295,0.0,1776.2726755685514,4949.741869394275,MODEL_B_FOUR_STATE_weekly,MODEL_B_FOUR_STATE,weekly,after_tax
2015-03-09,60.226038832871886,0.0,12.234919788897923,4961.976789183173,MODEL_B_FOUR_STATE_weekly,MODEL_B_FOUR_STATE,weekly,after_tax
2015-03-16,102.77338494055117,0.0,20.87841315067297,4982.855202333846,MODEL_B_FOUR_STATE_weekly,MODEL_B_FOUR_STATE,weekly,after_tax
2015-03-23,0.018860641670694678,0.0,0.0038315393554016236,4982.859033873202,MODEL_B_FOUR_STATE_weekly,MODEL_B_FOUR_STATE,weekly,after_tax
2015-03-30,-1959.3373995626662,1959.3373995626662,0.0,4982.859033873202,MODEL_B_FOUR_STATE_weekly,MODEL_B_FOUR_STATE,weekly,after_tax
2015-04-13,6588.938600923217,0.0,940.5034840563958,5923.362517929598,MODEL_B_FOUR_STATE_weekly,MODEL_B_FOUR_STATE,weekly,after_tax
2015-04-20,58.13907738941155,0.0,11.810953571658956,5935.173471501257,MODEL_B_FOUR_STATE_weekly,MODEL_B_FOUR_STATE,weekly,after_tax
2015-04-27,79.17660137885422,0.0,16.084726570114235,5951.258198071371,MODEL_B_FOUR_STATE_weekly,MODEL_B_FOUR_STATE,weekly,after_tax
2015-05-04,94.35493739595952,0.0,19.168205531989177,5970.42640360336,MODEL_B_FOUR_STATE_weekly,MODEL_B_FOUR_STATE,weekly,after_tax
2015-05-11,527.409921387374,0.0,107.14332552984501,6077.569729133205,MODEL_B_FOUR_STATE_weekly,MODEL_B_FOUR_STATE,weekly,after_tax
2015-05-26,6396.192551809474,0.0,1299.3865169000946,7376.9562460333,MODEL_B_FOUR_STATE_weekly,MODEL_B_FOUR_STATE,weekly,after_tax
2015-06-01,0.6899094254783517,0.0,0.14015509978592713,7377.096401133086,MODEL_B_FOUR_STATE_weekly,MODEL_B_FOUR_STATE,weekly,after_tax
2015-06-08,61.021683778175145,0.0,12.396555059536281,7389.492956192623,MODEL_B_FOUR_STATE_weekly,MODEL_B_FOUR_STATE,weekly,after_tax
2015-06-15,50.7881648169346,0.0,10.317615682560263,7399.810571875183,MODEL_B_FOUR_STATE_weekly,MODEL_B_FOUR_STATE,weekly,after_tax
2015-06-22,9.880375744524844,0.0,2.0071983325002223,7401.817770207684,MODEL_B_FOUR_STATE_weekly,MODEL_B_FOUR_STATE,weekly,after_tax
2015-06-29,99.11089472484652,0.0,20.13437826335257,7421.952148471036,MODEL_B_FOUR_STATE_weekly,MODEL_B_FOUR_STATE,weekly,after_tax
2015-07-06,-2422.3343049036444,2422.3343049036444,0.0,7421.952148471036,MODEL_B_FOUR_STATE_weekly,MODEL_B_FOUR_STATE,weekly,after_tax
2015-08-17,5170.3375656240705,0.0,558.2568624153546,7980.20901088639,MODEL_B_FOUR_STATE_weekly,MODEL_B_FOUR_STATE,weekly,after_tax
2015-08-24,-23704.52025489727,23704.52025489727,0.0,7980.20901088639,MODEL_B_FOUR_STATE_weekly,MODEL_B_FOUR_STATE,weekly,after_tax
2015-09-08,-2196.3448944854003,25900.86514938267,0.0,7980.20901088639,MODEL_B_FOUR_STATE_weekly,MODEL_B_FOUR_STATE,weekly,after_tax
2015-09-28,-6564.834683069367,32465.699832452035,0.0,7980.20901088639,MODEL_B_FOUR_STATE_weekly,MODEL_B_FOUR_STATE,weekly,after_tax
2015-11-30,2898.619409434964,29567.080423017072,0.0,7980.20901088639,MODEL_B_FOUR_STATE_weekly,MODEL_B_FOUR_STATE,weekly,after_tax
2015-12-07,243.99085719847514,29323.0895658186,0.0,7980.20901088639,MODEL_B_FOUR_STATE_weekly,MODEL_B_FOUR_STATE,weekly,after_tax
2016-01-11,-7350.824452257085,36673.91401807568,0.0,7980.20901088639,MODEL_B_FOUR_STATE_weekly,MODEL_B_FOUR_STATE,weekly,after_tax
2016-04-04,2710.1907409469018,33963.72327712878,0.0,7980.20901088639,MODEL_B_FOUR_STATE_weekly,MODEL_B_FOUR_STATE,weekly,after_tax
2016-04-11,-2.3491518505836275,33966.072428979365,0.0,7980.20901088639,MODEL_B_FOUR_STATE_weekly,MODEL_B_FOUR_STATE,weekly,after_tax
2016-04-18,-248.9011424718521,34214.97357145122,0.0,7980.20901088639,MODEL_B_FOUR_STATE_weekly,MODEL_B_FOUR_STATE,weekly,after_tax
2016-05-02,-3903.8753173611494,38118.84888881237,0.0,7980.20901088639,MODEL_B_FOUR_STATE_weekly,MODEL_B_FOUR_STATE,weekly,after_tax
2016-06-06,-36.06279422383375,38154.9116830362,0.0,7980.20901088639,MODEL_B_FOUR_STATE_weekly,MODEL_B_FOUR_STATE,weekly,after_tax
2016-06-13,-8.990459021742751,38163.902142057945,0.0,7980.20901088639,MODEL_B_FOUR_STATE_weekly,MODEL_B_FOUR_STATE,weekly,after_tax
2016-06-20,-4317.015231841773,42480.91737389972,0.0,7980.20901088639,MODEL_B_FOUR_STATE_weekly,MODEL_B_FOUR_STATE,weekly,after_tax
2016-08-01,2596.810087314177,39884.107286585546,0.0,7980.20901088639,MODEL_B_FOUR_STATE_weekly,MODEL_B_FOUR_STATE,weekly,after_tax
2016-08-08,8.212047065006525,39875.89523952054,0.0,7980.20901088639,MODEL_B_FOUR_STATE_weekly,MODEL_B_FOUR_STATE,weekly,after_tax
2016-08-15,3.0169242005411716,39872.87831532,0.0,7980.20901088639,MODEL_B_FOUR_STATE_weekly,MODEL_B_FOUR_STATE,weekly,after_tax
2016-08-22,6.231764307706589,39866.646551012294,0.0,7980.20901088639,MODEL_B_FOUR_STATE_weekly,MODEL_B_FOUR_STATE,weekly,after_tax
2016-08-29,5.894775530297956,39860.75177548199,0.0,7980.20901088639,MODEL_B_FOUR_STATE_weekly,MODEL_B_FOUR_STATE,weekly,after_tax
2016-09-06,3.716382993894474,39857.0353924881,0.0,7980.20901088639,MODEL_B_FOUR_STATE_weekly,MODEL_B_FOUR_STATE,weekly,after_tax
2016-09-12,50.57550144519374,39806.459891042905,0.0,7980.20901088639,MODEL_B_FOUR_STATE_weekly,MODEL_B_FOUR_STATE,weekly,after_tax
2016-09-19,1230.4152451282143,38576.04464591469,0.0,7980.20901088639,MODEL_B_FOUR_STATE_weekly,MODEL_B_FOUR_STATE,weekly,after_tax
2016-10-10,3219.0889312804015,35356.95571463429,0.0,7980.20901088639,MODEL_B_FOUR_STATE_weekly,MODEL_B_FOUR_STATE,weekly,after_tax
2016-10-17,35.133474471304815,35321.82224016299,0.0,7980.20901088639,MODEL_B_FOUR_STATE_weekly,MODEL_B_FOUR_STATE,weekly,after_tax
2016-10-24,-1.510862292885455,35323.33310245587,0.0,7980.20901088639,MODEL_B_FOUR_STATE_weekly,MODEL_B_FOUR_STATE,weekly,after_tax
2016-10-31,23.4045824708329,35299.92851998504,0.0,7980.20901088639,MODEL_B_FOUR_STATE_weekly,MODEL_B_FOUR_STATE,weekly,after_tax
2016-11-07,29.302086936404823,35270.62643304864,0.0,7980.20901088639,MODEL_B_FOUR_STATE_weekly,MODEL_B_FOUR_STATE,weekly,after_tax
2016-11-14,-1873.4053409174744,37144.03177396611,0.0,7980.20901088639,MODEL_B_FOUR_STATE_weekly,MODEL_B_FOUR_STATE,weekly,after_tax
2016-12-12,2640.0116638019927,34504.02011016412,0.0,7980.20901088639,MODEL_B_FOUR_STATE_weekly,MODEL_B_FOUR_STATE,weekly,after_tax
2016-12-19,4.9772792575009746,34499.04283090662,0.0,7980.20901088639,MODEL_B_FOUR_STATE_weekly,MODEL_B_FOUR_STATE,weekly,after_tax
2016-12-27,3.523754274803891,34495.51907663181,0.0,7980.20901088639,MODEL_B_FOUR_STATE_weekly,MODEL_B_FOUR_STATE,weekly,after_tax
2017-01-03,11740.72276001332,22754.796316618493,0.0,7980.20901088639,MODEL_B_FOUR_STATE_weekly,MODEL_B_FOUR_STATE,weekly,after_tax
2018-01-08,55.22449926268936,22699.5718173558,0.0,7980.20901088639,MODEL_B_FOUR_STATE_weekly,MODEL_B_FOUR_STATE,weekly,after_tax
2018-01-16,66.97025650475645,22632.601560851046,0.0,7980.20901088639,MODEL_B_FOUR_STATE_weekly,MODEL_B_FOUR_STATE,weekly,after_tax
2018-01-22,10.873246074362529,22621.728314776683,0.0,7980.20901088639,MODEL_B_FOUR_STATE_weekly,MODEL_B_FOUR_STATE,weekly,after_tax
2018-01-29,112.17785234648628,22509.550462430198,0.0,7980.20901088639,MODEL_B_FOUR_STATE_weekly,MODEL_B_FOUR_STATE,weekly,after_tax
2018-02-05,2409.7827820920943,20099.767680338104,0.0,7980.20901088639,MODEL_B_FOUR_STATE_weekly,MODEL_B_FOUR_STATE,weekly,after_tax
2018-05-29,2504.1349265272142,17595.63275381089,0.0,7980.20901088639,MODEL_B_FOUR_STATE_weekly,MODEL_B_FOUR_STATE,weekly,after_tax
2018-06-04,33.50350141113105,17562.129252399758,0.0,7980.20901088639,MODEL_B_FOUR_STATE_weekly,MODEL_B_FOUR_STATE,weekly,after_tax
2018-06-11,10.788740631293361,17551.340511768463,0.0,7980.20901088639,MODEL_B_FOUR_STATE_weekly,MODEL_B_FOUR_STATE,weekly,after_tax
2018-06-18,18.634026376531267,17532.706485391933,0.0,7980.20901088639,MODEL_B_FOUR_STATE_weekly,MODEL_B_FOUR_STATE,weekly,after_tax
2018-06-25,32.3198520489163,17500.386633343016,0.0,7980.20901088639,MODEL_B_FOUR_STATE_weekly,MODEL_B_FOUR_STATE,weekly,after_tax
2018-07-02,342.84697236229624,17157.53966098072,0.0,7980.20901088639,MODEL_B_FOUR_STATE_weekly,MODEL_B_FOUR_STATE,weekly,after_tax
2018-08-27,6143.240186873342,11014.299474107378,0.0,7980.20901088639,MODEL_B_FOUR_STATE_weekly,MODEL_B_FOUR_STATE,weekly,after_tax
2018-09-04,12.317859788288548,11001.98161431909,0.0,7980.20901088639,MODEL_B_FOUR_STATE_weekly,MODEL_B_FOUR_STATE,weekly,after_tax
2018-09-10,98.257016403928,10903.724597915161,0.0,7980.20901088639,MODEL_B_FOUR_STATE_weekly,MODEL_B_FOUR_STATE,weekly,after_tax
2018-09-17,-0.46191782814439974,10904.186515743306,0.0,7980.20901088639,MODEL_B_FOUR_STATE_weekly,MODEL_B_FOUR_STATE,weekly,after_tax
2018-09-24,32.87284753854272,10871.313668204763,0.0,7980.20901088639,MODEL_B_FOUR_STATE_weekly,MODEL_B_FOUR_STATE,weekly,after_tax
2018-10-01,32.249600252950266,10839.064067951813,0.0,7980.20901088639,MODEL_B_FOUR_STATE_weekly,MODEL_B_FOUR_STATE,weekly,after_tax
2018-10-08,-2069.019045653614,12908.083113605426,0.0,7980.20901088639,MODEL_B_FOUR_STATE_weekly,MODEL_B_FOUR_STATE,weekly,after_tax
2018-10-29,2420.388104444715,10487.69500916071,0.0,7980.20901088639,MODEL_B_FOUR_STATE_weekly,MODEL_B_FOUR_STATE,weekly,after_tax
2018-11-19,-5329.802947423464,15817.497956584175,0.0,7980.20901088639,MODEL_B_FOUR_STATE_weekly,MODEL_B_FOUR_STATE,weekly,after_tax
2019-03-04,1027.1840992261311,14790.313857358044,0.0,7980.20901088639,MODEL_B_FOUR_STATE_weekly,MODEL_B_FOUR_STATE,weekly,after_tax
2019-03-11,-1332.9236646112986,16123.237521969342,0.0,7980.20901088639,MODEL_B_FOUR_STATE_weekly,MODEL_B_FOUR_STATE,weekly,after_tax
2019-03-18,4165.186575798659,11958.050946170682,0.0,7980.20901088639,MODEL_B_FOUR_STATE_weekly,MODEL_B_FOUR_STATE,weekly,after_tax
2019-03-25,-148.94320184146207,12106.994148012145,0.0,7980.20901088639,MODEL_B_FOUR_STATE_weekly,MODEL_B_FOUR_STATE,weekly,after_tax
2019-04-15,2037.2253358530913,10069.768812159055,0.0,7980.20901088639,MODEL_B_FOUR_STATE_weekly,MODEL_B_FOUR_STATE,weekly,after_tax
2019-04-22,0.7899893460443144,10068.978822813011,0.0,7980.20901088639,MODEL_B_FOUR_STATE_weekly,MODEL_B_FOUR_STATE,weekly,after_tax
2019-04-29,31.84880714176611,10037.130015671244,0.0,7980.20901088639,MODEL_B_FOUR_STATE_weekly,MODEL_B_FOUR_STATE,weekly,after_tax
2019-05-06,38.683418619432025,9998.446597051812,0.0,7980.20901088639,MODEL_B_FOUR_STATE_weekly,MODEL_B_FOUR_STATE,weekly,after_tax
2019-05-13,12.099971279436366,9986.346625772376,0.0,7980.20901088639,MODEL_B_FOUR_STATE_weekly,MODEL_B_FOUR_STATE,weekly,after_tax
2019-05-20,-2549.4079943702554,12535.75462014263,0.0,7980.20901088639,MODEL_B_FOUR_STATE_weekly,MODEL_B_FOUR_STATE,weekly,after_tax
2019-05-28,-1126.9035937999447,13662.658213942575,0.0,7980.20901088639,MODEL_B_FOUR_STATE_weekly,MODEL_B_FOUR_STATE,weekly,after_tax
2019-06-03,-3524.9888586589923,17187.64707260157,0.0,7980.20901088639,MODEL_B_FOUR_STATE_weekly,MODEL_B_FOUR_STATE,weekly,after_tax
2019-06-17,380.08486516114914,16807.56220744042,0.0,7980.20901088639,MODEL_B_FOUR_STATE_weekly,MODEL_B_FOUR_STATE,weekly,after_tax
2019-07-15,2819.1952791404774,13988.366928299944,0.0,7980.20901088639,MODEL_B_FOUR_STATE_weekly,MODEL_B_FOUR_STATE,weekly,after_tax
2019-07-22,24.05015641776372,13964.31677188218,0.0,7980.20901088639,MODEL_B_FOUR_STATE_weekly,MODEL_B_FOUR_STATE,weekly,after_tax
2019-07-29,5.190626564270668,13959.12614531791,0.0,7980.20901088639,MODEL_B_FOUR_STATE_weekly,MODEL_B_FOUR_STATE,weekly,after_tax
2019-08-05,0.7497368542784775,13958.376408463631,0.0,7980.20901088639,MODEL_B_FOUR_STATE_weekly,MODEL_B_FOUR_STATE,weekly,after_tax
2019-08-12,-3587.0781806839714,17545.4545891476,0.0,7980.20901088639,MODEL_B_FOUR_STATE_weekly,MODEL_B_FOUR_STATE,weekly,after_tax
2019-11-11,3910.489537449059,13634.965051698542,0.0,7980.20901088639,MODEL_B_FOUR_STATE_weekly,MODEL_B_FOUR_STATE,weekly,after_tax
2019-11-18,8.53836736564415,13626.426684332899,0.0,7980.20901088639,MODEL_B_FOUR_STATE_weekly,MODEL_B_FOUR_STATE,weekly,after_tax
2019-11-25,0.42164225922198484,13626.005042073677,0.0,7980.20901088639,MODEL_B_FOUR_STATE_weekly,MODEL_B_FOUR_STATE,weekly,after_tax
2019-12-02,15.545316904270976,13610.459725169407,0.0,7980.20901088639,MODEL_B_FOUR_STATE_weekly,MODEL_B_FOUR_STATE,weekly,after_tax
2019-12-09,10.571795447056543,13599.88792972235,0.0,7980.20901088639,MODEL_B_FOUR_STATE_weekly,MODEL_B_FOUR_STATE,weekly,after_tax
2019-12-16,44.30447350568846,13555.583456216662,0.0,7980.20901088639,MODEL_B_FOUR_STATE_weekly,MODEL_B_FOUR_STATE,weekly,after_tax
2019-12-23,66.85328862120038,13488.730167595462,0.0,7980.20901088639,MODEL_B_FOUR_STATE_weekly,MODEL_B_FOUR_STATE,weekly,after_tax
2019-12-30,30.08087875695638,13458.649288838506,0.0,7980.20901088639,MODEL_B_FOUR_STATE_weekly,MODEL_B_FOUR_STATE,weekly,after_tax
2020-01-06,34.45474875025062,13424.194540088254,0.0,7980.20901088639,MODEL_B_FOUR_STATE_weekly,MODEL_B_FOUR_STATE,weekly,after_tax
2020-01-13,188.0216129463366,13236.172927141917,0.0,7980.20901088639,MODEL_B_FOUR_STATE_weekly,MODEL_B_FOUR_STATE,weekly,after_tax
2020-01-21,98.52468479029922,13137.648242351617,0.0,7980.20901088639,MODEL_B_FOUR_STATE_weekly,MODEL_B_FOUR_STATE,weekly,after_tax
2020-01-27,166.21311695198975,12971.435125399628,0.0,7980.20901088639,MODEL_B_FOUR_STATE_weekly,MODEL_B_FOUR_STATE,weekly,after_tax
2020-02-03,7614.923249206411,5356.511876193217,0.0,7980.20901088639,MODEL_B_FOUR_STATE_weekly,MODEL_B_FOUR_STATE,weekly,after_tax
2020-03-16,-30074.639276348382,35431.1511525416,0.0,7980.20901088639,MODEL_B_FOUR_STATE_weekly,MODEL_B_FOUR_STATE,weekly,after_tax
2020-12-21,23810.86612977644,11620.285022765158,0.0,7980.20901088639,MODEL_B_FOUR_STATE_weekly,MODEL_B_FOUR_STATE,weekly,after_tax
2020-12-28,34.68463874644009,11585.600384018719,0.0,7980.20901088639,MODEL_B_FOUR_STATE_weekly,MODEL_B_FOUR_STATE,weekly,after_tax
2021-01-04,108456.02695648475,0.0,19679.227158196474,27659.436169082866,MODEL_B_FOUR_STATE_weekly,MODEL_B_FOUR_STATE,weekly,after_tax
2015-09-01,127332.2330879548,0.0,25867.543151818016,25867.543151818016,FIXED_QLD_MA200_monthly,FIXED_QLD_MA200,monthly,after_tax
2016-02-01,-35747.05737923074,35747.05737923074,0.0,25867.543151818016,FIXED_QLD_MA200_monthly,FIXED_QLD_MA200,monthly,after_tax
2016-05-02,-8456.88143669159,44203.93881592233,0.0,25867.543151818016,FIXED_QLD_MA200_monthly,FIXED_QLD_MA200,monthly,after_tax
2018-11-01,194568.49676809768,0.0,30546.559947984424,56414.103099802436,FIXED_QLD_MA200_monthly,FIXED_QLD_MA200,monthly,after_tax
2020-04-01,-1346.6295266798697,1346.6295266798697,0.0,56414.103099802436,FIXED_QLD_MA200_monthly,FIXED_QLD_MA200,monthly,after_tax
2022-02-01,526815.676040079,0.0,106749.03679919703,163163.13989899948,FIXED_QLD_MA200_monthly,FIXED_QLD_MA200,monthly,after_tax
2025-04-01,809041.0351521282,0.0,164356.68629115485,327519.8261901543,FIXED_QLD_MA200_monthly,FIXED_QLD_MA200,monthly,after_tax
2026-04-01,265941.97708303924,0.0,54026.11264441942,381545.9388345737,FIXED_QLD_MA200_monthly,FIXED_QLD_MA200,monthly,after_tax
2013-02-01,2.553575726599992,0.0,0.5187589088587884,0.5187589088587884,PHASE7A_FIXED_monthly,PHASE7A_FIXED,monthly,after_tax
2013-03-01,0.0029901401887989926,0.0,0.0006074469793545153,0.519366355838143,PHASE7A_FIXED_monthly,PHASE7A_FIXED,monthly,after_tax
2013-04-01,52.26740576714252,0.0,10.618123481595003,11.137489837433145,PHASE7A_FIXED_monthly,PHASE7A_FIXED,monthly,after_tax
2013-05-01,3388.2402385290716,0.0,688.3210044571808,699.458494294614,PHASE7A_FIXED_monthly,PHASE7A_FIXED,monthly,after_tax
2013-06-03,3604.0104868248723,0.0,732.1547303984728,1431.6132246930867,PHASE7A_FIXED_monthly,PHASE7A_FIXED,monthly,after_tax
2013-07-01,46.33399246682931,0.0,9.412750569636374,1441.025975262723,PHASE7A_FIXED_monthly,PHASE7A_FIXED,monthly,after_tax
2013-08-01,139.49075570895698,0.0,28.33754702227461,1469.3635222849975,PHASE7A_FIXED_monthly,PHASE7A_FIXED,monthly,after_tax
2013-09-03,26.259761984289717,0.0,5.334670647108456,1474.698192932106,PHASE7A_FIXED_monthly,PHASE7A_FIXED,monthly,after_tax
2013-10-01,171.67996465247828,0.0,34.87678481915096,1509.574977751257,PHASE7A_FIXED_monthly,PHASE7A_FIXED,monthly,after_tax
2013-11-01,367.74468236795497,0.0,74.70733222305005,1584.282309974307,PHASE7A_FIXED_monthly,PHASE7A_FIXED,monthly,after_tax
2013-12-02,314.87743099561686,0.0,63.96735010675957,1648.2496600810666,PHASE7A_FIXED_monthly,PHASE7A_FIXED,monthly,after_tax
2014-01-02,252.2151113042552,0.0,51.23749986145944,1699.487159942526,PHASE7A_FIXED_monthly,PHASE7A_FIXED,monthly,after_tax
2014-02-03,231.33260655039433,0.0,46.99521902071261,1746.4823789632385,PHASE7A_FIXED_monthly,PHASE7A_FIXED,monthly,after_tax
2014-03-03,535.3175261765048,0.0,108.74975544275695,1855.2321344059953,PHASE7A_FIXED_monthly,PHASE7A_FIXED,monthly,after_tax
2014-04-01,184.4002200869537,0.0,37.46090471066464,1892.69303911666,PHASE7A_FIXED_monthly,PHASE7A_FIXED,monthly,after_tax
2014-05-01,13601.874702278084,0.0,2763.220845767793,4655.913884884453,PHASE7A_FIXED_monthly,PHASE7A_FIXED,monthly,after_tax
2014-06-02,15042.40515649345,0.0,3055.8646075416445,7711.778492426098,PHASE7A_FIXED_monthly,PHASE7A_FIXED,monthly,after_tax
2014-07-01,94.21008829896618,0.0,19.13877943793498,7730.917271864033,PHASE7A_FIXED_monthly,PHASE7A_FIXED,monthly,after_tax
2014-08-01,10.445494086479224,0.0,2.1220021236682545,7733.039273987702,PHASE7A_FIXED_monthly,PHASE7A_FIXED,monthly,after_tax
2014-09-02,455.4734572792997,0.0,92.52943284628972,7825.568706833991,PHASE7A_FIXED_monthly,PHASE7A_FIXED,monthly,after_tax
2014-10-01,276.986760840569,0.0,56.26986046476159,7881.838567298752,PHASE7A_FIXED_monthly,PHASE7A_FIXED,monthly,after_tax
2014-11-03,12168.563243525126,0.0,2472.0436229221295,10353.882190220882,PHASE7A_FIXED_monthly,PHASE7A_FIXED,monthly,after_tax
2014-12-01,23447.85181372808,0.0,4763.431095958859,15117.313286179742,PHASE7A_FIXED_monthly,PHASE7A_FIXED,monthly,after_tax
2015-01-02,-2646.6292366211887,2646.6292366211887,0.0,15117.313286179742,PHASE7A_FIXED_monthly,PHASE7A_FIXED,monthly,after_tax
2015-03-02,21197.29636810672,0.0,3768.5680277612855,18885.881313941027,PHASE7A_FIXED_monthly,PHASE7A_FIXED,monthly,after_tax
2015-04-01,423.00628420857834,0.0,85.9337266369727,18971.815040578,PHASE7A_FIXED_monthly,PHASE7A_FIXED,monthly,after_tax
2015-05-01,-15.921063095151974,15.921063095151974,0.0,18971.815040578,PHASE7A_FIXED_monthly,PHASE7A_FIXED,monthly,after_tax
2015-06-01,39.323692775539996,0.0,4.754244219570827,18976.56928479757,PHASE7A_FIXED_monthly,PHASE7A_FIXED,monthly,after_tax
2015-07-01,409.46107821421765,0.0,83.18201803921832,19059.751302836787,PHASE7A_FIXED_monthly,PHASE7A_FIXED,monthly,after_tax
2015-08-03,105.22236321416092,0.0,21.375923086956792,19081.127225923745,PHASE7A_FIXED_monthly,PHASE7A_FIXED,monthly,after_tax
2015-09-01,39957.38924629499,0.0,8117.343625384827,27198.47085130857,PHASE7A_FIXED_monthly,PHASE7A_FIXED,monthly,after_tax
2015-12-01,2.6236060268442145,0.0,0.5329855643534022,27199.003836872926,PHASE7A_FIXED_monthly,PHASE7A_FIXED,monthly,after_tax
2016-01-04,-4790.9659428651685,4790.9659428651685,0.0,27199.003836872926,PHASE7A_FIXED_monthly,PHASE7A_FIXED,monthly,after_tax
2016-02-01,-33401.99132758207,38192.95727044724,0.0,27199.003836872926,PHASE7A_FIXED_monthly,PHASE7A_FIXED,monthly,after_tax
2016-05-02,-9466.486310320975,47659.44358076822,0.0,27199.003836872926,PHASE7A_FIXED_monthly,PHASE7A_FIXED,monthly,after_tax
2016-07-01,-2302.452222722556,49961.89580349077,0.0,27199.003836872926,PHASE7A_FIXED_monthly,PHASE7A_FIXED,monthly,after_tax
2016-08-01,3332.0713384786545,46629.82446501211,0.0,27199.003836872926,PHASE7A_FIXED_monthly,PHASE7A_FIXED,monthly,after_tax
2016-09-01,6.634993907342344,46623.18947110477,0.0,27199.003836872926,PHASE7A_FIXED_monthly,PHASE7A_FIXED,monthly,after_tax
2016-10-03,2831.6793857145135,43791.510085390255,0.0,27199.003836872926,PHASE7A_FIXED_monthly,PHASE7A_FIXED,monthly,after_tax
2016-11-01,3336.61672075807,40454.89336463218,0.0,27199.003836872926,PHASE7A_FIXED_monthly,PHASE7A_FIXED,monthly,after_tax
2016-12-01,-56.286610470600586,40511.17997510278,0.0,27199.003836872926,PHASE7A_FIXED_monthly,PHASE7A_FIXED,monthly,after_tax
2017-01-03,3981.001730463775,36530.178244639006,0.0,27199.003836872926,PHASE7A_FIXED_monthly,PHASE7A_FIXED,monthly,after_tax
2017-02-01,226.23835066783974,36303.93989397117,0.0,27199.003836872926,PHASE7A_FIXED_monthly,PHASE7A_FIXED,monthly,after_tax
2017-03-01,353.08249459532396,35950.85739937585,0.0,27199.003836872926,PHASE7A_FIXED_monthly,PHASE7A_FIXED,monthly,after_tax
2017-04-03,132.533777073981,35818.32362230187,0.0,27199.003836872926,PHASE7A_FIXED_monthly,PHASE7A_FIXED,monthly,after_tax
2017-05-01,353.97362284567157,35464.34999945619,0.0,27199.003836872926,PHASE7A_FIXED_monthly,PHASE7A_FIXED,monthly,after_tax
2017-06-01,575.0452552951123,34889.30474416108,0.0,27199.003836872926,PHASE7A_FIXED_monthly,PHASE7A_FIXED,monthly,after_tax
2017-07-03,17395.52803568103,17493.776708480054,0.0,27199.003836872926,PHASE7A_FIXED_monthly,PHASE7A_FIXED,monthly,after_tax
2017-08-01,17238.20699290142,255.5697155786329,0.0,27199.003836872926,PHASE7A_FIXED_monthly,PHASE7A_FIXED,monthly,after_tax
2017-09-01,2582.751758227325,0.0,472.76703196408175,27671.770868837008,PHASE7A_FIXED_monthly,PHASE7A_FIXED,monthly,after_tax
2017-10-02,15505.927330008417,0.0,3150.02913709121,30821.800005928217,PHASE7A_FIXED_monthly,PHASE7A_FIXED,monthly,after_tax
2017-11-01,284.06391978693205,0.0,57.707585304715245,30879.50759123293,PHASE7A_FIXED_monthly,PHASE7A_FIXED,monthly,after_tax
2017-12-01,40.85589409822668,0.0,8.299874886054749,30887.807466118986,PHASE7A_FIXED_monthly,PHASE7A_FIXED,monthly,after_tax
2018-01-02,145.90334490851035,0.0,29.640264518163878,30917.44773063715,PHASE7A_FIXED_monthly,PHASE7A_FIXED,monthly,after_tax
2018-02-01,1423.1215847342855,0.0,289.1071499387701,31206.554880575917,PHASE7A_FIXED_monthly,PHASE7A_FIXED,monthly,after_tax
2018-03-01,22596.79221694828,0.0,4590.538338873043,35797.09321944896,PHASE7A_FIXED_monthly,PHASE7A_FIXED,monthly,after_tax
2018-06-01,28791.410434884885,0.0,5848.975029846864,41646.06824929582,PHASE7A_FIXED_monthly,PHASE7A_FIXED,monthly,after_tax
2018-07-02,168.46496334910228,0.0,34.22365730437013,41680.29190660019,PHASE7A_FIXED_monthly,PHASE7A_FIXED,monthly,after_tax
2018-08-01,6962.6370196445505,0.0,1414.4597105407904,43094.75161714098,PHASE7A_FIXED_monthly,PHASE7A_FIXED,monthly,after_tax
2018-09-04,35561.8724246922,0.0,7224.39438307622,50319.1460002172,PHASE7A_FIXED_monthly,PHASE7A_FIXED,monthly,after_tax
2018-10-01,2.551876714970333,0.0,0.5184137546462232,50319.66441397185,PHASE7A_FIXED_monthly,PHASE7A_FIXED,monthly,after_tax
2018-11-01,48072.51447166203,0.0,9765.93131491814,60085.59572888999,PHASE7A_FIXED_monthly,PHASE7A_FIXED,monthly,after_tax
2019-04-01,7912.123959243697,0.0,1607.347982320357,61692.94371121035,PHASE7A_FIXED_monthly,PHASE7A_FIXED,monthly,after_tax
2019-05-01,11944.674982906663,0.0,2426.5607227774885,64119.50443398784,PHASE7A_FIXED_monthly,PHASE7A_FIXED,monthly,after_tax
2019-06-03,-20758.637555929174,20758.637555929174,0.0,64119.50443398784,PHASE7A_FIXED_monthly,PHASE7A_FIXED,monthly,after_tax
2019-08-01,11464.173716721325,9294.463839207849,0.0,64119.50443398784,PHASE7A_FIXED_monthly,PHASE7A_FIXED,monthly,after_tax
2019-09-03,-7923.579384157907,17218.043223365756,0.0,64119.50443398784,PHASE7A_FIXED_monthly,PHASE7A_FIXED,monthly,after_tax
2019-10-01,7791.890372351947,9426.152851013809,0.0,64119.50443398784,PHASE7A_FIXED_monthly,PHASE7A_FIXED,monthly,after_tax
2019-11-01,270.31554782822684,9155.837303185583,0.0,64119.50443398784,PHASE7A_FIXED_monthly,PHASE7A_FIXED,monthly,after_tax
2019-12-02,465.8279594345154,8690.009343751068,0.0,64119.50443398784,PHASE7A_FIXED_monthly,PHASE7A_FIXED,monthly,after_tax
2020-01-02,1002.6483549187711,7687.360988832296,0.0,64119.50443398784,PHASE7A_FIXED_monthly,PHASE7A_FIXED,monthly,after_tax
2020-02-03,35861.39435398355,0.0,5723.554878130478,69843.05931211832,PHASE7A_FIXED_monthly,PHASE7A_FIXED,monthly,after_tax
2020-04-01,-45373.294539053546,45373.294539053546,0.0,69843.05931211832,PHASE7A_FIXED_monthly,PHASE7A_FIXED,monthly,after_tax
2021-01-04,72986.0647410893,0.0,5609.534266543564,75452.59357866188,PHASE7A_FIXED_monthly,PHASE7A_FIXED,monthly,after_tax
2021-02-01,2082.4203450182927,0.0,423.04369309046615,75875.63727175235,PHASE7A_FIXED_monthly,PHASE7A_FIXED,monthly,after_tax
2021-07-01,95211.02231460196,0.0,19342.119183211387,95217.75645496373,PHASE7A_FIXED_monthly,PHASE7A_FIXED,monthly,after_tax
2021-08-02,408.3996837364056,0.0,82.9663957510508,95300.72285071478,PHASE7A_FIXED_monthly,PHASE7A_FIXED,monthly,after_tax
2021-09-01,1095.971731077686,0.0,222.6466571684319,95523.36950788321,PHASE7A_FIXED_monthly,PHASE7A_FIXED,monthly,after_tax
2021-10-01,3843.8908516322567,0.0,780.886426509093,96304.2559343923,PHASE7A_FIXED_monthly,PHASE7A_FIXED,monthly,after_tax
2022-02-01,364161.36869163817,0.0,73979.3820497063,170283.6379840986,PHASE7A_FIXED_monthly,PHASE7A_FIXED,monthly,after_tax
2023-05-01,72659.65001219428,0.0,14760.807899977268,185044.44588407586,PHASE7A_FIXED_monthly,PHASE7A_FIXED,monthly,after_tax
2023-08-01,65588.04952730308,0.0,13324.21226147162,198368.6581455475,PHASE7A_FIXED_monthly,PHASE7A_FIXED,monthly,after_tax
2023-09-01,-8164.51880503138,8164.51880503138,0.0,198368.6581455475,PHASE7A_FIXED_monthly,PHASE7A_FIXED,monthly,after_tax
2023-10-02,21335.077725784147,0.0,2675.5990447509243,201044.2571902984,PHASE7A_FIXED_monthly,PHASE7A_FIXED,monthly,after_tax
2023-11-01,-14753.39196824761,14753.39196824761,0.0,201044.2571902984,PHASE7A_FIXED_monthly,PHASE7A_FIXED,monthly,after_tax
2023-12-01,48731.75500036095,0.0,6902.704449973825,207946.96164027223,PHASE7A_FIXED_monthly,PHASE7A_FIXED,monthly,after_tax
2024-01-02,989.5735216173443,0.0,201.0318609165635,208147.9935011888,PHASE7A_FIXED_monthly,PHASE7A_FIXED,monthly,after_tax
2024-02-01,49095.99506877242,0.0,9973.851398221117,218121.84489940992,PHASE7A_FIXED_monthly,PHASE7A_FIXED,monthly,after_tax
2024-06-03,108796.85339481034,0.0,22102.08076715572,240223.92566656563,PHASE7A_FIXED_monthly,PHASE7A_FIXED,monthly,after_tax
2024-07-01,1872.166039786724,0.0,380.330530982673,240604.2561975483,PHASE7A_FIXED_monthly,PHASE7A_FIXED,monthly,after_tax
2024-08-01,22020.485179686042,0.0,4473.461564253219,245077.71776180153,PHASE7A_FIXED_monthly,PHASE7A_FIXED,monthly,after_tax
2025-04-01,356314.29514674604,0.0,72385.24905906146,317462.96682086296,PHASE7A_FIXED_monthly,PHASE7A_FIXED,monthly,after_tax
2025-07-01,34056.382352042034,0.0,6918.554074817339,324381.5208956803,PHASE7A_FIXED_monthly,PHASE7A_FIXED,monthly,after_tax
2025-08-01,92.52718717279784,0.0,18.79689807415388,324400.31779375445,PHASE7A_FIXED_monthly,PHASE7A_FIXED,monthly,after_tax
2025-09-02,125.32011675103578,0.0,25.45878171797292,324425.77657547244,PHASE7A_FIXED_monthly,PHASE7A_FIXED,monthly,after_tax
2025-10-01,3260.807440357139,0.0,662.4330315085527,325088.20960698096,PHASE7A_FIXED_monthly,PHASE7A_FIXED,monthly,after_tax
2025-11-03,131890.19484598795,0.0,26793.49308296245,351881.7026899434,PHASE7A_FIXED_monthly,PHASE7A_FIXED,monthly,after_tax
2026-01-02,79913.67041448534,0.0,16234.462144702697,368116.1648346461,PHASE7A_FIXED_monthly,PHASE7A_FIXED,monthly,after_tax
2026-02-02,523.2839031962068,0.0,106.3051249343094,368222.4699595804,PHASE7A_FIXED_monthly,PHASE7A_FIXED,monthly,after_tax
2026-03-02,-46461.96112454021,46461.96112454021,0.0,368222.4699595804,PHASE7A_FIXED_monthly,PHASE7A_FIXED,monthly,after_tax
2026-04-01,82800.07410842432,0.0,7382.087652676057,375604.55761225644,PHASE7A_FIXED_monthly,PHASE7A_FIXED,monthly,after_tax
2014-02-03,-12.37429937882331,12.37429937882331,0.0,0.0,MODEL_B_FOUR_STATE_monthly,MODEL_B_FOUR_STATE,monthly,after_tax
2014-03-03,41.82760832548985,0.0,5.983439712515307,5.983439712515307,MODEL_B_FOUR_STATE_monthly,MODEL_B_FOUR_STATE,monthly,after_tax
2014-04-01,3.750037087575345,0.0,0.7618200343409314,6.745259746856238,MODEL_B_FOUR_STATE_monthly,MODEL_B_FOUR_STATE,monthly,after_tax
2014-05-01,-245.20327939048747,245.20327939048747,0.0,6.745259746856238,MODEL_B_FOUR_STATE_monthly,MODEL_B_FOUR_STATE,monthly,after_tax
2014-06-02,1762.5110801031137,0.0,308.24107971477,314.98633946162624,MODEL_B_FOUR_STATE_monthly,MODEL_B_FOUR_STATE,monthly,after_tax
2014-07-01,54.8542570073104,0.0,11.143642311035109,326.1299817726614,MODEL_B_FOUR_STATE_monthly,MODEL_B_FOUR_STATE,monthly,after_tax
2014-08-01,6.0819369510593955,0.0,1.2355454916077162,327.3655272642691,MODEL_B_FOUR_STATE_monthly,MODEL_B_FOUR_STATE,monthly,after_tax
2014-09-02,265.2015143677743,0.0,53.87568764381334,381.24121490808244,MODEL_B_FOUR_STATE_monthly,MODEL_B_FOUR_STATE,monthly,after_tax
2014-10-01,70.44383213832148,0.0,14.310664498900008,395.55187940698244,MODEL_B_FOUR_STATE_monthly,MODEL_B_FOUR_STATE,monthly,after_tax
2014-11-03,7085.492247217202,0.0,1439.4177500221745,1834.9696294291568,MODEL_B_FOUR_STATE_monthly,MODEL_B_FOUR_STATE,monthly,after_tax
2014-12-01,7958.746420268275,0.0,1616.8193352775,3451.7889647066568,MODEL_B_FOUR_STATE_monthly,MODEL_B_FOUR_STATE,monthly,after_tax
2015-01-02,110.34500723947299,0.0,22.416588220698937,3474.2055529273557,MODEL_B_FOUR_STATE_monthly,MODEL_B_FOUR_STATE,monthly,after_tax
2015-02-02,-3701.87511066436,3701.87511066436,0.0,3474.2055529273557,MODEL_B_FOUR_STATE_monthly,MODEL_B_FOUR_STATE,monthly,after_tax
2015-03-02,8168.534956167691,0.0,907.4019476140016,4381.607500541358,MODEL_B_FOUR_STATE_monthly,MODEL_B_FOUR_STATE,monthly,after_tax
2015-04-01,154.03581951377427,0.0,31.292376734223243,4412.899877275581,MODEL_B_FOUR_STATE_monthly,MODEL_B_FOUR_STATE,monthly,after_tax
2015-05-01,-9.367222889262335,9.367222889262335,0.0,4412.899877275581,MODEL_B_FOUR_STATE_monthly,MODEL_B_FOUR_STATE,monthly,after_tax
2015-06-01,23.15420441574632,0.0,2.800825297105222,4415.700702572686,MODEL_B_FOUR_STATE_monthly,MODEL_B_FOUR_STATE,monthly,after_tax
2015-07-01,159.29145418936116,0.0,32.36005891856872,4448.060761491255,MODEL_B_FOUR_STATE_monthly,MODEL_B_FOUR_STATE,monthly,after_tax
2015-08-03,61.958691286056826,0.0,12.586908134762444,4460.647669626018,MODEL_B_FOUR_STATE_monthly,MODEL_B_FOUR_STATE,monthly,after_tax
2015-09-01,8965.829104813036,0.0,1821.4081826427682,6282.055852268786,MODEL_B_FOUR_STATE_monthly,MODEL_B_FOUR_STATE,monthly,after_tax
2015-12-01,1.5821613403974615,0.0,0.3214160763017443,6282.377268345088,MODEL_B_FOUR_STATE_monthly,MODEL_B_FOUR_STATE,monthly,after_tax
2016-01-04,-10459.59343264551,10459.59343264551,0.0,6282.377268345088,MODEL_B_FOUR_STATE_monthly,MODEL_B_FOUR_STATE,monthly,after_tax
2018-02-01,271.7542553871984,10187.83917725831,0.0,6282.377268345088,MODEL_B_FOUR_STATE_monthly,MODEL_B_FOUR_STATE,monthly,after_tax
2018-03-01,3922.605381552075,6265.2337957062355,0.0,6282.377268345088,MODEL_B_FOUR_STATE_monthly,MODEL_B_FOUR_STATE,monthly,after_tax
2018-06-01,3022.996681565868,3242.2371141403673,0.0,6282.377268345088,MODEL_B_FOUR_STATE_monthly,MODEL_B_FOUR_STATE,monthly,after_tax
2018-07-02,-493.14457135853706,3735.3816854989045,0.0,6282.377268345088,MODEL_B_FOUR_STATE_monthly,MODEL_B_FOUR_STATE,monthly,after_tax
2018-09-04,7294.123466097967,0.0,722.9583927286996,7005.335661073787,MODEL_B_FOUR_STATE_monthly,MODEL_B_FOUR_STATE,monthly,after_tax
2018-10-01,0.9289657443095098,0.0,0.1887193909564769,7005.524380464743,MODEL_B_FOUR_STATE_monthly,MODEL_B_FOUR_STATE,monthly,after_tax
2018-11-01,-1724.0032099126956,1724.0032099126956,0.0,7005.524380464743,MODEL_B_FOUR_STATE_monthly,MODEL_B_FOUR_STATE,monthly,after_tax
2019-05-01,11892.18852777557,0.0,2065.666847323843,9071.191227788586,MODEL_B_FOUR_STATE_monthly,MODEL_B_FOUR_STATE,monthly,after_tax
2019-06-03,-26523.37607212359,26523.37607212359,0.0,9071.191227788586,MODEL_B_FOUR_STATE_monthly,MODEL_B_FOUR_STATE,monthly,after_tax
2019-08-01,162.1176299026073,26361.25844222098,0.0,9071.191227788586,MODEL_B_FOUR_STATE_monthly,MODEL_B_FOUR_STATE,monthly,after_tax
2019-09-03,-2243.5462292292887,28604.80467145027,0.0,9071.191227788586,MODEL_B_FOUR_STATE_monthly,MODEL_B_FOUR_STATE,monthly,after_tax
2019-12-02,3193.307318657317,25411.497352792954,0.0,9071.191227788586,MODEL_B_FOUR_STATE_monthly,MODEL_B_FOUR_STATE,monthly,after_tax
2020-01-02,116.00259918748755,25295.494753605468,0.0,9071.191227788586,MODEL_B_FOUR_STATE_monthly,MODEL_B_FOUR_STATE,monthly,after_tax
2020-02-03,5294.636577647386,20000.85817595808,0.0,9071.191227788586,MODEL_B_FOUR_STATE_monthly,MODEL_B_FOUR_STATE,monthly,after_tax
2020-04-01,-22813.94165861722,42814.7998345753,0.0,9071.191227788586,MODEL_B_FOUR_STATE_monthly,MODEL_B_FOUR_STATE,monthly,after_tax
2021-01-04,99667.95706116171,0.0,11549.718890581029,20620.910118369615,MODEL_B_FOUR_STATE_monthly,MODEL_B_FOUR_STATE,monthly,after_tax
2015-09-01,127332.2330879548,0.0,25867.543151818016,25867.543151818016,FIXED_QLD_MA200_bimonthly,FIXED_QLD_MA200,bimonthly,after_tax
2016-03-01,-37189.609290522785,37189.609290522785,0.0,25867.543151818016,FIXED_QLD_MA200_bimonthly,FIXED_QLD_MA200,bimonthly,after_tax
2018-11-01,220028.16615549932,0.0,37143.652827119986,63011.195978938005,FIXED_QLD_MA200_bimonthly,FIXED_QLD_MA200,bimonthly,after_tax
2022-03-01,735900.4741332603,0.0,149498.18132017183,212509.37729910982,FIXED_QLD_MA200_bimonthly,FIXED_QLD_MA200,bimonthly,after_tax
2025-05-01,1130518.704886898,0.0,229664.87489777332,442174.25219688314,FIXED_QLD_MA200_bimonthly,FIXED_QLD_MA200,bimonthly,after_tax
2013-03-01,0.002286419343371312,0.0,0.000464486089605882,0.000464486089605882,PHASE7A_FIXED_bimonthly,PHASE7A_FIXED,bimonthly,after_tax
2013-05-01,3477.977459643955,0.0,706.5511209266695,706.5515854127591,PHASE7A_FIXED_bimonthly,PHASE7A_FIXED,bimonthly,after_tax
2013-07-01,2628.47927669243,0.0,533.9755650600672,1240.5271504728262,PHASE7A_FIXED_bimonthly,PHASE7A_FIXED,bimonthly,after_tax
2013-09-03,171.3577644514082,0.0,34.81132984830357,1275.3384803211297,PHASE7A_FIXED_bimonthly,PHASE7A_FIXED,bimonthly,after_tax
2013-11-01,772.9284729179816,0.0,157.02041927328796,1432.3588995944176,PHASE7A_FIXED_bimonthly,PHASE7A_FIXED,bimonthly,after_tax
2014-01-02,682.6653988514848,0.0,138.68347577667913,1571.0423753710968,PHASE7A_FIXED_bimonthly,PHASE7A_FIXED,bimonthly,after_tax
2014-03-03,265.68877412375264,0.0,53.97467446324035,1625.017049834337,PHASE7A_FIXED_bimonthly,PHASE7A_FIXED,bimonthly,after_tax
2014-05-01,15146.580371781645,0.0,3077.027802527441,4702.044852361778,PHASE7A_FIXED_bimonthly,PHASE7A_FIXED,bimonthly,after_tax
2014-07-01,18022.550085314284,0.0,3661.2810498315966,8363.325902193374,PHASE7A_FIXED_bimonthly,PHASE7A_FIXED,bimonthly,after_tax
2014-09-02,321.1310371504703,0.0,65.23777019711804,8428.563672390492,PHASE7A_FIXED_bimonthly,PHASE7A_FIXED,bimonthly,after_tax
2014-11-03,8589.134088900517,0.0,1744.88259016014,10173.446262550631,PHASE7A_FIXED_bimonthly,PHASE7A_FIXED,bimonthly,after_tax
2015-03-02,26640.263867034766,0.0,5411.969604588113,15585.415867138745,PHASE7A_FIXED_bimonthly,PHASE7A_FIXED,bimonthly,after_tax
2015-05-01,210.5695572661501,0.0,42.77720555861839,15628.193072697364,PHASE7A_FIXED_bimonthly,PHASE7A_FIXED,bimonthly,after_tax
2015-07-01,90.85345360541781,0.0,18.45687909994063,15646.649951797304,PHASE7A_FIXED_bimonthly,PHASE7A_FIXED,bimonthly,after_tax
2015-09-01,57253.95050067831,0.0,11631.140044212798,27277.789996010102,PHASE7A_FIXED_bimonthly,PHASE7A_FIXED,bimonthly,after_tax
2016-01-04,-4817.3988922679355,4817.3988922679355,0.0,27277.789996010102,PHASE7A_FIXED_bimonthly,PHASE7A_FIXED,bimonthly,after_tax
2016-03-01,-34906.032588340095,39723.43148060803,0.0,27277.789996010102,PHASE7A_FIXED_bimonthly,PHASE7A_FIXED,bimonthly,after_tax
2016-09-01,5646.179737387039,34077.25174322099,0.0,27277.789996010102,PHASE7A_FIXED_bimonthly,PHASE7A_FIXED,bimonthly,after_tax
2016-11-01,1.4154671976274615,34075.836276023365,0.0,27277.789996010102,PHASE7A_FIXED_bimonthly,PHASE7A_FIXED,bimonthly,after_tax
2017-01-03,24.515218547505253,34051.32105747586,0.0,27277.789996010102,PHASE7A_FIXED_bimonthly,PHASE7A_FIXED,bimonthly,after_tax
2017-03-01,1053.790371264342,32997.530686211525,0.0,27277.789996010102,PHASE7A_FIXED_bimonthly,PHASE7A_FIXED,bimonthly,after_tax
2017-05-01,659.9228073592303,32337.607878852294,0.0,27277.789996010102,PHASE7A_FIXED_bimonthly,PHASE7A_FIXED,bimonthly,after_tax
2017-07-03,22057.480941034173,10280.12693781812,0.0,27277.789996010102,PHASE7A_FIXED_bimonthly,PHASE7A_FIXED,bimonthly,after_tax
2017-11-01,30579.630570595396,0.0,4123.844162998704,31401.634159008805,PHASE7A_FIXED_bimonthly,PHASE7A_FIXED,bimonthly,after_tax
2018-01-02,77.2452573616,0.0,15.69237403300904,31417.326533041814,PHASE7A_FIXED_bimonthly,PHASE7A_FIXED,bimonthly,after_tax
2018-03-01,17646.018781768344,0.0,3584.788715516239,35002.11524855805,PHASE7A_FIXED_bimonthly,PHASE7A_FIXED,bimonthly,after_tax
2018-07-02,36906.672784951064,0.0,7497.590576262809,42499.70582482086,PHASE7A_FIXED_bimonthly,PHASE7A_FIXED,bimonthly,after_tax
2018-09-04,1439.6141438384925,0.0,292.45761332078973,42792.16343814165,PHASE7A_FIXED_bimonthly,PHASE7A_FIXED,bimonthly,after_tax
2018-11-01,122997.98720790265,0.0,24987.041101285424,67779.20453942707,PHASE7A_FIXED_bimonthly,PHASE7A_FIXED,bimonthly,after_tax
2019-05-01,1349.3567859572695,0.0,274.1218310672193,68053.3263704943,PHASE7A_FIXED_bimonthly,PHASE7A_FIXED,bimonthly,after_tax
2019-07-01,17274.904103805155,0.0,3509.396768688017,71562.72313918232,PHASE7A_FIXED_bimonthly,PHASE7A_FIXED,bimonthly,after_tax
2019-11-01,16014.343751515837,0.0,3253.313933120442,74816.03707230276,PHASE7A_FIXED_bimonthly,PHASE7A_FIXED,bimonthly,after_tax
2020-01-02,1413.922829308237,0.0,287.23842277396835,75103.27549507673,PHASE7A_FIXED_bimonthly,PHASE7A_FIXED,bimonthly,after_tax
2020-03-02,11002.301420870614,0.0,2235.117533649865,77338.3930287266,PHASE7A_FIXED_bimonthly,PHASE7A_FIXED,bimonthly,after_tax
2021-01-04,132637.5111900033,0.0,26945.31039824917,104283.70342697577,PHASE7A_FIXED_bimonthly,PHASE7A_FIXED,bimonthly,after_tax
2021-03-01,2600.3466105752773,0.0,528.2604139383676,104811.96384091413,PHASE7A_FIXED_bimonthly,PHASE7A_FIXED,bimonthly,after_tax
2021-07-01,152045.9809447125,0.0,30888.141028918344,135700.1048698325,PHASE7A_FIXED_bimonthly,PHASE7A_FIXED,bimonthly,after_tax
2021-09-01,2932.0717281928532,0.0,595.6503715823782,136295.75524141485,PHASE7A_FIXED_bimonthly,PHASE7A_FIXED,bimonthly,after_tax
2021-11-01,60890.73627205276,0.0,12369.953073667519,148665.70831508236,PHASE7A_FIXED_bimonthly,PHASE7A_FIXED,bimonthly,after_tax
2022-03-01,402162.56600767624,0.0,81699.32528445942,230365.03359954178,PHASE7A_FIXED_bimonthly,PHASE7A_FIXED,bimonthly,after_tax
2023-05-01,99265.64129426777,0.0,20165.815028930498,250530.84862847227,PHASE7A_FIXED_bimonthly,PHASE7A_FIXED,bimonthly,after_tax
2024-01-02,116718.75494445309,0.0,23711.415066965645,274242.2636954379,PHASE7A_FIXED_bimonthly,PHASE7A_FIXED,bimonthly,after_tax
2024-03-01,74053.05138809048,0.0,15043.87738949058,289286.14108492853,PHASE7A_FIXED_bimonthly,PHASE7A_FIXED,bimonthly,after_tax
2024-07-01,202493.53167658363,0.0,41136.560960097966,330422.70204502647,PHASE7A_FIXED_bimonthly,PHASE7A_FIXED,bimonthly,after_tax
2024-09-03,-40132.39976869797,40132.39976869797,0.0,330422.70204502647,PHASE7A_FIXED_bimonthly,PHASE7A_FIXED,bimonthly,after_tax
2025-05-01,577103.5358760115,0.0,109085.68630020073,439508.3883452272,PHASE7A_FIXED_bimonthly,PHASE7A_FIXED,bimonthly,after_tax
2025-09-02,69.54060833118272,0.0,14.12717458247977,439522.51551980973,PHASE7A_FIXED_bimonthly,PHASE7A_FIXED,bimonthly,after_tax
2025-11-03,167339.2921760933,0.0,33994.977205573356,473517.4927253831,PHASE7A_FIXED_bimonthly,PHASE7A_FIXED,bimonthly,after_tax
2026-01-02,61855.22143699648,0.0,12565.888234925835,486083.38096030895,PHASE7A_FIXED_bimonthly,PHASE7A_FIXED,bimonthly,after_tax
2026-03-02,-56107.842743052606,56107.842743052606,0.0,486083.38096030895,PHASE7A_FIXED_bimonthly,PHASE7A_FIXED,bimonthly,after_tax
2014-03-03,18.672082350946354,0.0,3.793233529594752,3.793233529594752,MODEL_B_FOUR_STATE_bimonthly,MODEL_B_FOUR_STATE,bimonthly,after_tax
2014-05-01,-256.17891667376745,256.17891667376745,0.0,3.793233529594752,MODEL_B_FOUR_STATE_bimonthly,MODEL_B_FOUR_STATE,bimonthly,after_tax
2014-07-01,3257.049136149488,0.0,609.6267850864925,613.4200186160873,MODEL_B_FOUR_STATE_bimonthly,MODEL_B_FOUR_STATE,bimonthly,after_tax
2014-09-02,185.94679965051247,0.0,37.77509234900161,651.1951109650889,MODEL_B_FOUR_STATE_bimonthly,MODEL_B_FOUR_STATE,bimonthly,after_tax
2014-11-03,4973.427700330998,0.0,1010.3518373222422,1661.5469482873311,MODEL_B_FOUR_STATE_bimonthly,MODEL_B_FOUR_STATE,bimonthly,after_tax
2015-01-02,6889.691194424458,0.0,1399.6407661473288,3061.18771443466,MODEL_B_FOUR_STATE_bimonthly,MODEL_B_FOUR_STATE,bimonthly,after_tax
2015-03-02,107.28922464691223,0.0,21.79580598702022,3082.98352042168,MODEL_B_FOUR_STATE_bimonthly,MODEL_B_FOUR_STATE,bimonthly,after_tax
2015-05-01,75.74867725698887,0.0,15.38834378475729,3098.3718642064373,MODEL_B_FOUR_STATE_bimonthly,MODEL_B_FOUR_STATE,bimonthly,after_tax
2015-07-01,32.76219701990867,0.0,6.655640324594446,3105.027504531032,MODEL_B_FOUR_STATE_bimonthly,MODEL_B_FOUR_STATE,bimonthly,after_tax
2015-09-01,16751.33775152855,0.0,3403.034264223025,6508.061768754056,MODEL_B_FOUR_STATE_bimonthly,MODEL_B_FOUR_STATE,bimonthly,after_tax
2016-01-04,-10536.851663425343,10536.851663425343,0.0,6508.061768754056,MODEL_B_FOUR_STATE_bimonthly,MODEL_B_FOUR_STATE,bimonthly,after_tax
2018-03-01,4167.670312583911,6369.181350841432,0.0,6508.061768754056,MODEL_B_FOUR_STATE_bimonthly,MODEL_B_FOUR_STATE,bimonthly,after_tax
2018-09-04,7846.976002829723,0.0,300.21398355142145,6808.275752305478,MODEL_B_FOUR_STATE_bimonthly,MODEL_B_FOUR_STATE,bimonthly,after_tax
2018-11-01,493.60452785255984,0.0,100.27575983324753,6908.551512138725,MODEL_B_FOUR_STATE_bimonthly,MODEL_B_FOUR_STATE,bimonthly,after_tax
2019-05-01,468.7597068417999,0.0,95.22853444491166,7003.780046583637,MODEL_B_FOUR_STATE_bimonthly,MODEL_B_FOUR_STATE,bimonthly,after_tax
2019-07-01,6001.214110080725,0.0,1219.1466464628993,8222.926693046536,MODEL_B_FOUR_STATE_bimonthly,MODEL_B_FOUR_STATE,bimonthly,after_tax
2020-01-02,11415.716595458412,0.0,2319.1028263673766,10542.029519413913,MODEL_B_FOUR_STATE_bimonthly,MODEL_B_FOUR_STATE,bimonthly,after_tax
2020-03-02,-3957.861503354114,3957.861503354114,0.0,10542.029519413913,MODEL_B_FOUR_STATE_bimonthly,MODEL_B_FOUR_STATE,bimonthly,after_tax
2021-01-04,205048.96066867444,0.0,40851.65679543482,51393.68631484873,MODEL_B_FOUR_STATE_bimonthly,MODEL_B_FOUR_STATE,bimonthly,after_tax
2015-10-01,127785.816542848,0.0,25959.68863067957,25959.68863067957,FIXED_QLD_MA200_quarterly,FIXED_QLD_MA200,quarterly,after_tax
2019-01-02,145499.94510901268,0.0,29558.313848895927,55518.0024795755,FIXED_QLD_MA200_quarterly,FIXED_QLD_MA200,quarterly,after_tax
2020-04-01,-24957.42734357575,24957.42734357575,0.0,55518.0024795755,FIXED_QLD_MA200_quarterly,FIXED_QLD_MA200,quarterly,after_tax
2022-04-01,277998.51650334906,0.0,51405.29726280795,106923.29974238345,FIXED_QLD_MA200_quarterly,FIXED_QLD_MA200,quarterly,after_tax
2025-04-01,423530.2362919394,0.0,86040.16750270748,192963.46724509093,FIXED_QLD_MA200_quarterly,FIXED_QLD_MA200,quarterly,after_tax
2026-04-01,50808.39240457758,0.0,10321.724916989935,203285.19216208087,FIXED_QLD_MA200_quarterly,FIXED_QLD_MA200,quarterly,after_tax
2013-04-01,46.80478429815409,0.0,9.508391930170003,9.508391930170003,PHASE7A_FIXED_quarterly,PHASE7A_FIXED,quarterly,after_tax
2013-07-01,105.38398848586213,0.0,21.40875726090289,30.917149191072895,PHASE7A_FIXED_quarterly,PHASE7A_FIXED,quarterly,after_tax
2013-10-01,834.3946255443685,0.0,169.50726817933847,200.42441737041136,PHASE7A_FIXED_quarterly,PHASE7A_FIXED,quarterly,after_tax
2014-01-02,1640.7943187375286,0.0,333.3273658515289,533.7517832219403,PHASE7A_FIXED_quarterly,PHASE7A_FIXED,quarterly,after_tax
2014-04-01,51.75930242359087,0.0,10.514902287352484,544.2666855092928,PHASE7A_FIXED_quarterly,PHASE7A_FIXED,quarterly,after_tax
2014-07-01,1303.5534070974052,0.0,264.81687465183785,809.0835601611307,PHASE7A_FIXED_quarterly,PHASE7A_FIXED,quarterly,after_tax
2014-10-01,1031.4955916480951,0.0,209.5483294433105,1018.6318896044412,PHASE7A_FIXED_quarterly,PHASE7A_FIXED,quarterly,after_tax
2015-01-02,38560.85113829023,0.0,7833.63690874366,8852.268798348101,PHASE7A_FIXED_quarterly,PHASE7A_FIXED,quarterly,after_tax
2015-04-01,27148.27366528288,0.0,5515.1717951022165,14367.440593450317,PHASE7A_FIXED_quarterly,PHASE7A_FIXED,quarterly,after_tax
2015-07-01,36.734034592102105,0.0,7.4625191273855425,14374.903112577704,PHASE7A_FIXED_quarterly,PHASE7A_FIXED,quarterly,after_tax
2015-10-01,73357.46507966603,0.0,14902.569030934153,29277.472143511855,PHASE7A_FIXED_quarterly,PHASE7A_FIXED,quarterly,after_tax
2016-04-01,-1179.2240459948246,1179.2240459948246,0.0,29277.472143511855,PHASE7A_FIXED_quarterly,PHASE7A_FIXED,quarterly,after_tax
2016-07-01,-1985.0247134194694,3164.248759414294,0.0,29277.472143511855,PHASE7A_FIXED_quarterly,PHASE7A_FIXED,quarterly,after_tax
2017-01-03,7624.634039346575,0.0,906.127269618243,30183.599413130098,PHASE7A_FIXED_quarterly,PHASE7A_FIXED,quarterly,after_tax
2017-04-03,1435.0906801243152,0.0,291.5386716672546,30475.138084797352,PHASE7A_FIXED_quarterly,PHASE7A_FIXED,quarterly,after_tax
2017-07-03,24357.1892380688,0.0,4948.162993713677,35423.30107851103,PHASE7A_FIXED_quarterly,PHASE7A_FIXED,quarterly,after_tax
2017-10-02,28148.40547037536,0.0,5718.348571306755,41141.64964981779,PHASE7A_FIXED_quarterly,PHASE7A_FIXED,quarterly,after_tax
2018-01-02,840.8766326932715,0.0,170.8240879316381,41312.473737749424,PHASE7A_FIXED_quarterly,PHASE7A_FIXED,quarterly,after_tax
2018-04-02,15450.60392876103,0.0,3138.790188127803,44451.263925877225,PHASE7A_FIXED_quarterly,PHASE7A_FIXED,quarterly,after_tax
2018-07-02,44995.99971369573,0.0,9140.937341837287,53592.20126771451,PHASE7A_FIXED_quarterly,PHASE7A_FIXED,quarterly,after_tax
2018-10-01,1863.9741044062328,0.0,378.6663393101262,53970.86760702464,PHASE7A_FIXED_quarterly,PHASE7A_FIXED,quarterly,after_tax
2019-01-02,35955.99365813553,0.0,7304.460111650233,61275.32771867487,PHASE7A_FIXED_quarterly,PHASE7A_FIXED,quarterly,after_tax
2019-10-01,4335.175851964373,0.0,880.6909743265622,62156.01869300143,PHASE7A_FIXED_quarterly,PHASE7A_FIXED,quarterly,after_tax
2020-01-02,2635.529390091696,0.0,535.407795597128,62691.42648859856,PHASE7A_FIXED_quarterly,PHASE7A_FIXED,quarterly,after_tax
2020-04-01,-43846.97176008757,43846.97176008757,0.0,62691.42648859856,PHASE7A_FIXED_quarterly,PHASE7A_FIXED,quarterly,after_tax
2021-01-04,34374.3692842589,9472.602475828666,0.0,62691.42648859856,PHASE7A_FIXED_quarterly,PHASE7A_FIXED,quarterly,after_tax
2021-04-01,2581.4549068001165,6891.14756902855,0.0,62691.42648859856,PHASE7A_FIXED_quarterly,PHASE7A_FIXED,quarterly,after_tax
2021-07-01,51934.21920706332,0.0,9150.500003266763,71841.92649186532,PHASE7A_FIXED_quarterly,PHASE7A_FIXED,quarterly,after_tax
2021-10-01,2865.6217339005516,0.0,582.1510552418971,72424.07754710721,PHASE7A_FIXED_quarterly,PHASE7A_FIXED,quarterly,after_tax
2022-04-01,194427.14356210994,0.0,39497.87421464263,111921.95176174983,PHASE7A_FIXED_quarterly,PHASE7A_FIXED,quarterly,after_tax
2023-07-03,86975.69560025034,0.0,17669.112561190857,129591.06432294069,PHASE7A_FIXED_quarterly,PHASE7A_FIXED,quarterly,after_tax
2023-10-02,-9586.063858422795,9586.063858422795,0.0,129591.06432294069,PHASE7A_FIXED_quarterly,PHASE7A_FIXED,quarterly,after_tax
2024-01-02,3297.922226565858,6288.141631856936,0.0,129591.06432294069,PHASE7A_FIXED_quarterly,PHASE7A_FIXED,quarterly,after_tax
2024-04-01,77559.9529286457,0.0,14478.868464942636,144069.93278788333,PHASE7A_FIXED_quarterly,PHASE7A_FIXED,quarterly,after_tax
2024-07-01,63148.02226738616,0.0,12828.520723619498,156898.45351150283,PHASE7A_FIXED_quarterly,PHASE7A_FIXED,quarterly,after_tax
2024-10-01,-4418.080672934127,4418.080672934127,0.0,156898.45351150283,PHASE7A_FIXED_quarterly,PHASE7A_FIXED,quarterly,after_tax
2025-04-01,123418.67835264518,0.0,24174.9714186333,181073.42493013613,PHASE7A_FIXED_quarterly,PHASE7A_FIXED,quarterly,after_tax
2025-10-01,1961.9505058427324,0.0,398.5702452619511,181471.99517539807,PHASE7A_FIXED_quarterly,PHASE7A_FIXED,quarterly,after_tax
2026-01-02,364.32053861336993,0.0,74.0117174193061,181546.0068928174,PHASE7A_FIXED_quarterly,PHASE7A_FIXED,quarterly,after_tax
2026-04-01,43716.39252529315,0.0,8880.985141513303,190426.9920343307,PHASE7A_FIXED_quarterly,PHASE7A_FIXED,quarterly,after_tax
