train_start,train_end,test_start,test_end,test_year
2006-06-21,2012-12-31,2013-01-02,2013-12-31,2013
2006-06-21,2013-12-31,2014-01-02,2014-12-31,2014
2006-06-21,2014-12-31,2015-01-02,2015-12-31,2015
2006-06-21,2015-12-31,2016-01-04,2016-12-30,2016
2006-06-21,2016-12-31,2017-01-03,2017-12-29,2017
2006-06-21,2017-12-31,2018-01-02,2018-12-31,2018
2006-06-21,2018-12-31,2019-01-02,2019-12-31,2019
2006-06-21,2019-12-31,2020-01-02,2020-12-31,2020
2006-06-21,2020-12-31,2021-01-04,2021-12-31,2021
2006-06-21,2021-12-31,2022-01-03,2022-12-30,2022
2006-06-21,2022-12-31,2023-01-03,2023-12-29,2023
2006-06-21,2023-12-31,2024-01-02,2024-12-31,2024
2006-06-21,2024-12-31,2025-01-02,2025-12-31,2025
2006-06-21,2025-12-31,2026-01-02,2026-08-31,2026
