date,realized_gain,loss_pool,tax_paid,cumulative_tax_paid,strategy,tax_mode
2006-09-25,-299.17468562901195,299.17468562901195,0.0,0.0,QQQ_MA200_QQQ_weekly,after_tax
2008-01-07,19534.225643177575,0.0,3907.6006020259906,3907.6006020259906,QQQ_MA200_QQQ_weekly,after_tax
2008-06-23,-2777.1738310210785,2777.1738310210785,0.0,3907.6006020259906,QQQ_MA200_QQQ_weekly,after_tax
2008-09-02,-1134.6677140804968,3911.8415451015753,0.0,3907.6006020259906,QQQ_MA200_QQQ_weekly,after_tax
2009-05-18,-3577.5834165296837,7489.424961631259,0.0,3907.6006020259906,QQQ_MA200_QQQ_weekly,after_tax
2010-07-06,33038.95270526383,0.0,5190.386561118957,9097.987163144948,QQQ_MA200_QQQ_weekly,after_tax
2010-08-16,-4896.981372839975,4896.981372839975,0.0,9097.987163144948,QQQ_MA200_QQQ_weekly,after_tax
2011-06-20,23392.479798305416,0.0,3757.3605051333043,12855.347668278253,QQQ_MA200_QQQ_weekly,after_tax
2011-08-08,-15159.667398544843,15159.667398544843,0.0,12855.347668278253,QQQ_MA200_QQQ_weekly,after_tax
2011-09-26,-3689.3374220131664,18849.00482055801,0.0,12855.347668278253,QQQ_MA200_QQQ_weekly,after_tax
2011-11-21,-7531.092866427454,26380.097686985464,0.0,12855.347668278253,QQQ_MA200_QQQ_weekly,after_tax
2011-12-19,-4948.728257486466,31328.82594447193,0.0,12855.347668278253,QQQ_MA200_QQQ_weekly,after_tax
2012-01-03,1835.9496839079075,29492.876260564022,0.0,12855.347668278253,QQQ_MA200_QQQ_weekly,after_tax
2012-11-12,12964.622980172368,16528.253280391655,0.0,12855.347668278253,QQQ_MA200_QQQ_weekly,after_tax
2012-12-10,-3280.6700678909983,19808.923348282653,0.0,12855.347668278253,QQQ_MA200_QQQ_weekly,after_tax
2012-12-31,-2779.1829077568545,22588.106256039508,0.0,12855.347668278253,QQQ_MA200_QQQ_weekly,after_tax
2015-08-24,59018.135277799796,0.0,7400.760395770602,20256.108064048854,QQQ_MA200_QQQ_weekly,after_tax
2016-01-11,-2967.816027380235,2967.816027380235,0.0,20256.108064048854,QQQ_MA200_QQQ_weekly,after_tax
2016-05-02,-2133.9779044022143,5101.793931782449,0.0,20256.108064048854,QQQ_MA200_QQQ_weekly,after_tax
2016-06-20,-3748.5959615777247,8850.389893360174,0.0,20256.108064048854,QQQ_MA200_QQQ_weekly,after_tax
2018-10-29,103083.41702656366,0.0,19143.439462110287,39399.54752615914,QQQ_MA200_QQQ_weekly,after_tax
2019-03-11,442.8735679615638,0.0,89.96976533139168,39489.517291490534,QQQ_MA200_QQQ_weekly,after_tax
2020-03-16,-4095.320252875099,4095.320252875099,0.0,39489.517291490534,QQQ_MA200_QQQ_weekly,after_tax
2022-01-24,186173.96196406626,0.0,36989.27606362848,76478.793355119,QQQ_MA200_QQQ_weekly,after_tax
2023-03-13,-8857.2034597717,8857.2034597717,0.0,76478.793355119,QQQ_MA200_QQQ_weekly,after_tax
2025-03-10,236761.5855474327,0.0,46298.775221108335,122777.56857622735,QQQ_MA200_QQQ_weekly,after_tax
2026-03-23,88832.63224905694,0.0,18046.349241395917,140823.91781762327,QQQ_MA200_QQQ_weekly,after_tax
2008-02-01,12427.175286384037,0.0,2524.580659428917,2524.580659428917,QQQ_MA200_QQQ_monthly,after_tax
2008-07-01,-11279.883119678343,11279.883119678343,0.0,2524.580659428917,QQQ_MA200_QQQ_monthly,after_tax
2010-07-01,25626.825563262828,0.0,2914.581357414188,5439.162016843105,QQQ_MA200_QQQ_monthly,after_tax
2010-09-01,-6104.876765136025,6104.876765136025,0.0,5439.162016843105,QQQ_MA200_QQQ_monthly,after_tax
2011-09-01,13917.50603953257,0.0,1587.1356370936583,7026.297653936764,QQQ_MA200_QQQ_monthly,after_tax
2012-01-03,1242.8923338391469,0.0,252.4935776194227,7278.791231556186,QQQ_MA200_QQQ_monthly,after_tax
2015-09-01,95613.48987133673,0.0,19423.880467362058,26702.671698918246,QQQ_MA200_QQQ_monthly,after_tax
2016-02-01,-17635.00230571258,17635.00230571258,0.0,26702.671698918246,QQQ_MA200_QQQ_monthly,after_tax
2016-05-02,-4578.417361482861,22213.41966719544,0.0,26702.671698918246,QQQ_MA200_QQQ_monthly,after_tax
2018-11-01,105880.37885378298,0.0,16996.94275875526,43699.61445767351,QQQ_MA200_QQQ_monthly,after_tax
2020-04-01,18768.824993053102,0.0,3812.886797338738,47512.50125501225,QQQ_MA200_QQQ_monthly,after_tax
2022-02-01,203754.00899619708,0.0,41392.62692757744,88905.12818258969,QQQ_MA200_QQQ_monthly,after_tax
2025-04-01,273048.7079701175,0.0,55469.84502412937,144374.97320671906,QQQ_MA200_QQQ_monthly,after_tax
2026-04-01,85627.06250512763,0.0,17395.137747916677,161770.11095463575,QQQ_MA200_QQQ_monthly,after_tax
2006-07-03,1864.5938475071016,0.0,378.79224012106766,378.79224012106766,QQQ_MA200_QQQ_bimonthly,after_tax
2008-03-03,777.0341778745787,0.0,157.85449323522067,536.6467333562883,QQQ_MA200_QQQ_bimonthly,after_tax
2010-07-01,26531.68326768103,0.0,5389.911455829401,5926.55818918569,QQQ_MA200_QQQ_bimonthly,after_tax
2011-09-01,7263.090685518211,0.0,1475.4968727630246,7402.055061948715,QQQ_MA200_QQQ_bimonthly,after_tax
2012-01-03,1257.2533367615106,0.0,255.41101536310086,7657.466077311816,QQQ_MA200_QQQ_bimonthly,after_tax
2015-09-01,83495.34927657663,0.0,16962.080205536542,24619.546282848358,QQQ_MA200_QQQ_bimonthly,after_tax
2016-03-01,-17191.194383642753,17191.194383642753,0.0,24619.546282848358,QQQ_MA200_QQQ_bimonthly,after_tax
2018-11-01,109901.77083447462,0.0,18834.153605986492,43453.699888834846,QQQ_MA200_QQQ_bimonthly,after_tax
2022-03-01,275160.26951962465,0.0,55898.80875291175,99352.5086417466,QQQ_MA200_QQQ_bimonthly,after_tax
2025-05-01,328335.1482090602,0.0,66701.28535867058,166053.79400041717,QQQ_MA200_QQQ_bimonthly,after_tax
2006-07-03,1864.5938475071016,0.0,378.79224012106766,378.79224012106766,QQQ_MA200_QQQ_quarterly,after_tax
2008-04-01,9990.567865195131,0.0,2029.583861814391,2408.376101935459,QQQ_MA200_QQQ_quarterly,after_tax
2010-07-01,19643.879805204662,0.0,3990.654182427327,6399.030284362786,QQQ_MA200_QQQ_quarterly,after_tax
2011-10-03,7277.313463160055,0.0,1478.386230040965,7877.416514403751,QQQ_MA200_QQQ_quarterly,after_tax
2015-10-01,75651.85720168223,0.0,15368.674790521745,23246.091304925496,QQQ_MA200_QQQ_quarterly,after_tax
2019-01-02,79931.36348265666,0.0,16238.0564915017,39484.1477964272,QQQ_MA200_QQQ_quarterly,after_tax
2020-04-01,6535.550420857733,0.0,1327.6970679972485,40811.84486442445,QQQ_MA200_QQQ_quarterly,after_tax
2022-04-01,123576.926420892,0.0,25104.65260240421,65916.49746682866,QQQ_MA200_QQQ_quarterly,after_tax
2025-04-01,173282.57522846467,0.0,35202.3551576626,101118.85262449126,QQQ_MA200_QQQ_quarterly,after_tax
2026-04-01,30107.14642555901,0.0,6116.266796352313,107235.11942084358,QQQ_MA200_QQQ_quarterly,after_tax
2006-09-25,-584.6826074959099,584.6826074959099,0.0,0.0,QQQ_MA200_QLD_weekly,after_tax
2008-01-07,27451.048476476586,0.0,5457.902226283424,5457.902226283424,QQQ_MA200_QLD_weekly,after_tax
2008-06-23,-6623.442040611757,6623.442040611757,0.0,5457.902226283424,QQQ_MA200_QLD_weekly,after_tax
2008-09-02,-2672.9695962365076,9296.411636848265,0.0,5457.902226283424,QQQ_MA200_QLD_weekly,after_tax
2009-05-18,-7384.446223480831,16680.857860329095,0.0,5457.902226283424,QQQ_MA200_QLD_weekly,after_tax
2010-07-06,64298.86780352393,0.0,9673.59871996003,15131.500946243454,QQQ_MA200_QLD_weekly,after_tax
2010-08-16,-11779.792665405606,11779.792665405606,0.0,15131.500946243454,QQQ_MA200_QLD_weekly,after_tax
2011-06-20,52941.10378925578,0.0,8361.920354810163,23493.42130105362,QQQ_MA200_QLD_weekly,after_tax
2011-08-08,-37545.06497472123,37545.06497472123,0.0,23493.42130105362,QQQ_MA200_QLD_weekly,after_tax
2011-09-26,-8383.498577663646,45928.563552384876,0.0,23493.42130105362,QQQ_MA200_QLD_weekly,after_tax
2011-11-21,-16911.620753925163,62840.18430631004,0.0,23493.42130105362,QQQ_MA200_QLD_weekly,after_tax
2011-12-19,-10201.490212729463,73041.6745190395,0.0,23493.42130105362,QQQ_MA200_QLD_weekly,after_tax
2012-01-03,3701.132229613664,69340.54228942584,0.0,23493.42130105362,QQQ_MA200_QLD_weekly,after_tax
2012-11-12,23849.668159811976,45490.87412961386,0.0,23493.42130105362,QQQ_MA200_QLD_weekly,after_tax
2012-12-10,-6938.308386597229,52429.18251621109,0.0,23493.42130105362,QQQ_MA200_QLD_weekly,after_tax
2012-12-31,-5920.018728703348,58349.20124491444,0.0,23493.42130105362,QQQ_MA200_QLD_weekly,after_tax
2015-08-24,129060.52432085996,0.0,14365.005282878332,37858.42658393195,QQQ_MA200_QLD_weekly,after_tax
2016-01-11,-10615.351355573657,10615.351355573657,0.0,37858.42658393195,QQQ_MA200_QLD_weekly,after_tax
2016-05-02,-6877.9308731005,17493.282228674158,0.0,37858.42658393195,QQQ_MA200_QLD_weekly,after_tax
2016-06-20,-9877.283041277435,27370.565269951592,0.0,37858.42658393195,QQQ_MA200_QLD_weekly,after_tax
2018-10-29,290470.8800123945,0.0,53448.828939927276,91307.25552385923,QQQ_MA200_QLD_weekly,after_tax
2019-03-11,825.6244964220678,0.0,167.72561644814306,91474.98114030737,QQQ_MA200_QLD_weekly,after_tax
2020-03-16,-61586.99084866885,61586.99084866885,0.0,91474.98114030737,QQQ_MA200_QLD_weekly,after_tax
2022-01-24,687409.770712376,0.0,127135.8977293121,218610.87886961945,QQQ_MA200_QLD_weekly,after_tax
2023-03-13,-53338.78494089504,53338.78494089504,0.0,218610.87886961945,QQQ_MA200_QLD_weekly,after_tax
2025-03-10,1027285.972579558,0.0,197857.37116879437,416468.2500384138,QQQ_MA200_QLD_weekly,after_tax
2026-03-23,423338.5315014182,0.0,86001.2226745131,502469.4727129269,QQQ_MA200_QLD_weekly,after_tax
2008-02-01,11308.663079583901,0.0,2297.3549046174694,2297.3549046174694,QQQ_MA200_QLD_monthly,after_tax
2008-07-01,-21787.78735040904,21787.78735040904,0.0,2297.3549046174694,QQQ_MA200_QLD_monthly,after_tax
2010-07-01,42460.63338324522,0.0,4199.6886715706705,6497.04357618814,QQQ_MA200_QLD_monthly,after_tax
2010-09-01,-12627.532765457305,12627.532765457305,0.0,6497.04357618814,QQQ_MA200_QLD_monthly,after_tax
2011-09-01,22459.435956941044,0.0,1997.3511333499216,8494.39470953806,QQQ_MA200_QLD_monthly,after_tax
2012-01-03,627.1772160139226,0.0,127.41105143322837,8621.805760971289,QQQ_MA200_QLD_monthly,after_tax
2015-09-01,229460.59619043922,0.0,46614.92011608773,55236.72587705901,QQQ_MA200_QLD_monthly,after_tax
2016-02-01,-56187.62582769382,56187.62582769382,0.0,55236.72587705901,QQQ_MA200_QLD_monthly,after_tax
2016-05-02,-13292.62111823706,69480.24694593088,0.0,55236.72587705901,QQQ_MA200_QLD_monthly,after_tax
2018-11-01,305824.9460447753,0.0,48013.42562193025,103250.15149898926,QQQ_MA200_QLD_monthly,after_tax
2020-04-01,-2116.647397600289,2116.647397600289,0.0,103250.15149898926,QQQ_MA200_QLD_monthly,after_tax
2022-02-01,828054.7898384947,0.0,167789.3336368677,271039.48513585696,QQQ_MA200_QLD_monthly,after_tax
2025-04-01,1271659.7755201329,0.0,258337.68339691497,529377.168532772,QQQ_MA200_QLD_monthly,after_tax
2026-04-01,418010.58312846534,0.0,84918.84996254773,614296.0184953198,QQQ_MA200_QLD_monthly,after_tax
2006-07-03,-332.6960548374627,332.6960548374627,0.0,0.0,QQQ_MA200_QLD_bimonthly,after_tax
2008-03-03,-10594.867134239888,10927.563189077351,0.0,0.0,QQQ_MA200_QLD_bimonthly,after_tax
2010-07-01,43360.69042188952,0.0,6588.789797345792,6588.789797345792,QQQ_MA200_QLD_bimonthly,after_tax
2011-09-01,9066.262988143484,0.0,1841.8113260413488,8430.601123387141,QQQ_MA200_QLD_bimonthly,after_tax
2012-01-03,626.0000575348095,0.0,127.17191168819654,8557.773035075337,QQQ_MA200_QLD_bimonthly,after_tax
2015-09-01,188078.42171522425,0.0,38208.13137144781,46765.90440652314,QQQ_MA200_QLD_bimonthly,after_tax
2016-03-01,-52321.55096077817,52321.55096077817,0.0,46765.90440652314,QQQ_MA200_QLD_bimonthly,after_tax
2018-11-01,309554.6075351011,0.0,52256.89544307371,99022.79984959685,QQQ_MA200_QLD_bimonthly,after_tax
2022-03-01,1035328.2783542506,0.0,210326.939747666,309349.7395972629,QQQ_MA200_QLD_bimonthly,after_tax
2025-05-01,1590511.2518868651,0.0,323112.36082081666,632462.1004180795,QQQ_MA200_QLD_bimonthly,after_tax
2006-07-03,-332.6960548374627,332.6960548374627,0.0,0.0,QQQ_MA200_QLD_quarterly,after_tax
2008-04-01,4702.013409724357,0.0,887.6268206452726,887.6268206452726,QQQ_MA200_QLD_quarterly,after_tax
2010-07-01,33173.162609246574,0.0,6739.127984068441,7626.754804713713,QQQ_MA200_QLD_quarterly,after_tax
2011-10-03,8075.6026133041305,0.0,1640.5586708927342,9267.313475606448,QQQ_MA200_QLD_quarterly,after_tax
2015-10-01,165318.83097552336,0.0,33584.52051267757,42851.833988284016,QQQ_MA200_QLD_quarterly,after_tax
2019-01-02,193267.16894742573,0.0,39262.225371669534,82114.05935995355,QQQ_MA200_QLD_quarterly,after_tax
2020-04-01,-33150.88073256711,33150.88073256711,0.0,82114.05935995355,QQQ_MA200_QLD_quarterly,after_tax
2022-04-01,369264.64965970913,0.0,68281.5121575489,150395.57151750245,QQQ_MA200_QLD_quarterly,after_tax
2025-04-01,562574.0248248868,0.0,114286.91314317576,264682.4846606782,QQQ_MA200_QLD_quarterly,after_tax
2026-04-01,67488.64510873519,0.0,13710.318253839554,278392.80291451776,QQQ_MA200_QLD_quarterly,after_tax
2006-07-17,-6079.042777190785,6079.042777190785,0.0,0.0,SPY_MA200_SSO_weekly,after_tax
2007-08-06,20561.93332753156,0.0,2942.199215301728,2942.199215301728,SPY_MA200_SSO_weekly,after_tax
2007-11-12,-2867.2598285222048,2867.2598285222048,0.0,2942.199215301728,SPY_MA200_SSO_weekly,after_tax
2007-12-17,-3131.7691665421153,5999.02899506432,0.0,2942.199215301728,SPY_MA200_SSO_weekly,after_tax
2007-12-31,-2445.7818103885656,8444.810805452886,0.0,2942.199215301728,SPY_MA200_SSO_weekly,after_tax
2008-05-27,-7265.246048481116,15710.056853934002,0.0,2942.199215301728,SPY_MA200_SSO_weekly,after_tax
2010-05-24,32359.171798132462,0.0,3382.267700913917,6324.466916215645,SPY_MA200_SSO_weekly,after_tax
2010-06-28,-11207.414550238682,11207.414550238682,0.0,6324.466916215645,SPY_MA200_SSO_weekly,after_tax
2010-08-16,-10730.784616282632,21938.199166521314,0.0,6324.466916215645,SPY_MA200_SSO_weekly,after_tax
2011-08-08,9155.783054530606,12782.416111990708,0.0,6324.466916215645,SPY_MA200_SSO_weekly,after_tax
2011-11-07,-3427.708761193091,16210.124873183799,0.0,6324.466916215645,SPY_MA200_SSO_weekly,after_tax
2011-11-21,-10315.659153828266,26525.784027012065,0.0,6324.466916215645,SPY_MA200_SSO_weekly,after_tax
2011-12-19,-3467.4693264617235,29993.25335347379,0.0,6324.466916215645,SPY_MA200_SSO_weekly,after_tax
2012-11-19,19014.229924544794,10979.023428928995,0.0,6324.466916215645,SPY_MA200_SSO_weekly,after_tax
2014-10-20,96912.63865390951,0.0,17457.41393295479,23781.880849170437,SPY_MA200_SSO_weekly,after_tax
2015-08-24,-15904.624352156243,15904.624352156243,0.0,23781.880849170437,SPY_MA200_SSO_weekly,after_tax
2015-11-16,-8825.904818238603,24730.529170394846,0.0,23781.880849170437,SPY_MA200_SSO_weekly,after_tax
2015-12-14,-11963.0511983154,36693.580368710245,0.0,23781.880849170437,SPY_MA200_SSO_weekly,after_tax
2016-01-04,-6924.775974726072,43618.35634343632,0.0,23781.880849170437,SPY_MA200_SSO_weekly,after_tax
2018-10-29,117741.51338946074,0.0,15058.119353899861,38840.000203070296,SPY_MA200_SSO_weekly,after_tax
2018-11-19,-7940.753525834269,7940.753525834269,0.0,38840.000203070296,SPY_MA200_SSO_weekly,after_tax
2018-12-10,-29524.77581306451,37465.52933889878,0.0,38840.000203070296,SPY_MA200_SSO_weekly,after_tax
2019-06-03,-3369.2258026466297,40834.75514154541,0.0,38840.000203070296,SPY_MA200_SSO_weekly,after_tax
2020-03-02,10146.191257395869,30688.56388414954,0.0,38840.000203070296,SPY_MA200_SSO_weekly,after_tax
2022-01-24,221551.93331249474,0.0,38773.89349936833,77613.89370243863,SPY_MA200_SSO_weekly,after_tax
2022-02-14,-3870.6185338467476,3870.6185338467476,0.0,77613.89370243863,SPY_MA200_SSO_weekly,after_tax
2022-04-18,-15378.208241870743,19248.82677571749,0.0,77613.89370243863,SPY_MA200_SSO_weekly,after_tax
2022-12-12,-19582.608637543977,38831.43541326147,0.0,77613.89370243863,SPY_MA200_SSO_weekly,after_tax
2023-03-13,-35417.62955072906,74249.06496399053,0.0,77613.89370243863,SPY_MA200_SSO_weekly,after_tax
2023-10-30,26421.06962219422,47827.99534179631,0.0,77613.89370243863,SPY_MA200_SSO_weekly,after_tax
2025-03-17,193071.52186579217,0.0,29506.22241334976,107120.11611578838,SPY_MA200_SSO_weekly,after_tax
2026-03-23,106934.59388854646,0.0,21723.76274845821,128843.8788642466,SPY_MA200_SSO_weekly,after_tax
2008-01-02,28807.701968972353,0.0,5852.2846549967335,5852.2846549967335,SPY_MA200_SSO_monthly,after_tax
2010-06-01,40690.63403244356,0.0,8266.302303690909,14118.586958687643,SPY_MA200_SSO_monthly,after_tax
2011-09-01,17509.81495582935,0.0,3557.118908276733,17675.705866964377,SPY_MA200_SSO_monthly,after_tax
2015-09-01,232903.29618272532,0.0,47314.30461952065,64990.01048648503,SPY_MA200_SSO_monthly,after_tax
2016-01-04,-24908.034428997256,24908.034428997256,0.0,64990.01048648503,SPY_MA200_SSO_monthly,after_tax
2018-11-01,254322.06094785605,0.0,46605.459487306165,111595.46997379119,SPY_MA200_SSO_monthly,after_tax
2019-01-02,-123538.14724503824,123538.14724503824,0.0,111595.46997379119,SPY_MA200_SSO_monthly,after_tax
2019-06-03,-17494.041250687093,141032.18849572534,0.0,111595.46997379119,SPY_MA200_SSO_monthly,after_tax
2020-03-02,-3934.2519210758037,144966.44041680114,0.0,111595.46997379119,SPY_MA200_SSO_monthly,after_tax
2022-03-01,399595.07668745716,0.0,51727.807458383766,163323.27743217495,SPY_MA200_SSO_monthly,after_tax
2022-05-02,-133575.53426367242,133575.53426367242,0.0,163323.27743217495,SPY_MA200_SSO_monthly,after_tax
2023-01-03,-70597.58975389844,204173.12401757087,0.0,163323.27743217495,SPY_MA200_SSO_monthly,after_tax
2023-11-01,14281.414731359575,189891.7092862113,0.0,163323.27743217495,SPY_MA200_SSO_monthly,after_tax
2025-04-01,215735.47173409164,0.0,5250.160341286893,168573.43777346183,SPY_MA200_SSO_monthly,after_tax
2026-04-01,146778.14570486615,0.0,29817.98029994356,198391.4180734054,SPY_MA200_SSO_monthly,after_tax
2008-01-02,28807.701968972353,0.0,5852.2846549967335,5852.2846549967335,SPY_MA200_SSO_bimonthly,after_tax
2010-07-01,29100.942276857997,0.0,5911.8564235437025,11764.141078540437,SPY_MA200_SSO_bimonthly,after_tax
2011-09-01,5638.319593360415,0.0,1145.4246253911683,12909.565703931605,SPY_MA200_SSO_bimonthly,after_tax
2015-09-01,207189.74757251103,0.0,42090.597219355615,55000.16292328722,SPY_MA200_SSO_bimonthly,after_tax
2016-01-04,-22158.077839407313,22158.077839407313,0.0,55000.16292328722,SPY_MA200_SSO_bimonthly,after_tax
2018-11-01,214321.64858834486,0.0,39038.029397646664,94038.19232093389,SPY_MA200_SSO_bimonthly,after_tax
2020-03-02,51078.17098639574,0.0,10376.530435886294,104414.72275682018,SPY_MA200_SSO_bimonthly,after_tax
2022-03-01,478822.76258947747,0.0,97272.84422005234,201687.5669768725,SPY_MA200_SSO_bimonthly,after_tax
2023-11-01,76032.90886121779,0.0,15446.085435156394,217133.6524120289,SPY_MA200_SSO_bimonthly,after_tax
2025-05-01,263289.183422789,0.0,53487.19761233958,270620.8500243685,SPY_MA200_SSO_bimonthly,after_tax
2008-01-02,28807.701968972353,0.0,5852.2846549967335,5852.2846549967335,SPY_MA200_SSO_quarterly,after_tax
2010-07-01,29100.942276857997,0.0,5911.8564235437025,11764.141078540437,SPY_MA200_SSO_quarterly,after_tax
2011-10-03,-8282.836414456513,8282.836414456513,0.0,11764.141078540437,SPY_MA200_SSO_quarterly,after_tax
2015-10-01,188450.07871865714,0.0,36600.97527409836,48365.1163526388,SPY_MA200_SSO_quarterly,after_tax
2019-01-02,128978.83305363584,0.0,26202.04993484612,74567.16628748491,SPY_MA200_SSO_quarterly,after_tax
2020-04-01,-120780.65559877385,120780.65559877385,0.0,74567.16628748491,SPY_MA200_SSO_quarterly,after_tax
2022-07-01,115579.37518595037,5201.280412823486,0.0,74567.16628748491,SPY_MA200_SSO_quarterly,after_tax
2025-04-01,256577.96031226445,0.0,51067.17252157143,125634.33880905635,SPY_MA200_SSO_quarterly,after_tax
2026-04-01,49919.740346881794,0.0,10141.195251469037,135775.5340605254,SPY_MA200_SSO_quarterly,after_tax
