decision_id,domain,decision,rationale,dependency,evidence_source,failure_behavior,human_discretion,implementation_required,freeze_status
DATA_AUTHORITY,market_data,"Use Alpha Vantage daily adjusted/raw endpoints as proposed authoritative source for QQQ/QLD","Provides adjusted close plus raw OHLC and documented split/dividend fields without using performance selection",Alpha Vantage account/terms/API,"https://www.alphavantage.co/documentation/",Pause affected record; unresolved capability is pre-start FAIL,None beyond fixed retry and incident,source adapter and snapshotter,PROPOSED_NOT_FROZEN
DATA_RECONCILIATION,market_data,"Use Massive/Polygon Stocks products as independent reconciliation source","Provides raw OHLC, UTC timestamps, and separate quote/flat-file products",Massive account/terms/plan,"https://polygon.io/docs/rest/stocks/overview",Preserve both payloads; unresolved disagreement invalidates affected boundary,None,source adapter and comparator,PROPOSED_NOT_FROZEN
EXECUTION_PROXY,market_data,"Use Massive SIP quotes only when entitlement and side/timestamp semantics are verified","Allows optional order-level proxy without claiming broker execution",Massive quotes plan,"https://polygon.io/docs/flat-files/stocks/quotes/2004/09",Mark NOT_OBSERVABLE_IN_PAPER_MODE; never synthesize,None,proxy parser,PROPOSED_NOT_FROZEN
CALENDAR,calendar,"Use pinned NASDAQ pandas-market-calendars schedule reconciled to Nasdaq/NYSE published calendars","QQQ and QLD are Nasdaq-listed ETFs; independent session dates prevent vendor-row calendar inference",pandas-market-calendars; Nasdaq; NYSE,"https://pandas-market-calendars.readthedocs.io/; https://nasdaqtrader.com/Trader.aspx?id=Calendar; https://www.nyse.com/trade/hours-calendars",Pause and incident on unresolved calendar disagreement,None,calendar adapter,PROPOSED_NOT_FROZEN
TIMEZONE,clock,"Use America/New_York for session-local times and UTC canonical storage","Preserves DST and prevents Japan-local session errors",IANA tz database,"https://www.iana.org/time-zones",Reject naive/ambiguous timestamp; clock incident,None,timestamp validator,PROPOSED_NOT_FROZEN
SCHEDULES,calendar,"Weekly/monthly/odd-month-bimonthly/quarterly first eligible session","Preserves frozen historical semantics with deterministic period keys",calendar adapter,"docs/PAPER_TRADING_CALENDAR_SPEC.md",Fail fixture acceptance,None,schedule helper/tests,PROPOSED_NOT_FROZEN
RAW_ARCHIVE,provenance,"Hash exact raw vendor bytes before parsing and store sanitized request metadata","Makes source values reproducible and revision-aware",storage and hash library,"docs/PAPER_TRADING_LEDGER_SCHEMA.md",Stop on hash/write error,None,raw snapshotter,PROPOSED_NOT_FROZEN
REVISION_POLICY,provenance,"Append revision/correction records; never overwrite original","Protects previously observed decisions from vendor revisions",source revision fields/storage,"docs/PAPER_TRADING_DATA_SOURCE_SPEC.md",Recover/reconstruct or PROTOCOL_INVALID,None,revision validator,PROPOSED_NOT_FROZEN
LEDGERS,accounting,"Use eight append-only ledgers with immutable IDs and foreign keys","Separates observations, decisions, orders, fills, NAV, tax, incidents, revisions",JSON schemas,"schemas/paper_trading/",Schema/hash failure stops path,None,ledger writer/validator,PROPOSED_NOT_FROZEN
TAX,accounting,"Retain frozen 20.315% average-cost immediate realized-tax semantics","Operational preparation cannot alter closed tax logic",existing frozen tax semantics,"docs/PAPER_TRADING_LEDGER_SCHEMA.md",Reconcile or incident; no semantic substitution,None,tax ledger adapter,PROPOSED_NOT_FROZEN
SECRETS,security,"Use environment/secure secret store; never commit/log credentials","Avoids secret leakage into repository or hashes",secret manager/OS environment,".gitignore and runbook",Stop and rotate if detected,refresh credentials only through store,secret loader,PROPOSED_NOT_FROZEN
RUNBOOK,operations,"Use manual executable runbook before any scheduler","Makes process reproducible by a second operator",clock/calendar/vendor/storage,"docs/PAPER_TRADING_OPERATIONAL_RUNBOOK.md",Pause and incident,None,operator checklist,PROPOSED_NOT_FROZEN
INCIDENTS,governance,"Use fixed severity/action taxonomy","Prevents post-performance severity choice",incident schema,"docs/paper_trading_incident_taxonomy.csv",Automatic action from taxonomy,None,incident writer,PROPOSED_NOT_FROZEN
DRY_RUN,acceptance,"Require one uncounted operational dry run after implementation and before freeze","Tests operations without alpha or official observations",fixtures/schema validators,"docs/PAPER_TRADING_DRY_RUN_ACCEPTANCE.md",Economic-semantic defect requires fix/re-audit/restart,None,dry-run harness,PROPOSED_NOT_FROZEN
IMPLEMENTATION_ACCEPTANCE,acceptance,"Require protocol-equivalence golden vectors before freeze","Separates implementation acceptance from prospective evidence",fixture suite,"docs/PAPER_TRADING_IMPLEMENTATION_ACCEPTANCE_SPEC.md",Fail acceptance; no start,None,acceptance test suite,PROPOSED_NOT_FROZEN
ACCEPTANCE_MANIFEST,provenance,"Create final hash manifest only at later freeze","Binds exact docs/schemas/environment after external audit",hash/canonical serializer,"docs/PAPER_TRADING_ACCEPTANCE_MANIFEST_SPEC.md",No final freeze or start,None,manifest generator,PROPOSED_NOT_FROZEN
SCHEDULER,operations,"Define calendar-driven scheduling but do not start scheduler","Avoids Japan wall-clock and premature official observation",calendar/clock,"docs/PAPER_TRADING_CALENDAR_SPEC.md",No job run if calendar/clock uncertain,None,scheduler design only,PROPOSED_NOT_FROZEN
PROSPECTIVE_BOUNDARY,governance,"No start timestamp, official row, or running horizon in preparation","Maintains unseen evidence boundary",freeze audit and manifest,"PAPER_TRADING_VALIDATION_PROTOCOL_V1_DRAFT.md",Any accidental official row invalidates boundary,None,pre-start guard,PROPOSED_NOT_FROZEN
CLOCK_SOURCE,clock,"Use a documented synchronized UTC clock (NTP or approved equivalent); never a fixed Japan-local schedule","Timestamp integrity is required for close boundaries and hash creation",host clock/NTP and drift log,"docs/PAPER_TRADING_ENVIRONMENT_SPEC.md",Drift over one second pauses affected path; uncertain clock cannot create evidence,None,clock health check,PROPOSED_NOT_FROZEN
STORAGE,storage,"Use local append-only filesystem with controlled backup only after hash verification; no silent cloud dependency","Simplest reproducible architecture for one personal research protocol",filesystem permissions and backup media,"docs/PAPER_TRADING_LEDGER_SCHEMA.md",Storage/hash failure pauses writes; no partial official batch,None,storage/hash verifier,PROPOSED_NOT_FROZEN
SECRET_MANAGEMENT,security,"Use environment variables or secure secret store and sanitized logs","Credentials must not enter repository, raw archive, or manifest",OS secret store and environment,".gitignore and runbook",Stop and rotate on leakage; no real secret requested,None,secret loader/log sanitizer,PROPOSED_NOT_FROZEN
