decision_id,issue,Research v1 status,proposed prospective rule,rationale,selection-bias risk,status
MODEL_FAMILY,Model family,Accepted Fixed MA200 was MODERATE and Phase7A incremental complexity NOT_JUSTIFIED,Use FIXED_MA200_QQQ_TO_QLD as PRIMARY PROSPECTIVE MODEL; retain Phase7A only as NON-DECISION SHADOW COMPARATOR,Preserves the simpler accepted model family and prevents historical complexity promotion,Low if frozen before observations; Phase7A could be reintroduced by hindsight,PROPOSED_NOT_FROZEN
FREQUENCY_HANDLING,Unresolved frequency,No historical frequency selected,Shadow-run weekly monthly bimonthly and quarterly; no live-frequency selection in this protocol; a later decision protocol must be audited,Preserves the unresolved design dimension and makes multiplicity visible,Selecting the best prospective or historical return would create selection bias,PROPOSED_NOT_FROZEN
START_TIMESTAMP,Prospective start boundary,No prospective start activated,Set an exact ISO-8601 timestamp only after protocol audit final freeze implementation audit and dry-run; exclude all earlier observations,Creates a genuinely unseen boundary after all controls are complete,Moving the start after seeing outcomes is prohibited,PROPOSED_NOT_FROZEN
TIMEZONE_SESSION,Timezone and session calendar,Historical U.S. sessions are fixed,Use America/New_York with one official U.S. exchange-session calendar; store the explicit offset and session date,Prevents timezone and holiday ambiguity,Changing calendar or timezone after results can change eligible observations,PROPOSED_NOT_FROZEN
DATA_SOURCE,Data source,Research v1 raw snapshots are immutable,Use an audited source with acquisition timestamp original value adjusted value revision status and observation hash; retain correction ledger,Supports reproducibility and revision traceability,Vendor revision could silently rewrite history without append-only controls,PROPOSED_NOT_FROZEN
EXECUTION_CONVENTION,Signal and execution,Research v1 uses close t then next eligible open,Preserve adjusted-close signal at close t and earliest execution at next eligible open; retain baseline as identifiable field,Prevents same-day lookahead and favorable fill substitution,Changing execution after observing performance changes the hypothesis,PROPOSED_NOT_FROZEN
SLIPPAGE_TREATMENT,Execution costs,Research v1 uses 0 commission bps and 5 bps slippage,Record 0 commission and 5 bps baseline slippage; any observable-fill diagnostic is additional and cannot replace baseline,Maintains comparability with frozen economic paths,Retuning slippage to improve results is prohibited,PROPOSED_NOT_FROZEN
VALIDATION_DURATION,Calendar duration,No prospective duration frozen,Require at least 36 calendar months before a final decision,Allows multiple MA200 regimes to be observed; threshold is a proposal,Choosing duration after results would bias the conclusion,PROPOSED_NOT_FROZEN
SCHEDULED_EVENTS,Information content,No prospective event-count gate frozen,Require at least 24 scheduled rebalance observations for each frequency shadow; quarterly therefore takes longer,Ensures each schedule has repeated opportunities to express the rule,Stopping after a favorable event subset would bias evidence,PROPOSED_NOT_FROZEN
POSITION_EPISODES,Information content,No prospective episode-count gate frozen,Require at least 8 completed actual position-change episodes,MA200 timing may trade infrequently and needs informative transitions,Counting only favorable episodes would bias the result,PROPOSED_NOT_FROZEN
ADVERSE_EPISODE,Regime coverage,Historical drawdown concern unresolved,Require at least one ex-ante defined adverse or regime-transition episode before final interpretation,Tests the known drawdown risk rather than only benign markets,Defining an episode after observing returns creates hindsight risk,PROPOSED_NOT_FROZEN
PRIMARY_BENCHMARK,Benchmark,QQQ buy-and-hold is frozen primary benchmark,Use QQQ buy-and-hold with identical start date capital calendar valuation dates and provenance,Maintains the accepted comparison,Changing benchmark after observing results is prohibited,PROPOSED_NOT_FROZEN
PRIMARY_HYPOTHESIS,Primary economic hypothesis,Research v1 found positive return evidence but no risk dominance,Predeclare a paired daily excess-return direction for Fixed MA200 versus QQQ; do not require every metric to outperform,Tests the frozen value question without pretending drawdown dominance,Adding hypotheses after results creates multiplicity and selection bias,PROPOSED_NOT_FROZEN
MULTIPLICITY_TREATMENT,Multiple prospective frequencies,Historical 20-test family is retrospective only,If four shadows remain use one prospectively frozen family/multiplicity treatment before first observation; do not reuse historical p-values automatically,Makes the prospective family explicit,Choosing an adjustment after seeing results biases inference,PROPOSED_NOT_FROZEN
SUCCESS_CRITERIA,Pass/inconclusive/fail,No prospective criteria frozen,Use separate fidelity operational execution economics drawdown and tax/turnover gates; all numerical guardrails are PROPOSED_NOT_FROZEN,Prevents a single score from hiding a material failure,Moving criteria after results is direct outcome selection,PROPOSED_NOT_FROZEN
HARD_FAILURE_CRITERIA,Invalidating failures,No prospective hard-failure list frozen,Invalidate the version for rule changes unlogged observations silent revisions unapproved reset or unreconstructable order/fill/NAV/tax history,Protects protocol integrity,Classifying an implementation failure as economic noise would bias evidence,PROPOSED_NOT_FROZEN
TAX_TREATMENT,Tax/accounting,Research v1 uses simplified 20.315% realized-tax ledger,Retain the simplified ledger average cost realized gains/losses tax-paid-to-date NAV and non-mutating terminal diagnostic,Preserves historical comparability while exposing tax drag,Changing tax treatment after results changes economics,PROPOSED_NOT_FROZEN
PROTOCOL_CHANGE,Version control,Research v1 is immutable,Any change invalidates this protocol version and requires a new labeled protocol commit tag manifest and audit; never reset the validation start,Prevents silent researcher degrees of freedom,Restarting after losses or changing thresholds is selection,PROPOSED_NOT_FROZEN
PAPER_TO_LIVE,Capital boundary,No live authorization,Paper validation cannot promote to live; SMALL_CAPITAL_LIVE_VALIDATION requires a later manual audit and separate frozen protocol,Separates evidence collection from capital deployment,Automatic promotion would bypass governance,PROPOSED_NOT_FROZEN
