incident_code,category,trigger,severity,automatic_action,operator_action_allowed,evidence_required,protocol_validity_effect,restart_required,freeze_status
MISSING_SCHEDULED_CLOSE,data,"Calendar-eligible scheduled close is absent at acquisition deadline",RECOVERABLE,WAIT_THEN_SKIP,"Retry same request; append incident; no signal",request metadata; source response hashes; calendar row,PAUSE_AFFECTED_RECORD,false,PROPOSED_NOT_FROZEN
STALE_SCHEDULED_CLOSE,data,"Expected session remains unavailable past a verified vendor-compatible publication deadline or payload is a wrong-session/duplicate prior-session close",MATERIAL,INCIDENT_AND_CONTINUE,"Retry only if deterministic; cannot forward-fill; a mere publication/acquisition delay is not stale","publication/acquisition timestamps; expected and source session keys; raw payload hash",PAUSE_AFFECTED_RECORD,false,PROPOSED_NOT_FROZEN
MISSING_NEXT_OPEN,data,"Next eligible session open is unavailable",RECOVERABLE,WAIT_THEN_SKIP,"Retry same session; no backdated fill",calendar session; source response/error hashes,PAUSE_AFFECTED_RECORD,false,PROPOSED_NOT_FROZEN
INVALID_PRICE,data,"Price is null, non-positive, non-finite, or violates OHLC constraints",MATERIAL,SKIP_WITH_INCIDENT,"Rerun validation from immutable bytes only",raw payload; parsed-field error; source request ID,RECONSTRUCT_REQUIRED,false,PROPOSED_NOT_FROZEN
DUPLICATE_RECORD,integrity,"Immutable ID or unique session/order key repeats",MATERIAL,INCIDENT_AND_RECONSTRUCT,"Stop duplicate writer; do not delete either record",duplicate IDs; record hashes; batch manifest,RECONSTRUCT_REQUIRED,true,PROPOSED_NOT_FROZEN
SOURCE_DISAGREEMENT,data,"Authoritative and reconciliation raw fields disagree outside documented adjustment exception",MATERIAL,INCIDENT_AND_RECONSTRUCT,"Preserve both; no averaging or silent replacement",both raw payloads; field-level diff; corporate-action evidence,RECONSTRUCT_REQUIRED,false,PROPOSED_NOT_FROZEN
UNRESOLVED_SOURCE_DISAGREEMENT,data,"Disagreement cannot be resolved from immutable evidence",PROTOCOL_INVALIDATING,PROTOCOL_INVALID,"Append incident and stop affected evidence boundary",both raw hashes; escalation record; auditor disposition,PROTOCOL_INVALID,true,PROPOSED_NOT_FROZEN
PARTIAL_SESSION,market,"Exchange halt or partial regular session affects required field",MATERIAL,INCIDENT_AND_CONTINUE,"Do not invent close/open; wait for calendar/source resolution",exchange alert; source timestamps; raw hashes,PAUSE_AFFECTED_RECORD,false,PROPOSED_NOT_FROZEN
EARLY_CLOSE,calendar,"Calendar marks an early close",INFO,INCIDENT_AND_CONTINUE,"Use calendar close; no manual time override",calendar version; published schedule evidence,NONE,false,PROPOSED_NOT_FROZEN
UNSCHEDULED_CLOSURE,calendar,"Calendar-eligible day is unexpectedly closed",MATERIAL,INCIDENT_AND_CONTINUE,"Pause and append exchange/calendar evidence",calendar revision; exchange notice; source errors,PAUSE_AFFECTED_RECORD,false,PROPOSED_NOT_FROZEN
VENDOR_OUTAGE,availability,"Required endpoint unavailable or rate-limited beyond retry policy",RECOVERABLE,WAIT_THEN_SKIP,"Retry within fixed budget; no source substitution",sanitized request; HTTP/error metadata; timestamps,PAUSE_AFFECTED_RECORD,false,PROPOSED_NOT_FROZEN
CORPORATE_ACTION_AMBIGUITY,corporate_action,"Split/dividend/distribution factors conflict or are incomplete",MATERIAL,INCIDENT_AND_RECONSTRUCT,"Preserve raw values; do not alter adjusted close manually",corporate-action responses; raw hashes; affected sessions,RECONSTRUCT_REQUIRED,false,PROPOSED_NOT_FROZEN
TIMESTAMP_AMBIGUITY,clock,"Required event has naive, invalid, or contradictory timezone",PROTOCOL_INVALIDATING,PROTOCOL_INVALID,"Stop affected path; no session-date inference from Japan time",all timestamp fields; clock health; source metadata,PROTOCOL_INVALID,true,PROPOSED_NOT_FROZEN
DATA_REVISION_INCIDENT,revision,"Vendor changes a value after an observation/decision",MATERIAL,INCIDENT_AND_RECONSTRUCT,"Append revision; never overwrite original",original/revised values; old/new hashes; discovery time,RECONSTRUCT_REQUIRED,false,PROPOSED_NOT_FROZEN
PROXY_UNAVAILABLE,execution_proxy,"No valid same-timestamp bid/ask or auction proxy",WARNING,INCIDENT_AND_CONTINUE,"Record NOT_OBSERVABLE_IN_PAPER_MODE; no synthetic proxy",quote/auction request; reason; entitlement status,NONE,false,PROPOSED_NOT_FROZEN
CLOCK_DRIFT,clock,"UTC clock drift exceeds one-second acceptance tolerance",MATERIAL,WAIT_THEN_SKIP,"Restore approved clock; log intervention",clock source; drift measurement; sync result,PAUSE_AFFECTED_RECORD,true,PROPOSED_NOT_FROZEN
HASH_CHAIN_BREAK,integrity,"Previous/current record or batch hash does not verify",PROTOCOL_INVALIDATING,PROTOCOL_INVALID,"Stop writes; preserve all bytes; escalate",canonical bytes; expected/actual hashes; manifest,PROTOCOL_INVALID,true,PROPOSED_NOT_FROZEN
SOURCE_CAPABILITY_UNVERIFIED,availability,"Required authoritative endpoint capability account entitlement or plan semantics are not verified",MATERIAL,WAIT_THEN_SKIP,"Hold affected boundary; obtain documented account evidence; no source substitution",sanitized endpoint metadata; plan evidence; capability test,PAUSE_AFFECTED_RECORD,true,PROPOSED_NOT_FROZEN
STALE_SEMANTICS_UNVERIFIED,data,"Vendor publication SLA is unknown so an elapsed grace cannot distinguish publication delay from stale data",MATERIAL,WAIT_THEN_SKIP,"Hold expected session; verify vendor-compatible deadline; no signal",publication/acquisition timestamps; vendor SLA evidence,PAUSE_AFFECTED_RECORD,true,PROPOSED_NOT_FROZEN
ENVIRONMENT_MISMATCH,environment,"Pinned dependency package timezone or calendar fixture does not match isolated acceptance environment",PROTOCOL_INVALIDATING,PROTOCOL_INVALID,"Stop all writes; rebuild exact isolated environment",environment manifest; package metadata; fixture output,PROTOCOL_INVALID,true,PROPOSED_NOT_FROZEN
SCHEMA_CONTRACT_FAILURE,integrity,"Record fails normative shared schema contract or canonical serialization validation",PROTOCOL_INVALIDATING,PROTOCOL_INVALID,"Stop writes; preserve invalid bytes and validator output",schema version; validator output; canonical bytes,PROTOCOL_INVALID,true,PROPOSED_NOT_FROZEN
FOREIGN_KEY_VIOLATION,integrity,"Record references a missing or overwritten immutable parent",PROTOCOL_INVALIDATING,PROTOCOL_INVALID,"Stop writes; preserve parent and child evidence; reconstruct",parent/child IDs; hashes; manifest,PROTOCOL_INVALID,true,PROPOSED_NOT_FROZEN
CALENDAR_FIXTURE_MISMATCH,calendar,"Pinned calendar output differs from predeclared holiday early-close DST or boundary fixture",MATERIAL,WAIT_THEN_SKIP,"Do not start or create an official observation; reconcile versioned calendar evidence",calendar version; fixture output; source-page hashes,PAUSE_AFFECTED_RECORD,true,PROPOSED_NOT_FROZEN
RAW_ARCHIVE_FAILURE,provenance,"Exact source bytes or sanitized request metadata cannot be atomically archived and hashed",PROTOCOL_INVALIDATING,PROTOCOL_INVALID,"Stop before signal; preserve response/error and retry deterministically",raw bytes or error; request metadata; hash output,PROTOCOL_INVALID,true,PROPOSED_NOT_FROZEN
SOURCE_SNAPSHOT_RECONSTRUCT_FAILURE,revision,"The archived raw snapshot cannot reproduce the adjusted-close window used by a decision",PROTOCOL_INVALIDATING,PROTOCOL_INVALID,"Invalidate affected evidence boundary; never substitute a later response",snapshot ID; raw hashes; reconstructed closes; auditor disposition,PROTOCOL_INVALID,true,PROPOSED_NOT_FROZEN
