threshold_id,domain,rule,numerical_value,unit,derivation_class,derivation_rationale,hard_or_evidence,prospective_status
CORE_HORIZON_MONTHS,information,Core evaluation ends after 36 calendar months,36,calendar_months,STATISTICAL_DESIGN,"A bounded horizon permits a mandatory decision without waiting for a favorable regime; it is not calibrated to any realized result.",EVIDENCE,PROPOSED_NOT_FROZEN
MAX_EXTENSION_MONTHS,information,One extension is permitted only after INCONCLUSIVE,12,calendar_months,STATISTICAL_DESIGN,"A single fixed addition can improve information while preventing repeated optional stopping.",GOVERNANCE_LIMIT,PROPOSED_NOT_FROZEN
MAX_TOTAL_HORIZON_MONTHS,information,No evaluation may extend beyond the original start plus one extension,48,calendar_months,GOVERNANCE_LIMIT,"The 36-month core plus one 12-month extension is a finite predeclared maximum.",HARD,PROPOSED_NOT_FROZEN
MIN_VALID_PAIRED_SESSIONS,statistical adequacy,Minimum paired daily sessions for directional primary evidence,500,sessions,STATISTICAL_DESIGN,"A minimum information count is required for a HAC estimate; it does not require a number of favorable trades or crossings.",EVIDENCE,PROPOSED_NOT_FROZEN
HAC_MAX_LAG,statistical method,Cap for the predeclared Newey-West lag rule,20,sessions,STATISTICAL_DESIGN,"The cap limits unstable long lags while the formula scales with the observed sample size.",MODEL_ASSUMPTION,PROPOSED_NOT_FROZEN
HAC_CI_LEVEL,statistical method,Two-sided confidence interval level,0.95,probability,STATISTICAL_DESIGN,"A conventional uncertainty display is fixed before observations and is not selected for a desired result.",EVIDENCE,PROPOSED_NOT_FROZEN
DIRECTIONAL_ALPHA,statistical method,One-sided alpha when adequacy is met,0.05,probability,STATISTICAL_DESIGN,"The directional error rate is declared before the primary weekly series exists; no p-value is calculated now.",EVIDENCE,PROPOSED_NOT_FROZEN
NEGATIVE_EXCESS_FLOOR,economic evidence,"Annualized HAC interval materially below this floor is economic FAIL",-0.02,annualized_return,STATISTICAL_DESIGN,"A two-percentage-point negative floor distinguishes harmful degradation from uncertainty around zero; it is a conservative design limit, not a historical quantile.",HARD,PROPOSED_NOT_FROZEN
P95_OBSERVED_SLIPPAGE,implementation,"p95 absolute observed slippage must not exceed",25,basis_points,IMPLEMENTATION_TOLERANCE,"A conservative operational tolerance flags material deviation from the 5-bps model assumption without changing that assumption.",HARD,PROPOSED_NOT_FROZEN
P95_TRACKING_DIFFERENCE,implementation,"p95 absolute strategy-versus-canonical tracking difference must not exceed",50,basis_points,IMPLEMENTATION_TOLERANCE,"A predeclared half-percent tail tolerance catches systematic implementation drift.",HARD,PROPOSED_NOT_FROZEN
SIGNAL_ORDER_LATENCY,implementation,"Signal-to-order latency must not exceed",5,minutes,IMPLEMENTATION_TOLERANCE,"Five minutes accommodates ordinary timestamped order creation while detecting a delayed decision boundary.",HARD,PROPOSED_NOT_FROZEN
ORDER_FILL_LATENCY,implementation,"Order-to-fill latency must not exceed",15,minutes,IMPLEMENTATION_TOLERANCE,"Fifteen minutes is an operational tolerance for the next-open paper record, not a performance target.",HARD,PROPOSED_NOT_FROZEN
STALE_CLOSE_GRACE,data quality,"A scheduled close acquired later than this is stale and incident-only",15,minutes,IMPLEMENTATION_TOLERANCE,"A fixed freshness boundary makes stale-data handling deterministic and fail-closed.",HARD,PROPOSED_NOT_FROZEN
MAX_STRATEGY_MAXDD,risk,"Strategy MaxDD below this level is a severe-risk economic failure",-0.60,decimal_drawdown,GOVERNANCE_LIMIT,"A conservative severe-loss stop is set prospectively to protect capital-risk governance; it does not claim historical dominance.",HARD,PROPOSED_NOT_FROZEN
MAX_DRAWDOWN_DETERIORATION,risk,"Strategy drawdown difference versus QQQ below this level is a hard risk failure",-0.10,percentage_points,GOVERNANCE_LIMIT,"Ten percentage points is a predeclared material-deterioration limit that keeps QQQ comparison visible.",HARD,PROPOSED_NOT_FROZEN
MAX_ANNUAL_TURNOVER,accounting,"Annual turnover using contemporaneous pretrade equity must not exceed",6.0,turnover_multiple,GOVERNANCE_LIMIT,"Six times capital is a prospective implementation-burden ceiling and is not calibrated to an observed outcome.",HARD,PROPOSED_NOT_FROZEN
NAV_RECONCILIATION_TOLERANCE,accounting,"Absolute NAV reconciliation difference must be at most",0.01,USD,ACCOUNTING_IDENTITY,"One cent is a serialization and rounding tolerance for ledger reconciliation, not an economic allowance.",HARD,PROPOSED_NOT_FROZEN
TAX_RECONCILIATION_TOLERANCE,accounting,"Absolute tax-ledger reconciliation difference must be at most",0.01,USD,ACCOUNTING_IDENTITY,"One cent catches ledger drift while allowing deterministic cent rounding.",HARD,PROPOSED_NOT_FROZEN
TAX_RATE,accounting,"Simplified immediate realized-tax rate remains",0.20315,rate,ORIGINAL_FROZEN_OBJECTIVE,"This is carried unchanged from Research v1.0 and is not a prospective tuning parameter.",MODEL_ASSUMPTION,PROPOSED_NOT_FROZEN
COMMISSION_BPS,execution,"Commission assumption remains",0,basis_points,ORIGINAL_FROZEN_OBJECTIVE,"The accepted zero-commission convention is preserved for path comparability.",MODEL_ASSUMPTION,PROPOSED_NOT_FROZEN
BASELINE_SLIPPAGE_BPS,execution,"Canonical simulated slippage assumption remains",5,basis_points,ORIGINAL_FROZEN_OBJECTIVE,"The accepted five-basis-point model input is immutable; observed slippage is reported separately.",MODEL_ASSUMPTION,PROPOSED_NOT_FROZEN
