comparison_id,comparison_label,strategy_id,strategy_frequency,benchmark_id,benchmark_frequency,tax_mode,start_date,end_date,after_tax_cagr_tax_paid_to_date_difference,terminal_liquidation_after_tax_cagr_difference,realized_tax_difference,strategy_after_tax_cagr_tax_paid_to_date,benchmark_after_tax_cagr_tax_paid_to_date,strategy_terminal_liquidation_after_tax_cagr,benchmark_terminal_liquidation_after_tax_cagr,strategy_realized_tax_paid,benchmark_realized_tax_paid,descriptive_only,terminal_liquidation_is_daily_return,inference_performed
A_FIXED_MA200_VS_QQQ,Fixed MA200 QQQ→QLD/CASH vs QQQ buy-and-hold,FIXED_MA200_QQQ_TO_QLD,weekly,QQQ_BUY_HOLD,none,after_tax_diagnostic,2013-01-02,2026-08-31,0.043806659134777715,0.057079954835411006,350266.4642793222,0.2433653866709211,0.1995587275361434,0.2386344414877867,0.1815544866523757,350266.4642793222,0.0,True,False,False
A_FIXED_MA200_VS_QQQ,Fixed MA200 QQQ→QLD/CASH vs QQQ buy-and-hold,FIXED_MA200_QQQ_TO_QLD,monthly,QQQ_BUY_HOLD,none,after_tax_diagnostic,2013-01-02,2026-08-31,0.03457691058686099,0.0507308822028503,381545.9388345738,0.2341356381230044,0.1995587275361434,0.232285368855226,0.1815544866523757,381545.9388345738,0.0,True,False,False
A_FIXED_MA200_VS_QQQ,Fixed MA200 QQQ→QLD/CASH vs QQQ buy-and-hold,FIXED_MA200_QQQ_TO_QLD,bimonthly,QQQ_BUY_HOLD,none,after_tax_diagnostic,2013-01-02,2026-08-31,0.07792662575595172,0.08894613540764748,442174.2521968832,0.2774853532920951,0.1995587275361434,0.2705006220600232,0.1815544866523757,442174.2521968832,0.0,True,False,False
A_FIXED_MA200_VS_QQQ,Fixed MA200 QQQ→QLD/CASH vs QQQ buy-and-hold,FIXED_MA200_QQQ_TO_QLD,quarterly,QQQ_BUY_HOLD,none,after_tax_diagnostic,2013-01-02,2026-08-31,-0.029678054960560807,-0.011716648106803201,203285.19216208084,0.1698806725755826,0.1995587275361434,0.1698378385455725,0.1815544866523757,203285.19216208084,0.0,True,False,False
B_PHASE7A_VS_QQQ,Phase 7A fixed four-state vs QQQ buy-and-hold,PHASE7A_FIXED_FOUR_STATE,weekly,QQQ_BUY_HOLD,none,after_tax_diagnostic,2013-01-02,2026-08-31,0.04679041742446599,0.060052360069063004,362772.1473872192,0.2463491449606094,0.1995587275361434,0.2416068467214387,0.1815544866523757,362772.1473872192,0.0,True,False,False
B_PHASE7A_VS_QQQ,Phase 7A fixed four-state vs QQQ buy-and-hold,PHASE7A_FIXED_FOUR_STATE,monthly,QQQ_BUY_HOLD,none,after_tax_diagnostic,2013-01-02,2026-08-31,0.03324907233157989,0.049405034699833594,375604.55761225655,0.2328077998677233,0.1995587275361434,0.2309595213522093,0.1815544866523757,375604.55761225655,0.0,True,False,False
B_PHASE7A_VS_QQQ,Phase 7A fixed four-state vs QQQ buy-and-hold,PHASE7A_FIXED_FOUR_STATE,bimonthly,QQQ_BUY_HOLD,none,after_tax_diagnostic,2013-01-02,2026-08-31,0.07682200251224952,0.0892445593119797,486083.3809603089,0.2763807300483929,0.1995587275361434,0.2707990459643554,0.1815544866523757,486083.3809603089,0.0,True,False,False
B_PHASE7A_VS_QQQ,Phase 7A fixed four-state vs QQQ buy-and-hold,PHASE7A_FIXED_FOUR_STATE,quarterly,QQQ_BUY_HOLD,none,after_tax_diagnostic,2013-01-02,2026-08-31,-0.03462187552906501,-0.01666028766218039,190426.9920343307,0.1649368520070784,0.1995587275361434,0.1648941989901953,0.1815544866523757,190426.9920343307,0.0,True,False,False
C_PHASE7A_INCREMENTAL_VS_FIXED,Phase 7A fixed four-state vs Fixed MA200 QQQ→QLD/CASH,PHASE7A_FIXED_FOUR_STATE,weekly,FIXED_MA200_QQQ_TO_QLD,weekly,after_tax_diagnostic,2013-01-02,2026-08-31,0.0029837582896882764,0.002972405233651998,12505.683107896999,0.2463491449606094,0.2433653866709211,0.2416068467214387,0.2386344414877867,362772.1473872192,350266.4642793222,True,False,False
C_PHASE7A_INCREMENTAL_VS_FIXED,Phase 7A fixed four-state vs Fixed MA200 QQQ→QLD/CASH,PHASE7A_FIXED_FOUR_STATE,monthly,FIXED_MA200_QQQ_TO_QLD,monthly,after_tax_diagnostic,2013-01-02,2026-08-31,-0.0013278382552810997,-0.0013258475030167027,-5941.381222317228,0.2328077998677233,0.2341356381230044,0.2309595213522093,0.232285368855226,375604.55761225655,381545.9388345738,True,False,False
C_PHASE7A_INCREMENTAL_VS_FIXED,Phase 7A fixed four-state vs Fixed MA200 QQQ→QLD/CASH,PHASE7A_FIXED_FOUR_STATE,bimonthly,FIXED_MA200_QQQ_TO_QLD,bimonthly,after_tax_diagnostic,2013-01-02,2026-08-31,-0.0011046232437021963,0.00029842390433221233,43909.12876342569,0.2763807300483929,0.2774853532920951,0.2707990459643554,0.2705006220600232,486083.3809603089,442174.2521968832,True,False,False
C_PHASE7A_INCREMENTAL_VS_FIXED,Phase 7A fixed four-state vs Fixed MA200 QQQ→QLD/CASH,PHASE7A_FIXED_FOUR_STATE,quarterly,FIXED_MA200_QQQ_TO_QLD,quarterly,after_tax_diagnostic,2013-01-02,2026-08-31,-0.004943820568504204,-0.004943639555377188,-12858.20012775014,0.1649368520070784,0.1698806725755826,0.1648941989901953,0.1698378385455725,190426.9920343307,203285.19216208084,True,False,False
D_PHASE7B_MODEL_A_VS_FIXED,Phase 7B Model A selected WF vs Fixed MA200 QQQ→QLD/CASH,PHASE7B_MODEL_A_SELECTED,weekly,FIXED_MA200_QQQ_TO_QLD,weekly,after_tax_diagnostic,2013-01-02,2026-08-31,-0.20793412897143812,-0.2032031837883037,-334741.71954067145,0.035431257699483,0.2433653866709211,0.035431257699483,0.2386344414877867,15524.744738650745,350266.4642793222,True,False,False
D_PHASE7B_MODEL_A_VS_FIXED,Phase 7B Model A selected WF vs Fixed MA200 QQQ→QLD/CASH,PHASE7B_MODEL_A_SELECTED,monthly,FIXED_MA200_QQQ_TO_QLD,monthly,after_tax_diagnostic,2013-01-02,2026-08-31,-0.2341356381230044,-0.232285368855226,-381545.9388345738,0.0,0.2341356381230044,0.0,0.232285368855226,0.0,381545.9388345738,True,False,False
D_PHASE7B_MODEL_A_VS_FIXED,Phase 7B Model A selected WF vs Fixed MA200 QQQ→QLD/CASH,PHASE7B_MODEL_A_SELECTED,bimonthly,FIXED_MA200_QQQ_TO_QLD,bimonthly,after_tax_diagnostic,2013-01-02,2026-08-31,-0.2774853532920951,-0.2705006220600232,-442174.2521968832,0.0,0.2774853532920951,0.0,0.2705006220600232,0.0,442174.2521968832,True,False,False
D_PHASE7B_MODEL_A_VS_FIXED,Phase 7B Model A selected WF vs Fixed MA200 QQQ→QLD/CASH,PHASE7B_MODEL_A_SELECTED,quarterly,FIXED_MA200_QQQ_TO_QLD,quarterly,after_tax_diagnostic,2013-01-02,2026-08-31,-0.1698806725755826,-0.1698378385455725,-203285.19216208084,0.0,0.1698806725755826,0.0,0.1698378385455725,0.0,203285.19216208084,True,False,False
E_PHASE7B_MODEL_B_VS_MODEL_A,Phase 7B Model B selected WF vs Model A selected WF,PHASE7B_MODEL_B_SELECTED,weekly,PHASE7B_MODEL_A_SELECTED,weekly,after_tax_diagnostic,2013-01-02,2026-08-31,0.019832634910575797,0.019832634910575797,12134.691430432118,0.0552638926100588,0.035431257699483,0.0552638926100588,0.035431257699483,27659.436169082863,15524.744738650745,True,False,False
E_PHASE7B_MODEL_B_VS_MODEL_A,Phase 7B Model B selected WF vs Model A selected WF,PHASE7B_MODEL_B_SELECTED,monthly,PHASE7B_MODEL_A_SELECTED,monthly,after_tax_diagnostic,2013-01-02,2026-08-31,0.0443467066481286,0.0443467066481286,20620.91011836961,0.0443467066481286,0.0,0.0443467066481286,0.0,20620.91011836961,0.0,True,False,False
E_PHASE7B_MODEL_B_VS_MODEL_A,Phase 7B Model B selected WF vs Model A selected WF,PHASE7B_MODEL_B_SELECTED,bimonthly,PHASE7B_MODEL_A_SELECTED,bimonthly,after_tax_diagnostic,2013-01-02,2026-08-31,0.0841731570480686,0.0841731570480686,51393.68631484874,0.0841731570480686,0.0,0.0841731570480686,0.0,51393.68631484874,0.0,True,False,False
E_PHASE7B_MODEL_B_VS_MODEL_A,Phase 7B Model B selected WF vs Model A selected WF,PHASE7B_MODEL_B_SELECTED,quarterly,PHASE7B_MODEL_A_SELECTED,quarterly,after_tax_diagnostic,2013-01-02,2026-08-31,0.0,0.0,0.0,0.0,0.0,0.0,0.0,0.0,0.0,True,False,False
